ISO-10303-21;
HEADER;
/* Generated by software containing ST-Developer
 * from STEP Tools, Inc. (www.steptools.com) 
 */

FILE_DESCRIPTION(
/* description */ (''),
/* implementation_level */ '2;1');

FILE_NAME(
/* name */ 'Headset V5.step',
/* time_stamp */ '2026-07-27T17:05:17-04:00',
/* author */ (''),
/* organization */ (''),
/* preprocessor_version */ 'ST-DEVELOPER v20.1',
/* originating_system */ 'Autodesk Translation Framework v15.8.0.0',
/* authorisation */ '');

FILE_SCHEMA (('AUTOMOTIVE_DESIGN { 1 0 10303 214 3 1 1 }'));
ENDSEC;

DATA;
#10=MECHANICAL_DESIGN_GEOMETRIC_PRESENTATION_REPRESENTATION('',(#33,#34,
#35,#36,#37,#38,#39),#7059);
#11=ITEM_DEFINED_TRANSFORMATION($,$,#3635,#4013);
#12=ITEM_DEFINED_TRANSFORMATION($,$,#3783,#4014);
#13=(
REPRESENTATION_RELATIONSHIP($,$,#7073,#7072)
REPRESENTATION_RELATIONSHIP_WITH_TRANSFORMATION(#11)
SHAPE_REPRESENTATION_RELATIONSHIP()
);
#14=(
REPRESENTATION_RELATIONSHIP($,$,#7074,#7072)
REPRESENTATION_RELATIONSHIP_WITH_TRANSFORMATION(#12)
SHAPE_REPRESENTATION_RELATIONSHIP()
);
#15=CONTEXT_DEPENDENT_SHAPE_REPRESENTATION(#13,#7070);
#16=CONTEXT_DEPENDENT_SHAPE_REPRESENTATION(#14,#7071);
#17=NEXT_ASSEMBLY_USAGE_OCCURRENCE('ShrewGoggles Eyepiece V4 v6:1',
'ShrewGoggles Eyepiece V4 v6:1','ShrewGoggles Eyepiece V4 v6:1',#7076,#7077,
'ShrewGoggles Eyepiece V4 v6:1');
#18=NEXT_ASSEMBLY_USAGE_OCCURRENCE(
'ShrewGoggles Eyepiece V4 v6(Mirror):1',
'ShrewGoggles Eyepiece V4 v6(Mirror):1',
'ShrewGoggles Eyepiece V4 v6(Mirror):1',#7076,#7078,
'ShrewGoggles Eyepiece V4 v6(Mirror):1');
#19=B_SPLINE_SURFACE_WITH_KNOTS('',3,3,((#6755,#6756,#6757,#6758),(#6759,
#6760,#6761,#6762),(#6763,#6764,#6765,#6766),(#6767,#6768,#6769,#6770)),
 .UNSPECIFIED.,.F.,.F.,.F.,(4,4),(4,4),(0.,1.),(0.,1.),.UNSPECIFIED.);
#20=B_SPLINE_SURFACE_WITH_KNOTS('',3,3,((#6776,#6777,#6778,#6779),(#6780,
#6781,#6782,#6783),(#6784,#6785,#6786,#6787),(#6788,#6789,#6790,#6791)),
 .UNSPECIFIED.,.F.,.F.,.F.,(4,4),(4,4),(0.,1.),(0.,1.),.UNSPECIFIED.);
#21=B_SPLINE_SURFACE_WITH_KNOTS('',3,3,((#6797,#6798,#6799,#6800),(#6801,
#6802,#6803,#6804),(#6805,#6806,#6807,#6808),(#6809,#6810,#6811,#6812)),
 .UNSPECIFIED.,.F.,.F.,.F.,(4,4),(4,4),(0.,1.),(0.,1.),.UNSPECIFIED.);
#22=B_SPLINE_SURFACE_WITH_KNOTS('',3,3,((#6817,#6818,#6819,#6820),(#6821,
#6822,#6823,#6824),(#6825,#6826,#6827,#6828),(#6829,#6830,#6831,#6832)),
 .UNSPECIFIED.,.F.,.F.,.F.,(4,4),(4,4),(0.,1.),(0.,1.),.UNSPECIFIED.);
#23=B_SPLINE_SURFACE_WITH_KNOTS('',3,3,((#6836,#6837,#6838,#6839),(#6840,
#6841,#6842,#6843),(#6844,#6845,#6846,#6847),(#6848,#6849,#6850,#6851)),
 .UNSPECIFIED.,.F.,.F.,.F.,(4,4),(4,4),(0.,1.),(0.,1.),.UNSPECIFIED.);
#24=B_SPLINE_SURFACE_WITH_KNOTS('',3,3,((#6857,#6858,#6859,#6860),(#6861,
#6862,#6863,#6864),(#6865,#6866,#6867,#6868),(#6869,#6870,#6871,#6872)),
 .UNSPECIFIED.,.F.,.F.,.F.,(4,4),(4,4),(0.,1.),(0.,1.),.UNSPECIFIED.);
#25=B_SPLINE_SURFACE_WITH_KNOTS('',3,3,((#6877,#6878,#6879,#6880),(#6881,
#6882,#6883,#6884),(#6885,#6886,#6887,#6888),(#6889,#6890,#6891,#6892)),
 .UNSPECIFIED.,.F.,.F.,.F.,(4,4),(4,4),(0.,1.),(0.,1.),.UNSPECIFIED.);
#26=B_SPLINE_SURFACE_WITH_KNOTS('',3,3,((#6896,#6897,#6898,#6899),(#6900,
#6901,#6902,#6903),(#6904,#6905,#6906,#6907),(#6908,#6909,#6910,#6911)),
 .UNSPECIFIED.,.F.,.F.,.F.,(4,4),(4,4),(0.,1.),(0.,1.),.UNSPECIFIED.);
#27=SHAPE_REPRESENTATION_RELATIONSHIP('SRR','None',#7073,#30);
#28=SHAPE_REPRESENTATION_RELATIONSHIP('SRR','None',#7074,#31);
#29=SHAPE_REPRESENTATION_RELATIONSHIP('SRR','None',#7072,#32);
#30=ADVANCED_BREP_SHAPE_REPRESENTATION('',(#40),#7057);
#31=ADVANCED_BREP_SHAPE_REPRESENTATION('',(#41,#42,#43),#7058);
#32=ADVANCED_BREP_SHAPE_REPRESENTATION('',(#44,#45,#46),#7056);
#33=STYLED_ITEM('',(#7091),#40);
#34=STYLED_ITEM('',(#7091),#41);
#35=STYLED_ITEM('',(#7091),#42);
#36=STYLED_ITEM('',(#7091),#43);
#37=STYLED_ITEM('',(#7091),#44);
#38=STYLED_ITEM('',(#7091),#45);
#39=STYLED_ITEM('',(#7091),#46);
#40=MANIFOLD_SOLID_BREP('Body1',#3604);
#41=MANIFOLD_SOLID_BREP('Body2',#3605);
#42=MANIFOLD_SOLID_BREP('Body3',#3606);
#43=MANIFOLD_SOLID_BREP('Body4',#3607);
#44=MANIFOLD_SOLID_BREP('Body1',#3608);
#45=MANIFOLD_SOLID_BREP('Body6',#3609);
#46=MANIFOLD_SOLID_BREP('Body7',#3610);
#47=FACE_BOUND('',#714,.T.);
#48=FACE_BOUND('',#726,.T.);
#49=FACE_BOUND('',#790,.T.);
#50=FACE_BOUND('',#814,.T.);
#51=FACE_BOUND('',#815,.T.);
#52=FACE_BOUND('',#849,.T.);
#53=FACE_BOUND('',#850,.T.);
#54=ELLIPSE('',#3686,13.4285205147093,11.);
#55=ELLIPSE('',#3704,13.4285205147093,11.);
#56=ELLIPSE('',#3709,13.4285205147093,11.);
#57=ELLIPSE('',#3716,13.4285205147093,11.);
#58=ELLIPSE('',#3726,17.9088658979125,17.7186930355703);
#59=ELLIPSE('',#3727,17.9088658979125,17.7186930355703);
#60=ELLIPSE('',#3729,30.4566514297383,18.7645223263922);
#61=ELLIPSE('',#3731,28.391911466616,17.4499050525499);
#62=ELLIPSE('',#3737,27.2333294277853,16.7786146565904);
#63=ELLIPSE('',#3739,25.1494694806573,15.4570732257843);
#64=ELLIPSE('',#3741,25.1494694806573,15.4570732257843);
#65=ELLIPSE('',#3743,27.2333294277853,16.7786146565904);
#66=ELLIPSE('',#3752,28.391911466616,17.4499050525499);
#67=ELLIPSE('',#3771,30.4566514297383,18.7645223263922);
#68=ELLIPSE('',#3772,13.4617590449509,12.9914077934485);
#69=ELLIPSE('',#3773,13.4617590449509,12.9914077934485);
#70=ELLIPSE('',#3816,13.428520476376,11.);
#71=ELLIPSE('',#3833,20.9633722566714,4.);
#72=ELLIPSE('',#3834,20.9633722566714,4.);
#73=ELLIPSE('',#3842,13.428520476376,11.);
#74=ELLIPSE('',#3856,13.428520476376,11.);
#75=ELLIPSE('',#3863,13.428520476376,11.);
#76=ELLIPSE('',#3865,15.9993476484751,15.9671232889977);
#77=ELLIPSE('',#3867,15.9993476484751,15.9671232889977);
#78=ELLIPSE('',#3873,28.3263125235298,17.425584300698);
#79=ELLIPSE('',#3875,30.4566514297383,18.7645223263922);
#80=ELLIPSE('',#3883,27.2333294277853,16.7786146565904);
#81=ELLIPSE('',#3885,25.089821009652,15.434581918488);
#82=ELLIPSE('',#3895,28.3263125235298,17.425584300698);
#83=ELLIPSE('',#3896,25.089821009652,15.434581918488);
#84=ELLIPSE('',#3908,27.2333294277853,16.7786146565904);
#85=ELLIPSE('',#3914,30.4566514297383,18.7645223263922);
#86=ELLIPSE('',#3915,13.4617590449509,12.9914077934485);
#87=ELLIPSE('',#3916,13.4617590449509,12.9914077934485);
#88=ELLIPSE('',#3940,282.723727175718,67.0549784456522);
#89=CYLINDRICAL_SURFACE('',#3673,6.5);
#90=CYLINDRICAL_SURFACE('',#3682,11.);
#91=CYLINDRICAL_SURFACE('',#3685,11.);
#92=CYLINDRICAL_SURFACE('',#3692,11.);
#93=CYLINDRICAL_SURFACE('',#3694,6.5);
#94=CYLINDRICAL_SURFACE('',#3697,11.);
#95=CYLINDRICAL_SURFACE('',#3699,6.1);
#96=CYLINDRICAL_SURFACE('',#3703,11.);
#97=CYLINDRICAL_SURFACE('',#3705,11.);
#98=CYLINDRICAL_SURFACE('',#3707,11.);
#99=CYLINDRICAL_SURFACE('',#3714,11.);
#100=CYLINDRICAL_SURFACE('',#3717,6.49965289263517);
#101=CYLINDRICAL_SURFACE('',#3718,6.5);
#102=CYLINDRICAL_SURFACE('',#3720,11.);
#103=CYLINDRICAL_SURFACE('',#3755,12.8);
#104=CYLINDRICAL_SURFACE('',#3760,4.75);
#105=CYLINDRICAL_SURFACE('',#3774,4.);
#106=CYLINDRICAL_SURFACE('',#3777,12.8);
#107=CYLINDRICAL_SURFACE('',#3814,11.);
#108=CYLINDRICAL_SURFACE('',#3818,5.99999986588955);
#109=CYLINDRICAL_SURFACE('',#3821,6.5);
#110=CYLINDRICAL_SURFACE('',#3824,11.);
#111=CYLINDRICAL_SURFACE('',#3827,6.99999984353781);
#112=CYLINDRICAL_SURFACE('',#3835,4.);
#113=CYLINDRICAL_SURFACE('',#3840,11.);
#114=CYLINDRICAL_SURFACE('',#3843,6.49965289263518);
#115=CYLINDRICAL_SURFACE('',#3855,11.);
#116=CYLINDRICAL_SURFACE('',#3858,11.);
#117=CYLINDRICAL_SURFACE('',#3861,11.);
#118=CYLINDRICAL_SURFACE('',#3902,4.75);
#119=CYLINDRICAL_SURFACE('',#3909,12.8);
#120=CYLINDRICAL_SURFACE('',#3918,12.8);
#121=CYLINDRICAL_SURFACE('',#3927,4.75);
#122=CYLINDRICAL_SURFACE('',#3933,4.);
#123=CYLINDRICAL_SURFACE('',#3946,4.);
#124=CYLINDRICAL_SURFACE('',#3950,4.75);
#125=CYLINDRICAL_SURFACE('',#3961,1.25);
#126=CYLINDRICAL_SURFACE('',#3963,1.25);
#127=CYLINDRICAL_SURFACE('',#3997,4.);
#128=CYLINDRICAL_SURFACE('',#4001,4.75);
#129=CYLINDRICAL_SURFACE('',#4006,4.75);
#130=CYLINDRICAL_SURFACE('',#4009,4.);
#131=(
BOUNDED_CURVE()
B_SPLINE_CURVE(2,(#5126,#5127,#5128),.UNSPECIFIED.,.F.,.F.)
B_SPLINE_CURVE_WITH_KNOTS((3,3),(0.135348422566769,0.196154641703038),
 .UNSPECIFIED.)
CURVE()
GEOMETRIC_REPRESENTATION_ITEM()
RATIONAL_B_SPLINE_CURVE((1.00078825906085,1.00057119496984,1.00000000002827))
REPRESENTATION_ITEM('')
);
#132=(
BOUNDED_CURVE()
B_SPLINE_CURVE(2,(#5140,#5141,#5142),.UNSPECIFIED.,.F.,.F.)
B_SPLINE_CURVE_WITH_KNOTS((3,3),(0.000882539124907405,0.0617014653911442),
 .UNSPECIFIED.)
CURVE()
GEOMETRIC_REPRESENTATION_ITEM()
RATIONAL_B_SPLINE_CURVE((1.00001682216331,1.00059384752939,1.00081082134317))
REPRESENTATION_ITEM('')
);
#133=(
BOUNDED_CURVE()
B_SPLINE_CURVE(2,(#5193,#5194,#5195),.UNSPECIFIED.,.F.,.F.)
B_SPLINE_CURVE_WITH_KNOTS((3,3),(3.66078749327138E-5,0.0397755869912701),
 .UNSPECIFIED.)
CURVE()
GEOMETRIC_REPRESENTATION_ITEM()
RATIONAL_B_SPLINE_CURVE((1.00000069884585,1.00037993759593,1.00060583871384))
REPRESENTATION_ITEM('')
);
#134=(
BOUNDED_CURVE()
B_SPLINE_CURVE(2,(#5240,#5241,#5242),.UNSPECIFIED.,.F.,.F.)
B_SPLINE_CURVE_WITH_KNOTS((3,3),(0.,0.0396244630418606),.UNSPECIFIED.)
CURVE()
GEOMETRIC_REPRESENTATION_ITEM()
RATIONAL_B_SPLINE_CURVE((1.,1.00037222001313,1.00059405848239))
REPRESENTATION_ITEM('')
);
#135=(
BOUNDED_CURVE()
B_SPLINE_CURVE(2,(#5245,#5246,#5247),.UNSPECIFIED.,.F.,.F.)
B_SPLINE_CURVE_WITH_KNOTS((3,3),(0.195193185246035,0.196154631412862),
 .UNSPECIFIED.)
CURVE()
GEOMETRIC_REPRESENTATION_ITEM()
RATIONAL_B_SPLINE_CURVE((1.00001797452334,1.00000903152945,1.))
REPRESENTATION_ITEM('')
);
#136=(
BOUNDED_CURVE()
B_SPLINE_CURVE(2,(#5329,#5330,#5331),.UNSPECIFIED.,.F.,.F.)
B_SPLINE_CURVE_WITH_KNOTS((3,3),(0.,0.251209696154807),.UNSPECIFIED.)
CURVE()
GEOMETRIC_REPRESENTATION_ITEM()
RATIONAL_B_SPLINE_CURVE((1.,1.03472406944845,1.03470843285006))
REPRESENTATION_ITEM('')
);
#137=(
BOUNDED_CURVE()
B_SPLINE_CURVE(2,(#5474,#5475,#5476),.UNSPECIFIED.,.F.,.F.)
B_SPLINE_CURVE_WITH_KNOTS((3,3),(0.000453189096779806,0.173244096983619),
 .UNSPECIFIED.)
CURVE()
GEOMETRIC_REPRESENTATION_ITEM()
RATIONAL_B_SPLINE_CURVE((0.999999517664248,0.999907687191185,0.999908481342405))
REPRESENTATION_ITEM('')
);
#138=(
BOUNDED_CURVE()
B_SPLINE_CURVE(2,(#5581,#5582,#5583),.UNSPECIFIED.,.F.,.F.)
B_SPLINE_CURVE_WITH_KNOTS((3,3),(0.869758668936709,0.885087348077797),
 .UNSPECIFIED.)
CURVE()
GEOMETRIC_REPRESENTATION_ITEM()
RATIONAL_B_SPLINE_CURVE((1.00639732674267,1.00613713198646,1.00586577879651))
REPRESENTATION_ITEM('')
);
#139=(
BOUNDED_CURVE()
B_SPLINE_CURVE(2,(#5585,#5586,#5587),.UNSPECIFIED.,.F.,.F.)
B_SPLINE_CURVE_WITH_KNOTS((3,3),(0.0606699509615413,0.756225034761568),
 .UNSPECIFIED.)
CURVE()
GEOMETRIC_REPRESENTATION_ITEM()
RATIONAL_B_SPLINE_CURVE((1.0028404337006,1.01775548289683,1.00132339466664))
REPRESENTATION_ITEM('')
);
#140=(
BOUNDED_CURVE()
B_SPLINE_CURVE(2,(#5588,#5589,#5590),.UNSPECIFIED.,.F.,.F.)
B_SPLINE_CURVE_WITH_KNOTS((3,3),(1.17696446322955,1.26899976243637),
 .UNSPECIFIED.)
CURVE()
GEOMETRIC_REPRESENTATION_ITEM()
RATIONAL_B_SPLINE_CURVE((1.06784152362493,1.06537537500868,1.06210869741649))
REPRESENTATION_ITEM('')
);
#141=(
BOUNDED_CURVE()
B_SPLINE_CURVE(2,(#5598,#5599,#5600),.UNSPECIFIED.,.F.,.F.)
B_SPLINE_CURVE_WITH_KNOTS((3,3),(0.518083892826286,0.610142590953132),
 .UNSPECIFIED.)
CURVE()
GEOMETRIC_REPRESENTATION_ITEM()
RATIONAL_B_SPLINE_CURVE((1.06212371371154,1.06538938089303,1.06785411199621))
REPRESENTATION_ITEM('')
);
#142=(
BOUNDED_CURVE()
B_SPLINE_CURVE(2,(#5602,#5603,#5604),.UNSPECIFIED.,.F.,.F.)
B_SPLINE_CURVE_WITH_KNOTS((3,3),(0.0270356367712956,0.722604746352067),
 .UNSPECIFIED.)
CURVE()
GEOMETRIC_REPRESENTATION_ITEM()
RATIONAL_B_SPLINE_CURVE((1.00132470151311,1.01775631088982,1.00283806162039))
REPRESENTATION_ITEM('')
);
#143=(
BOUNDED_CURVE()
B_SPLINE_CURVE(2,(#5606,#5607,#5608),.UNSPECIFIED.,.F.,.F.)
B_SPLINE_CURVE_WITH_KNOTS((3,3),(0.139773766287563,0.15508970232856),
 .UNSPECIFIED.)
CURVE()
GEOMETRIC_REPRESENTATION_ITEM()
RATIONAL_B_SPLINE_CURVE((1.00587351759366,1.00614448617157,1.00640431486058))
REPRESENTATION_ITEM('')
);
#144=(
BOUNDED_CURVE()
B_SPLINE_CURVE(2,(#5964,#5965,#5966),.UNSPECIFIED.,.F.,.F.)
B_SPLINE_CURVE_WITH_KNOTS((3,3),(0.134352996819866,0.195518269848508),
 .UNSPECIFIED.)
CURVE()
GEOMETRIC_REPRESENTATION_ITEM()
RATIONAL_B_SPLINE_CURVE((1.00080564787322,1.00058873353747,1.00000733680505))
REPRESENTATION_ITEM('')
);
#145=(
BOUNDED_CURVE()
B_SPLINE_CURVE(2,(#5972,#5973,#5974),.UNSPECIFIED.,.F.,.F.)
B_SPLINE_CURVE_WITH_KNOTS((3,3),(0.,0.060813864136637),.UNSPECIFIED.)
CURVE()
GEOMETRIC_REPRESENTATION_ITEM()
RATIONAL_B_SPLINE_CURVE((1.,1.00057182776073,1.00078952493849))
REPRESENTATION_ITEM('')
);
#146=(
BOUNDED_CURVE()
B_SPLINE_CURVE(2,(#6228,#6229,#6230),.UNSPECIFIED.,.F.,.F.)
B_SPLINE_CURVE_WITH_KNOTS((3,3),(0.0082965735803631,0.19544702701515),
 .UNSPECIFIED.)
CURVE()
GEOMETRIC_REPRESENTATION_ITEM()
RATIONAL_B_SPLINE_CURVE((1.00015118237705,1.00178075342595,1.00000044727649))
REPRESENTATION_ITEM('')
);
#147=(
BOUNDED_CURVE()
B_SPLINE_CURVE(2,(#6280,#6281,#6282),.UNSPECIFIED.,.F.,.F.)
B_SPLINE_CURVE_WITH_KNOTS((3,3),(0.,0.187871966520122),.UNSPECIFIED.)
CURVE()
GEOMETRIC_REPRESENTATION_ITEM()
RATIONAL_B_SPLINE_CURVE((1.,1.00176481144415,1.00014903896671))
REPRESENTATION_ITEM('')
);
#148=(
BOUNDED_CURVE()
B_SPLINE_CURVE(2,(#6428,#6429,#6430),.UNSPECIFIED.,.F.,.F.)
B_SPLINE_CURVE_WITH_KNOTS((3,3),(0.867670832652087,0.879972306678017),
 .UNSPECIFIED.)
CURVE()
GEOMETRIC_REPRESENTATION_ITEM()
RATIONAL_B_SPLINE_CURVE((1.00616192860361,1.00595229751701,1.00573548373554))
REPRESENTATION_ITEM('')
);
#149=(
BOUNDED_CURVE()
B_SPLINE_CURVE(2,(#6432,#6433,#6434),.UNSPECIFIED.,.F.,.F.)
B_SPLINE_CURVE_WITH_KNOTS((3,3),(0.0512751028243143,0.747947294753937),
 .UNSPECIFIED.)
CURVE()
GEOMETRIC_REPRESENTATION_ITEM()
RATIONAL_B_SPLINE_CURVE((1.00238707984747,1.01745155274466,1.00120917342737))
REPRESENTATION_ITEM('')
);
#150=(
BOUNDED_CURVE()
B_SPLINE_CURVE(2,(#6435,#6436,#6437),.UNSPECIFIED.,.F.,.F.)
B_SPLINE_CURVE_WITH_KNOTS((3,3),(1.18877814979369,1.2840617806142),
 .UNSPECIFIED.)
CURVE()
GEOMETRIC_REPRESENTATION_ITEM()
RATIONAL_B_SPLINE_CURVE((1.06990976811052,1.06737424271479,1.06398312874572))
REPRESENTATION_ITEM('')
);
#151=(
BOUNDED_CURVE()
B_SPLINE_CURVE(2,(#6440,#6441,#6442),.UNSPECIFIED.,.F.,.F.)
B_SPLINE_CURVE_WITH_KNOTS((3,3),(0.528750965186676,0.624034596007189),
 .UNSPECIFIED.)
CURVE()
GEOMETRIC_REPRESENTATION_ITEM()
RATIONAL_B_SPLINE_CURVE((1.06398312874572,1.06737424271479,1.06990976811052))
REPRESENTATION_ITEM('')
);
#152=(
BOUNDED_CURVE()
B_SPLINE_CURVE(2,(#6444,#6445,#6446),.UNSPECIFIED.,.F.,.F.)
B_SPLINE_CURVE_WITH_KNOTS((3,3),(0.0250631207967626,0.721735312726374),
 .UNSPECIFIED.)
CURVE()
GEOMETRIC_REPRESENTATION_ITEM()
RATIONAL_B_SPLINE_CURVE((1.00120917342736,1.01745155274454,1.00238707984746))
REPRESENTATION_ITEM('')
);
#153=(
BOUNDED_CURVE()
B_SPLINE_CURVE(2,(#6448,#6449,#6450),.UNSPECIFIED.,.F.,.F.)
B_SPLINE_CURVE_WITH_KNOTS((3,3),(0.137318148477982,0.149619622503912),
 .UNSPECIFIED.)
CURVE()
GEOMETRIC_REPRESENTATION_ITEM()
RATIONAL_B_SPLINE_CURVE((1.00573548373554,1.00595229751701,1.00616192860361))
REPRESENTATION_ITEM('')
);
#154=(
BOUNDED_CURVE()
B_SPLINE_CURVE(2,(#6564,#6565,#6566),.UNSPECIFIED.,.F.,.F.)
B_SPLINE_CURVE_WITH_KNOTS((3,3),(0.0313946352588539,0.0601989795227139),
 .UNSPECIFIED.)
CURVE()
GEOMETRIC_REPRESENTATION_ITEM()
RATIONAL_B_SPLINE_CURVE((1.00004121212745,1.00003958538354,1.00000028152495))
REPRESENTATION_ITEM('')
);
#155=(
BOUNDED_CURVE()
B_SPLINE_CURVE(2,(#6567,#6568,#6569),.UNSPECIFIED.,.F.,.F.)
B_SPLINE_CURVE_WITH_KNOTS((3,3),(0.137318148477982,0.149619622503912),
 .UNSPECIFIED.)
CURVE()
GEOMETRIC_REPRESENTATION_ITEM()
RATIONAL_B_SPLINE_CURVE((1.00573548373554,1.00595229751701,1.00616192860361))
REPRESENTATION_ITEM('')
);
#156=(
BOUNDED_CURVE()
B_SPLINE_CURVE(2,(#6576,#6577,#6578),.UNSPECIFIED.,.F.,.F.)
B_SPLINE_CURVE_WITH_KNOTS((3,3),(3.58538569525925E-5,0.014552493861882),
 .UNSPECIFIED.)
CURVE()
GEOMETRIC_REPRESENTATION_ITEM()
RATIONAL_B_SPLINE_CURVE((0.999999998561565,0.999999707865626,0.999999824798726))
REPRESENTATION_ITEM('')
);
#157=(
BOUNDED_CURVE()
B_SPLINE_CURVE(2,(#6607,#6608,#6609),.UNSPECIFIED.,.F.,.F.)
B_SPLINE_CURVE_WITH_KNOTS((3,3),(0.000102983135528208,0.0289073273994153),
 .UNSPECIFIED.)
CURVE()
GEOMETRIC_REPRESENTATION_ITEM()
RATIONAL_B_SPLINE_CURVE((1.00000028152503,1.00003958539488,1.00004121213926))
REPRESENTATION_ITEM('')
);
#158=(
BOUNDED_CURVE()
B_SPLINE_CURVE(2,(#6617,#6618,#6619),.UNSPECIFIED.,.F.,.F.)
B_SPLINE_CURVE_WITH_KNOTS((3,3),(0.867670832652087,0.879972306678017),
 .UNSPECIFIED.)
CURVE()
GEOMETRIC_REPRESENTATION_ITEM()
RATIONAL_B_SPLINE_CURVE((1.00616192860361,1.00595229751701,1.00573548373554))
REPRESENTATION_ITEM('')
);
#159=(
BOUNDED_CURVE()
B_SPLINE_CURVE(2,(#6724,#6725,#6726),.UNSPECIFIED.,.F.,.F.)
B_SPLINE_CURVE_WITH_KNOTS((3,3),(3.39228158518574,3.59871714529969),
 .UNSPECIFIED.)
CURVE()
GEOMETRIC_REPRESENTATION_ITEM()
RATIONAL_B_SPLINE_CURVE((1.7152144898302,1.71291567678586,1.70768844608933))
REPRESENTATION_ITEM('')
);
#160=(
BOUNDED_CURVE()
B_SPLINE_CURVE(2,(#6728,#6729,#6730),.UNSPECIFIED.,.F.,.F.)
B_SPLINE_CURVE_WITH_KNOTS((3,3),(1.76962461739391,2.37217640709481),
 .UNSPECIFIED.)
CURVE()
GEOMETRIC_REPRESENTATION_ITEM()
RATIONAL_B_SPLINE_CURVE((1.19417005527179,1.19255537518458,1.16732938598593))
REPRESENTATION_ITEM('')
);
#161=(
BOUNDED_CURVE()
B_SPLINE_CURVE(2,(#6732,#6733,#6734),.UNSPECIFIED.,.F.,.F.)
B_SPLINE_CURVE_WITH_KNOTS((3,3),(3.03901312275914,3.3030875899315),
 .UNSPECIFIED.)
CURVE()
GEOMETRIC_REPRESENTATION_ITEM()
RATIONAL_B_SPLINE_CURVE((2.10235582345269,2.1137185562071,2.11873244706849))
REPRESENTATION_ITEM('')
);
#162=(
BOUNDED_CURVE()
B_SPLINE_CURVE(2,(#6735,#6736,#6737),.UNSPECIFIED.,.F.,.F.)
B_SPLINE_CURVE_WITH_KNOTS((3,3),(1.03610116388039,1.65306861542795),
 .UNSPECIFIED.)
CURVE()
GEOMETRIC_REPRESENTATION_ITEM()
RATIONAL_B_SPLINE_CURVE((1.15972881191486,1.18712206041901,1.19050162194562))
REPRESENTATION_ITEM('')
);
#163=(
BOUNDED_CURVE()
B_SPLINE_CURVE(2,(#6741,#6742,#6743),.UNSPECIFIED.,.F.,.F.)
B_SPLINE_CURVE_WITH_KNOTS((3,3),(2.73802689273845,2.94223471619662),
 .UNSPECIFIED.)
CURVE()
GEOMETRIC_REPRESENTATION_ITEM()
RATIONAL_B_SPLINE_CURVE((1.69846206953727,1.70526134452074,1.70918963896724))
REPRESENTATION_ITEM('')
);
#164=(
BOUNDED_CURVE()
B_SPLINE_CURVE(2,(#6745,#6746,#6747),.UNSPECIFIED.,.F.,.F.)
B_SPLINE_CURVE_WITH_KNOTS((3,3),(1.78215284429289,2.38774205052463),
 .UNSPECIFIED.)
CURVE()
GEOMETRIC_REPRESENTATION_ITEM()
RATIONAL_B_SPLINE_CURVE((1.20130916098416,1.20011444611859,1.17486276629581))
REPRESENTATION_ITEM('')
);
#165=(
BOUNDED_CURVE()
B_SPLINE_CURVE(2,(#6749,#6750,#6751),.UNSPECIFIED.,.F.,.F.)
B_SPLINE_CURVE_WITH_KNOTS((3,3),(3.86217549300428,4.12159648187793),
 .UNSPECIFIED.)
CURVE()
GEOMETRIC_REPRESENTATION_ITEM()
RATIONAL_B_SPLINE_CURVE((2.10761743227009,2.09912333652794,2.08449084325173))
REPRESENTATION_ITEM('')
);
#166=(
BOUNDED_CURVE()
B_SPLINE_CURVE(2,(#6752,#6753,#6754),.UNSPECIFIED.,.F.,.F.)
B_SPLINE_CURVE_WITH_KNOTS((3,3),(1.1881665579848,1.77156084034428),
 .UNSPECIFIED.)
CURVE()
GEOMETRIC_REPRESENTATION_ITEM()
RATIONAL_B_SPLINE_CURVE((1.18640931606035,1.20825600396301,1.20661586697109))
REPRESENTATION_ITEM('')
);
#167=B_SPLINE_CURVE_WITH_KNOTS('',3,(#5013,#5014,#5015,#5016),
 .UNSPECIFIED.,.F.,.F.,(4,4),(5.56080550736593,5.64460323864333),
 .UNSPECIFIED.);
#168=B_SPLINE_CURVE_WITH_KNOTS('',3,(#5018,#5019,#5020,#5021,#5022,#5023,
#5024,#5025,#5026,#5027,#5028,#5029,#5030,#5031,#5032,#5033,#5034,#5035,
#5036,#5037,#5038,#5039,#5040,#5041,#5042,#5043,#5044,#5045,#5046,#5047,
#5048,#5049,#5050,#5051,#5052,#5053,#5054,#5055,#5056,#5057,#5058,#5059,
#5060,#5061,#5062,#5063,#5064,#5065,#5066,#5067,#5068,#5069,#5070,#5071,
#5072),.UNSPECIFIED.,.F.,.F.,(4,2,2,2,2,2,2,2,2,2,2,2,2,3,2,2,2,2,2,2,2,
2,2,2,2,2,4),(-3.5120207275954,-3.51051783615872,-3.21834337471434,-2.92616891326996,
-2.63399445182558,-2.3418199903812,-2.04923036194713,-1.75664073351307,
-1.464051105079,-1.17146147664494,-0.878596107483702,-0.585730738322468,
-0.292865369161234,0.,0.292840059364322,0.585680118728644,0.878520178092966,
1.17136023745729,1.46388876815322,1.75641729884915,2.04894582954508,2.34147436024101,
2.63358773210062,2.92570110396023,3.21781447581983,3.50992784767944,3.51123002037725),
 .UNSPECIFIED.);
#169=B_SPLINE_CURVE_WITH_KNOTS('',3,(#5074,#5075,#5076,#5077),
 .UNSPECIFIED.,.F.,.F.,(4,4),(1.71945262128101,1.8030992944323),
 .UNSPECIFIED.);
#170=B_SPLINE_CURVE_WITH_KNOTS('',3,(#5103,#5104,#5105,#5106),
 .UNSPECIFIED.,.F.,.F.,(4,4),(0.938921763198286,1.02687140117588),
 .UNSPECIFIED.);
#171=B_SPLINE_CURVE_WITH_KNOTS('',3,(#5156,#5157,#5158,#5159,#5160,#5161),
 .UNSPECIFIED.,.F.,.F.,(4,2,4),(1.01187396377093,1.0479120823446,1.12855529656646),
 .UNSPECIFIED.);
#172=B_SPLINE_CURVE_WITH_KNOTS('',3,(#5165,#5166,#5167,#5168,#5169,#5170,
#5171,#5172,#5173,#5174,#5175,#5176,#5177,#5178,#5179,#5180,#5181,#5182,
#5183,#5184,#5185,#5186,#5187,#5188,#5189,#5190,#5191),.UNSPECIFIED.,.F.,
 .F.,(4,2,2,3,2,2,2,2,2,2,2,2,4),(-0.299837506565861,-0.269641860215292,
-0.134820930107646,0.,0.136154371626711,0.272308743253423,0.408463114880134,
0.544617486506846,0.68548585903552,0.826354231564194,0.967222604092868,
1.10809097662154,1.16143364965033),.UNSPECIFIED.);
#173=B_SPLINE_CURVE_WITH_KNOTS('',3,(#5217,#5218,#5219,#5220,#5221,#5222,
#5223,#5224,#5225,#5226,#5227,#5228,#5229,#5230),.UNSPECIFIED.,.F.,.F.,
(4,2,2,2,2,2,4),(1.54398913245287,1.62722385495457,1.72928566181025,1.83134746866592,
1.93340927552159,1.99295944429692,2.04874657061657),.UNSPECIFIED.);
#174=B_SPLINE_CURVE_WITH_KNOTS('',3,(#5250,#5251,#5252,#5253,#5254,#5255),
 .UNSPECIFIED.,.F.,.F.,(4,2,4),(0.966546254544702,1.04744894897666,1.08401769185622),
 .UNSPECIFIED.);
#175=B_SPLINE_CURVE_WITH_KNOTS('',3,(#5260,#5261,#5262,#5263),
 .UNSPECIFIED.,.F.,.F.,(4,4),(0.948301307742945,1.01711388850473),
 .UNSPECIFIED.);
#176=B_SPLINE_CURVE_WITH_KNOTS('',3,(#5266,#5267,#5268,#5269,#5270,#5271),
 .UNSPECIFIED.,.F.,.F.,(4,2,4),(0.947326806533361,0.981591960673784,1.01613761012581),
 .UNSPECIFIED.);
#177=B_SPLINE_CURVE_WITH_KNOTS('',3,(#5274,#5275,#5276,#5277,#5278,#5279),
 .UNSPECIFIED.,.F.,.F.,(4,2,4),(6.43115610997106,6.60701430833963,6.71888009402635),
 .UNSPECIFIED.);
#178=B_SPLINE_CURVE_WITH_KNOTS('',3,(#5283,#5284,#5285,#5286,#5287,#5288),
 .UNSPECIFIED.,.F.,.F.,(4,2,4),(1.5505907437332,1.80457902457936,1.8828446119695),
 .UNSPECIFIED.);
#179=B_SPLINE_CURVE_WITH_KNOTS('',3,(#5289,#5290,#5291,#5292),
 .UNSPECIFIED.,.F.,.F.,(4,4),(1.54646057711684,1.5505907437332),
 .UNSPECIFIED.);
#180=B_SPLINE_CURVE_WITH_KNOTS('',3,(#5310,#5311,#5312,#5313,#5314,#5315,
#5316,#5317,#5318,#5319,#5320,#5321,#5322,#5323),.UNSPECIFIED.,.F.,.F.,
(4,2,2,2,2,2,4),(1.95866315721152,2.20336289229274,2.44816989466934,2.69303150801861,
2.93789312136787,3.18280046591772,3.20666663248698),.UNSPECIFIED.);
#181=B_SPLINE_CURVE_WITH_KNOTS('',3,(#5335,#5336,#5337,#5338),
 .UNSPECIFIED.,.F.,.F.,(4,4),(8.10385371633337,8.17121448933885),
 .UNSPECIFIED.);
#182=B_SPLINE_CURVE_WITH_KNOTS('',3,(#5348,#5349,#5350,#5351,#5352,#5353),
 .UNSPECIFIED.,.F.,.F.,(4,2,4),(7.83491881302314,7.91309583005997,8.10385371633337),
 .UNSPECIFIED.);
#183=B_SPLINE_CURVE_WITH_KNOTS('',3,(#5356,#5357,#5358,#5359,#5360,#5361),
 .UNSPECIFIED.,.F.,.F.,(4,2,4),(0.388975474481662,0.500841260168386,0.676699458536958),
 .UNSPECIFIED.);
#184=B_SPLINE_CURVE_WITH_KNOTS('',3,(#5367,#5368,#5369,#5370,#5371,#5372),
 .UNSPECIFIED.,.F.,.F.,(4,2,4),(6.90336605977211,6.91107278921189,7.13716695883952),
 .UNSPECIFIED.);
#185=B_SPLINE_CURVE_WITH_KNOTS('',3,(#5374,#5375,#5376,#5377),
 .UNSPECIFIED.,.F.,.F.,(4,4),(0.939485312596447,1.02410131271373),
 .UNSPECIFIED.);
#186=B_SPLINE_CURVE_WITH_KNOTS('',3,(#5379,#5380,#5381,#5382,#5383,#5384),
 .UNSPECIFIED.,.F.,.F.,(4,2,4),(5.42285225392664,5.50896684117469,5.52708063771388),
 .UNSPECIFIED.);
#187=B_SPLINE_CURVE_WITH_KNOTS('',3,(#5387,#5388,#5389,#5390),
 .UNSPECIFIED.,.F.,.F.,(4,4),(0.940667693650168,1.02861720765895),
 .UNSPECIFIED.);
#188=B_SPLINE_CURVE_WITH_KNOTS('',3,(#5392,#5393,#5394,#5395),
 .UNSPECIFIED.,.F.,.F.,(4,4),(1.1875572116728,1.18799731704259),
 .UNSPECIFIED.);
#189=B_SPLINE_CURVE_WITH_KNOTS('',3,(#5397,#5398,#5399,#5400,#5401,#5402),
 .UNSPECIFIED.,.F.,.F.,(4,2,4),(1.43813757154638,1.50252378050516,1.59144739038174),
 .UNSPECIFIED.);
#190=B_SPLINE_CURVE_WITH_KNOTS('',3,(#5404,#5405,#5406,#5407,#5408,#5409),
 .UNSPECIFIED.,.F.,.F.,(4,2,4),(0.816651117850494,1.00168252033677,1.43813757154638),
 .UNSPECIFIED.);
#191=B_SPLINE_CURVE_WITH_KNOTS('',3,(#5412,#5413,#5414,#5415,#5416,#5417),
 .UNSPECIFIED.,.F.,.F.,(4,2,4),(7.13716695883952,7.41208430963593,7.69252904790667),
 .UNSPECIFIED.);
#192=B_SPLINE_CURVE_WITH_KNOTS('',3,(#5427,#5428,#5429,#5430,#5431,#5432),
 .UNSPECIFIED.,.F.,.F.,(4,2,4),(5.51640817812627,5.60533178800285,5.66971799696163),
 .UNSPECIFIED.);
#193=B_SPLINE_CURVE_WITH_KNOTS('',3,(#5433,#5434,#5435,#5436),
 .UNSPECIFIED.,.F.,.F.,(4,4),(4.74250727512455,4.74264029498155),
 .UNSPECIFIED.);
#194=B_SPLINE_CURVE_WITH_KNOTS('',3,(#5440,#5441,#5442,#5443,#5444,#5445),
 .UNSPECIFIED.,.F.,.F.,(4,2,4),(1.91213529536071,1.93024909104846,2.0163933304648),
 .UNSPECIFIED.);
#195=B_SPLINE_CURVE_WITH_KNOTS('',3,(#5447,#5448,#5449,#5450),
 .UNSPECIFIED.,.F.,.F.,(4,4),(0.940475711621408,1.02509171169098),
 .UNSPECIFIED.);
#196=B_SPLINE_CURVE_WITH_KNOTS('',3,(#5452,#5453,#5454,#5455,#5456,#5457),
 .UNSPECIFIED.,.F.,.F.,(4,2,4),(2.58050822246899,2.8066020060128,2.81430894169108),
 .UNSPECIFIED.);
#197=B_SPLINE_CURVE_WITH_KNOTS('',3,(#5459,#5460,#5461,#5462,#5463,#5464),
 .UNSPECIFIED.,.F.,.F.,(4,2,4),(2.02523976810663,2.30559051529608,2.58050822246899),
 .UNSPECIFIED.);
#198=B_SPLINE_CURVE_WITH_KNOTS('',3,(#5467,#5468,#5469,#5470,#5471,#5472),
 .UNSPECIFIED.,.F.,.F.,(4,2,4),(5.66971799696163,6.10617304817124,6.29120445065752),
 .UNSPECIFIED.);
#199=B_SPLINE_CURVE_WITH_KNOTS('',3,(#5482,#5483,#5484,#5485,#5486,#5487),
 .UNSPECIFIED.,.F.,.F.,(4,2,4),(0.947046311221762,0.981591960673784,1.01585711481421),
 .UNSPECIFIED.);
#200=B_SPLINE_CURVE_WITH_KNOTS('',3,(#5490,#5491,#5492,#5493),
 .UNSPECIFIED.,.F.,.F.,(4,4),(0.945720931431018,1.0145335121928),
 .UNSPECIFIED.);
#201=B_SPLINE_CURVE_WITH_KNOTS('',3,(#5527,#5528,#5529,#5530,#5531,#5532,
#5533,#5534,#5535,#5536,#5537,#5538,#5539,#5540,#5541,#5542,#5543,#5544),
 .UNSPECIFIED.,.F.,.F.,(4,2,2,2,2,2,2,2,4),(0.530829837669582,0.542553604975945,
0.6484556936081,0.734843896461811,0.821232099315522,0.907622474364466,0.99401284941341,
1.09992582601461,1.11159810567338),.UNSPECIFIED.);
#202=B_SPLINE_CURVE_WITH_KNOTS('',3,(#5548,#5549,#5550,#5551,#5552,#5553,
#5554,#5555,#5556,#5557,#5558,#5559,#5560,#5561,#5562,#5563,#5564,#5565),
 .UNSPECIFIED.,.F.,.F.,(4,2,2,2,2,2,2,2,4),(0.576638078916002,0.672669665448743,
0.80500394509593,0.910722606815528,1.01644126853513,1.12215701012011,1.22787275170509,
1.36019304323575,1.45628386998058),.UNSPECIFIED.);
#203=B_SPLINE_CURVE_WITH_KNOTS('',3,(#5569,#5570,#5571,#5572),
 .UNSPECIFIED.,.F.,.F.,(4,4),(12.1781759769669,12.3721836752723),
 .UNSPECIFIED.);
#204=B_SPLINE_CURVE_WITH_KNOTS('',3,(#5574,#5575,#5576,#5577,#5578,#5579),
 .UNSPECIFIED.,.F.,.F.,(4,2,4),(4.9735726843936,5.37238995567088,5.83756750103693),
 .UNSPECIFIED.);
#205=B_SPLINE_CURVE_WITH_KNOTS('',3,(#5593,#5594,#5595,#5596),
 .UNSPECIFIED.,.F.,.F.,(4,4),(5.63064161099729,5.82460927615606),
 .UNSPECIFIED.);
#206=B_SPLINE_CURVE_WITH_KNOTS('',3,(#5609,#5610,#5611,#5612,#5613,#5614),
 .UNSPECIFIED.,.F.,.F.,(4,2,4),(12.566202123598,13.0303306872332,13.4301320472114),
 .UNSPECIFIED.);
#207=B_SPLINE_CURVE_WITH_KNOTS('',3,(#5617,#5618,#5619,#5620),
 .UNSPECIFIED.,.F.,.F.,(4,4),(1.78109200588116,1.93804266897396),
 .UNSPECIFIED.);
#208=B_SPLINE_CURVE_WITH_KNOTS('',3,(#5622,#5623,#5624,#5625),
 .UNSPECIFIED.,.F.,.F.,(4,4),(5.03406226213604,5.19100780991802),
 .UNSPECIFIED.);
#209=B_SPLINE_CURVE_WITH_KNOTS('',3,(#5628,#5629,#5630,#5631,#5632,#5633,
#5634,#5635,#5636,#5637,#5638,#5639),.UNSPECIFIED.,.F.,.F.,(4,2,2,2,2,4),
(0.,0.125534031714463,0.251068063428927,0.368974778140204,0.486881492851482,
0.486916533916206),.UNSPECIFIED.);
#210=B_SPLINE_CURVE_WITH_KNOTS('',3,(#5640,#5641,#5642,#5643,#5644,#5645,
#5646,#5647,#5648,#5649,#5650,#5651,#5652,#5653,#5654,#5655,#5656,#5657,
#5658,#5659,#5660,#5661,#5662,#5663,#5664,#5665,#5666,#5667,#5668,#5669,
#5670,#5671,#5672,#5673),.UNSPECIFIED.,.F.,.F.,(4,2,2,2,2,2,2,2,2,2,2,2,
2,2,2,2,4),(0.486916533916206,0.604789453232216,0.722697413612951,0.848222062547173,
0.973746711481395,1.19636294735772,1.41897918323404,1.5274616374521,1.63594409167015,
1.72356439754075,1.81118470341136,1.89880249992346,1.98642029643557,2.09489045485459,
2.2033606132736,2.42597003016801,2.64857944706241),.UNSPECIFIED.);
#211=B_SPLINE_CURVE_WITH_KNOTS('',3,(#5677,#5678,#5679,#5680),
 .UNSPECIFIED.,.F.,.F.,(4,4),(5.75770777855548,5.91502396955608),
 .UNSPECIFIED.);
#212=B_SPLINE_CURVE_WITH_KNOTS('',3,(#5699,#5700,#5701,#5702,#5703,#5704),
 .UNSPECIFIED.,.F.,.F.,(4,2,4),(2.87413140170977,2.88224766793055,2.95366691029542),
 .UNSPECIFIED.);
#213=B_SPLINE_CURVE_WITH_KNOTS('',3,(#5706,#5707,#5708,#5709,#5710,#5711,
#5712,#5713,#5714,#5715,#5716,#5717,#5718,#5719,#5720,#5721,#5722,#5723,
#5724,#5725,#5726,#5727),.UNSPECIFIED.,.F.,.F.,(4,2,2,2,2,2,2,2,2,2,4),
(1.39828674536549,1.66019773052823,1.7924746860906,1.92475164165296,2.0304803575953,
2.13620907353763,2.24193778947996,2.3476665054223,2.47994346098466,2.61222041654702,
2.87413140170977),.UNSPECIFIED.);
#214=B_SPLINE_CURVE_WITH_KNOTS('',3,(#5729,#5730,#5731,#5732,#5733,#5734),
 .UNSPECIFIED.,.F.,.F.,(4,2,4),(1.31875123677984,1.39017047914471,1.39828674536549),
 .UNSPECIFIED.);
#215=B_SPLINE_CURVE_WITH_KNOTS('',3,(#5754,#5755,#5756,#5757),
 .UNSPECIFIED.,.F.,.F.,(4,4),(2.23773131855995,2.39504750956054),
 .UNSPECIFIED.);
#216=B_SPLINE_CURVE_WITH_KNOTS('',3,(#5763,#5764,#5765,#5766,#5767,#5768,
#5769,#5770,#5771,#5772,#5773,#5774,#5775),.UNSPECIFIED.,.F.,.F.,(4,3,2,
2,2,4),(-0.139837658476645,0.,0.129866705222892,0.259733410445784,0.379952081570198,
0.500170752694613),.UNSPECIFIED.);
#217=B_SPLINE_CURVE_WITH_KNOTS('',3,(#5776,#5777,#5778,#5779,#5780,#5781,
#5782,#5783,#5784,#5785,#5786,#5787),.UNSPECIFIED.,.F.,.F.,(4,2,2,2,2,4),
(0.500170752694613,0.620389423819027,0.740608094943441,0.870474800166333,
1.00034150538923,1.14017916386587),.UNSPECIFIED.);
#218=B_SPLINE_CURVE_WITH_KNOTS('',3,(#5822,#5823,#5824,#5825),
 .UNSPECIFIED.,.F.,.F.,(4,4),(5.55941698132583,5.64366858823915),
 .UNSPECIFIED.);
#219=B_SPLINE_CURVE_WITH_KNOTS('',3,(#5827,#5828,#5829,#5830,#5831,#5832,
#5833,#5834,#5835,#5836,#5837,#5838,#5839,#5840,#5841,#5842,#5843,#5844,
#5845,#5846,#5847,#5848,#5849,#5850,#5851,#5852,#5853,#5854,#5855,#5856,
#5857,#5858,#5859,#5860,#5861,#5862,#5863,#5864,#5865,#5866,#5867,#5868,
#5869,#5870,#5871,#5872,#5873,#5874,#5875,#5876,#5877,#5878,#5879,#5880,
#5881),.UNSPECIFIED.,.F.,.F.,(4,2,2,2,2,2,2,2,2,2,2,2,2,3,2,2,2,2,2,2,2,
2,2,2,2,2,4),(-3.50785620888116,-3.50643830984908,-3.2143901716425,-2.92234203343592,
-2.63029389522934,-2.33824575702275,-2.0460257937093,-1.75380583039584,
-1.46158586708239,-1.16936590376893,-0.877024427826701,-0.584682951884467,
-0.292341475942234,0.,0.292341475942233,0.584682951884466,0.877024427826699,
1.16936590376893,1.46158586708239,1.75380583039584,2.0460257937093,2.33824575702275,
2.63029389522934,2.92234203343592,3.2143901716425,3.50643830984908,3.50785620888116),
 .UNSPECIFIED.);
#220=B_SPLINE_CURVE_WITH_KNOTS('',3,(#5882,#5883,#5884,#5885),
 .UNSPECIFIED.,.F.,.F.,(4,4),(1.71941032162905,1.80366192854237),
 .UNSPECIFIED.);
#221=B_SPLINE_CURVE_WITH_KNOTS('',3,(#5909,#5910,#5911,#5912),
 .UNSPECIFIED.,.F.,.F.,(4,4),(0.938938947391875,1.02660915272093),
 .UNSPECIFIED.);
#222=B_SPLINE_CURVE_WITH_KNOTS('',3,(#5915,#5916,#5917,#5918),
 .UNSPECIFIED.,.F.,.F.,(4,4),(0.939662383375306,1.02733258870436),
 .UNSPECIFIED.);
#223=B_SPLINE_CURVE_WITH_KNOTS('',3,(#5980,#5981,#5982,#5983,#5984,#5985),
 .UNSPECIFIED.,.F.,.F.,(4,2,4),(0.967568958195053,1.04774316917893,1.08367435763122),
 .UNSPECIFIED.);
#224=B_SPLINE_CURVE_WITH_KNOTS('',3,(#5989,#5990,#5991,#5992,#5993,#5994),
 .UNSPECIFIED.,.F.,.F.,(4,2,4),(6.4311561347453,6.60701433672467,6.71888011806433),
 .UNSPECIFIED.);
#225=B_SPLINE_CURVE_WITH_KNOTS('',3,(#5998,#5999,#6000,#6001,#6002,#6003),
 .UNSPECIFIED.,.F.,.F.,(4,2,4),(1.6131943599105,1.80501512962926,1.88245293877138),
 .UNSPECIFIED.);
#226=B_SPLINE_CURVE_WITH_KNOTS('',3,(#6023,#6024,#6025,#6026,#6027,#6028),
 .UNSPECIFIED.,.F.,.F.,(4,2,4),(0.947046309739059,0.981591959251752,1.01585711303551),
 .UNSPECIFIED.);
#227=B_SPLINE_CURVE_WITH_KNOTS('',3,(#6031,#6032,#6033,#6034),
 .UNSPECIFIED.,.F.,.F.,(4,4),(0.945720934935024,1.01453351510428),
 .UNSPECIFIED.);
#228=B_SPLINE_CURVE_WITH_KNOTS('',3,(#6038,#6039,#6040,#6041),
 .UNSPECIFIED.,.F.,.F.,(4,4),(0.488944976867532,0.641145874016134),
 .UNSPECIFIED.);
#229=B_SPLINE_CURVE_WITH_KNOTS('',3,(#6044,#6045,#6046,#6047),
 .UNSPECIFIED.,.F.,.F.,(4,4),(0.641145874016134,0.793346771164736),
 .UNSPECIFIED.);
#230=B_SPLINE_CURVE_WITH_KNOTS('',3,(#6060,#6061,#6062,#6063),
 .UNSPECIFIED.,.F.,.F.,(4,4),(12.2058605142576,12.4013662685892),
 .UNSPECIFIED.);
#231=B_SPLINE_CURVE_WITH_KNOTS('',3,(#6073,#6074,#6075,#6076,#6077,#6078,
#6079,#6080,#6081,#6082,#6083,#6084,#6085),.UNSPECIFIED.,.F.,.F.,(4,3,2,
2,2,4),(-0.139837658476645,0.,0.129866705222892,0.259733410445784,0.379952081570198,
0.500170752694613),.UNSPECIFIED.);
#232=B_SPLINE_CURVE_WITH_KNOTS('',3,(#6088,#6089,#6090,#6091,#6092,#6093,
#6094,#6095),.UNSPECIFIED.,.F.,.F.,(4,2,2,4),(2.30579237718126,2.39731907155898,
2.52279237638356,2.64826568120813),.UNSPECIFIED.);
#233=B_SPLINE_CURVE_WITH_KNOTS('',3,(#6096,#6097,#6098,#6099,#6100,#6101,
#6102,#6103,#6104,#6105,#6106,#6107,#6108,#6109,#6110,#6111,#6112,#6113,
#6114,#6115,#6116,#6117,#6118,#6119,#6120,#6121,#6122,#6123,#6124,#6125,
#6126,#6127),.UNSPECIFIED.,.F.,.F.,(4,2,2,2,2,2,2,2,2,2,2,2,2,2,2,4),(0.,
0.222594883058124,0.445189766116247,0.553664957365452,0.662140148614657,
0.749770966995646,0.837401785376634,0.925032603757623,1.01266342213861,
1.12113861338782,1.22961380463702,1.45220868769514,1.67480357075327,1.80027687557785,
1.92575018040242,2.01727687478014),.UNSPECIFIED.);
#234=B_SPLINE_CURVE_WITH_KNOTS('',3,(#6129,#6130,#6131,#6132,#6133,#6134,
#6135,#6136,#6137,#6138,#6139,#6140),.UNSPECIFIED.,.F.,.F.,(4,2,2,2,2,4),
(0.500170752694613,0.620389423819027,0.740608094943441,0.870474800166333,
1.00034150538923,1.14017916386587),.UNSPECIFIED.);
#235=B_SPLINE_CURVE_WITH_KNOTS('',3,(#6150,#6151,#6152,#6153),
 .UNSPECIFIED.,.F.,.F.,(4,4),(5.62677817629607,5.82228393062768),
 .UNSPECIFIED.);
#236=B_SPLINE_CURVE_WITH_KNOTS('',3,(#6154,#6155,#6156,#6157,#6158,#6159,
#6160,#6161,#6162,#6163,#6164,#6165,#6166,#6167,#6168,#6169,#6170,#6171),
 .UNSPECIFIED.,.F.,.F.,(4,2,2,2,2,2,2,2,4),(1.53322433886051,1.54292474615877,
1.64882877649949,1.73522827179343,1.82162776708738,1.90802726238132,1.99442675767526,
2.10033078801598,2.11003119531424),.UNSPECIFIED.);
#237=B_SPLINE_CURVE_WITH_KNOTS('',3,(#6175,#6176,#6177,#6178,#6179,#6180),
 .UNSPECIFIED.,.F.,.F.,(4,2,4),(5.51640820309615,5.60533181149464,5.66971802529823),
 .UNSPECIFIED.);
#238=B_SPLINE_CURVE_WITH_KNOTS('',3,(#6181,#6182,#6183,#6184),
 .UNSPECIFIED.,.F.,.F.,(4,4),(4.74233093268605,4.74264029816688),
 .UNSPECIFIED.);
#239=B_SPLINE_CURVE_WITH_KNOTS('',3,(#6188,#6189,#6190,#6191,#6192,#6193),
 .UNSPECIFIED.,.F.,.F.,(4,2,4),(1.91152384676383,1.92858968726718,1.94185215961851),
 .UNSPECIFIED.);
#240=B_SPLINE_CURVE_WITH_KNOTS('',3,(#6195,#6196,#6197,#6198),
 .UNSPECIFIED.,.F.,.F.,(4,4),(0.939549813520093,1.02416584326196),
 .UNSPECIFIED.);
#241=B_SPLINE_CURVE_WITH_KNOTS('',3,(#6200,#6201,#6202,#6203,#6204,#6205),
 .UNSPECIFIED.,.F.,.F.,(4,2,4),(2.58018499743964,2.80662392629146,2.81465455763086),
 .UNSPECIFIED.);
#242=B_SPLINE_CURVE_WITH_KNOTS('',3,(#6207,#6208,#6209,#6210,#6211,#6212),
 .UNSPECIFIED.,.F.,.F.,(4,2,4),(2.02487256013994,2.30581952796036,2.58018499743964),
 .UNSPECIFIED.);
#243=B_SPLINE_CURVE_WITH_KNOTS('',3,(#6215,#6216,#6217,#6218,#6219,#6220),
 .UNSPECIFIED.,.F.,.F.,(4,2,4),(5.66971802529823,6.10617307410966,6.29120447550359),
 .UNSPECIFIED.);
#244=B_SPLINE_CURVE_WITH_KNOTS('',3,(#6232,#6233,#6234,#6235,#6236,#6237,
#6238,#6239,#6240,#6241,#6242,#6243,#6244,#6245,#6246,#6247,#6248,#6249,
#6250),.UNSPECIFIED.,.F.,.F.,(4,2,2,2,2,3,2,2,4),(-0.664327027026016,-0.562939161339083,
-0.422204371004312,-0.281469580669541,-0.14073479033477,0.,0.140734790334772,
0.281469580669544,0.369656560485257),.UNSPECIFIED.);
#245=B_SPLINE_CURVE_WITH_KNOTS('',3,(#6252,#6253,#6254,#6255,#6256,#6257),
 .UNSPECIFIED.,.F.,.F.,(4,2,4),(0.317027320189496,0.56505720995811,0.666099149020999),
 .UNSPECIFIED.);
#246=B_SPLINE_CURVE_WITH_KNOTS('',3,(#6261,#6262,#6263,#6264,#6265,#6266),
 .UNSPECIFIED.,.F.,.F.,(4,2,4),(-0.666099149021,-0.56505720995811,-0.317027320189496),
 .UNSPECIFIED.);
#247=B_SPLINE_CURVE_WITH_KNOTS('',3,(#6272,#6273,#6274,#6275,#6276,#6277),
 .UNSPECIFIED.,.F.,.F.,(4,2,4),(1.01088020488726,1.04744894719688,1.12835164131373),
 .UNSPECIFIED.);
#248=B_SPLINE_CURVE_WITH_KNOTS('',3,(#6288,#6289,#6290,#6291,#6292,#6293),
 .UNSPECIFIED.,.F.,.F.,(4,2,4),(7.83393523831688,7.91137304745899,8.10319381717776),
 .UNSPECIFIED.);
#249=B_SPLINE_CURVE_WITH_KNOTS('',3,(#6296,#6297,#6298,#6299,#6300,#6301),
 .UNSPECIFIED.,.F.,.F.,(4,2,4),(0.388975481275363,0.500841262615017,0.676699464594394),
 .UNSPECIFIED.);
#250=B_SPLINE_CURVE_WITH_KNOTS('',3,(#6306,#6307,#6308,#6309,#6310,#6311),
 .UNSPECIFIED.,.F.,.F.,(4,2,4),(0.947326805467993,0.981591959251752,1.01613760876444),
 .UNSPECIFIED.);
#251=B_SPLINE_CURVE_WITH_KNOTS('',3,(#6315,#6316,#6317,#6318),
 .UNSPECIFIED.,.F.,.F.,(4,4),(0.948301302435213,1.01711388260447),
 .UNSPECIFIED.);
#252=B_SPLINE_CURVE_WITH_KNOTS('',3,(#6323,#6324,#6325,#6326,#6327,#6328),
 .UNSPECIFIED.,.F.,.F.,(4,2,4),(6.9017336194574,6.9097642507968,7.13620317964861),
 .UNSPECIFIED.);
#253=B_SPLINE_CURVE_WITH_KNOTS('',3,(#6330,#6331,#6332,#6333),
 .UNSPECIFIED.,.F.,.F.,(4,4),(0.93897076190761,1.02358679164947),
 .UNSPECIFIED.);
#254=B_SPLINE_CURVE_WITH_KNOTS('',3,(#6335,#6336,#6337,#6338,#6339,#6340),
 .UNSPECIFIED.,.F.,.F.,(4,2,4),(5.4953700759233,5.50863254827464,5.52569838877799),
 .UNSPECIFIED.);
#255=B_SPLINE_CURVE_WITH_KNOTS('',3,(#6343,#6344,#6345,#6346),
 .UNSPECIFIED.,.F.,.F.,(4,4),(1.18755720484285,1.18786657032368),
 .UNSPECIFIED.);
#256=B_SPLINE_CURVE_WITH_KNOTS('',3,(#6348,#6349,#6350,#6351,#6352,#6353),
 .UNSPECIFIED.,.F.,.F.,(4,2,4),(1.43813757404146,1.50252378784505,1.59144739624354),
 .UNSPECIFIED.);
#257=B_SPLINE_CURVE_WITH_KNOTS('',3,(#6355,#6356,#6357,#6358,#6359,#6360),
 .UNSPECIFIED.,.F.,.F.,(4,2,4),(0.816651123836098,1.00168252523003,1.43813757404146),
 .UNSPECIFIED.);
#258=B_SPLINE_CURVE_WITH_KNOTS('',3,(#6363,#6364,#6365,#6366,#6367,#6368),
 .UNSPECIFIED.,.F.,.F.,(4,2,4),(7.13620317964861,7.4105686491279,7.69151561694831),
 .UNSPECIFIED.);
#259=B_SPLINE_CURVE_WITH_KNOTS('',3,(#6402,#6403,#6404,#6405,#6406,#6407,
#6408,#6409,#6410,#6411,#6412,#6413,#6414,#6415,#6416,#6417,#6418,#6419),
 .UNSPECIFIED.,.F.,.F.,(4,2,2,2,2,2,2,2,4),(1.69857325047904,1.79277528582002,
1.92510091846142,2.03083247451409,2.13656403056675,2.24229558661942,2.34802714267209,
2.48035277531348,2.57455481065446),.UNSPECIFIED.);
#260=B_SPLINE_CURVE_WITH_KNOTS('',3,(#6423,#6424,#6425,#6426),
 .UNSPECIFIED.,.F.,.F.,(4,4),(4.96677361031721,5.83802415911703),
 .UNSPECIFIED.);
#261=B_SPLINE_CURVE_WITH_KNOTS('',3,(#6451,#6452,#6453,#6454),
 .UNSPECIFIED.,.F.,.F.,(4,4),(12.5928869141809,13.4641374629807),
 .UNSPECIFIED.);
#262=B_SPLINE_CURVE_WITH_KNOTS('',3,(#6457,#6458,#6459,#6460),
 .UNSPECIFIED.,.F.,.F.,(4,4),(1.78087339155196,1.93788792102766),
 .UNSPECIFIED.);
#263=B_SPLINE_CURVE_WITH_KNOTS('',3,(#6464,#6465,#6466,#6467),
 .UNSPECIFIED.,.F.,.F.,(4,4),(5.03157379513029,5.18858832460599),
 .UNSPECIFIED.);
#264=B_SPLINE_CURVE_WITH_KNOTS('',3,(#6484,#6485,#6486,#6487,#6488,#6489),
 .UNSPECIFIED.,.F.,.F.,(4,2,4),(1.31875123677984,1.39017047914471,1.39828674536549),
 .UNSPECIFIED.);
#265=B_SPLINE_CURVE_WITH_KNOTS('',3,(#6491,#6492,#6493,#6494,#6495,#6496,
#6497,#6498,#6499,#6500,#6501,#6502,#6503,#6504,#6505,#6506,#6507,#6508,
#6509,#6510,#6511,#6512),.UNSPECIFIED.,.F.,.F.,(4,2,2,2,2,2,2,2,2,2,4),
(1.39828674536549,1.66019773052823,1.7924746860906,1.92475164165296,2.0304803575953,
2.13620907353763,2.24193778947996,2.3476665054223,2.47994346098466,2.61222041654702,
2.87413140170977),.UNSPECIFIED.);
#266=B_SPLINE_CURVE_WITH_KNOTS('',3,(#6514,#6515,#6516,#6517,#6518,#6519),
 .UNSPECIFIED.,.F.,.F.,(4,2,4),(2.87413140170977,2.88224766793055,2.95366691029542),
 .UNSPECIFIED.);
#267=B_SPLINE_CURVE_WITH_KNOTS('',3,(#6533,#6534,#6535,#6536),
 .UNSPECIFIED.,.F.,.F.,(4,4),(2.23773131855995,2.39504750956054),
 .UNSPECIFIED.);
#268=B_SPLINE_CURVE_WITH_KNOTS('',3,(#6541,#6542,#6543,#6544),
 .UNSPECIFIED.,.F.,.F.,(4,4),(5.75770777855548,5.91502396955608),
 .UNSPECIFIED.);
#269=B_SPLINE_CURVE_WITH_KNOTS('',3,(#6557,#6558,#6559,#6560),
 .UNSPECIFIED.,.F.,.F.,(4,4),(4.94015101537282,4.96506171992737),
 .UNSPECIFIED.);
#270=B_SPLINE_CURVE_WITH_KNOTS('',3,(#6572,#6573,#6574,#6575),
 .UNSPECIFIED.,.F.,.F.,(4,4),(2.13642342825291,2.14803297960098),
 .UNSPECIFIED.);
#271=B_SPLINE_CURVE_WITH_KNOTS('',3,(#6613,#6614,#6615,#6616),
 .UNSPECIFIED.,.F.,.F.,(4,4),(13.4624255725909,13.4873362771454),
 .UNSPECIFIED.);
#272=B_SPLINE_CURVE_WITH_KNOTS('',3,(#6623,#6624,#6625,#6626),
 .UNSPECIFIED.,.F.,.F.,(4,4),(1.17611340971206,1.18772296106013),
 .UNSPECIFIED.);
#273=CIRCLE('',#3638,16.0079054659343);
#274=CIRCLE('',#3639,16.0079054659343);
#275=CIRCLE('',#3640,16.7541281066696);
#276=CIRCLE('',#3642,15.9949172327212);
#277=CIRCLE('',#3643,16.0032482858017);
#278=CIRCLE('',#3644,16.0032792980222);
#279=CIRCLE('',#3647,16.7449086705333);
#280=CIRCLE('',#3650,16.0032482858017);
#281=CIRCLE('',#3651,16.0032792980222);
#282=CIRCLE('',#3653,6.5);
#283=CIRCLE('',#3654,11.);
#284=CIRCLE('',#3657,6.5);
#285=CIRCLE('',#3658,11.);
#286=CIRCLE('',#3659,7.09999984130263);
#287=CIRCLE('',#3663,7.50006868925617);
#288=CIRCLE('',#3664,7.09840250129704);
#289=CIRCLE('',#3666,6.1);
#290=CIRCLE('',#3667,11.);
#291=CIRCLE('',#3668,11.);
#292=CIRCLE('',#3669,7.50000011175871);
#293=CIRCLE('',#3670,6.5);
#294=CIRCLE('',#3671,11.);
#295=CIRCLE('',#3672,11.);
#296=CIRCLE('',#3674,6.50000156759176);
#297=CIRCLE('',#3676,6.50000156759176);
#298=CIRCLE('',#3677,6.49965289263516);
#299=CIRCLE('',#3679,7.09999984130263);
#300=CIRCLE('',#3680,7.49880761348308);
#301=CIRCLE('',#3681,7.50000011175871);
#302=CIRCLE('',#3683,11.);
#303=CIRCLE('',#3684,11.);
#304=CIRCLE('',#3688,6.5);
#305=CIRCLE('',#3689,7.09999984130263);
#306=CIRCLE('',#3690,11.);
#307=CIRCLE('',#3691,6.1);
#308=CIRCLE('',#3693,11.);
#309=CIRCLE('',#3695,6.5);
#310=CIRCLE('',#3698,11.);
#311=CIRCLE('',#3700,6.1);
#312=CIRCLE('',#3702,6.94563555949593);
#313=CIRCLE('',#3706,11.0000026528164);
#314=CIRCLE('',#3708,11.);
#315=CIRCLE('',#3711,6.49965289263516);
#316=CIRCLE('',#3713,6.49965289263516);
#317=CIRCLE('',#3715,11.);
#318=CIRCLE('',#3721,11.);
#319=CIRCLE('',#3723,15.0034738233839);
#320=CIRCLE('',#3724,15.0079210934339);
#321=CIRCLE('',#3730,12.8);
#322=CIRCLE('',#3733,16.0032482858017);
#323=CIRCLE('',#3738,12.8);
#324=CIRCLE('',#3742,12.8);
#325=CIRCLE('',#3745,5.99999986588955);
#326=CIRCLE('',#3747,13.2792481517494);
#327=CIRCLE('',#3748,13.2792481517494);
#328=CIRCLE('',#3754,15.500000230968);
#329=CIRCLE('',#3758,4.75);
#330=CIRCLE('',#3759,4.);
#331=CIRCLE('',#3761,4.75);
#332=CIRCLE('',#3763,4.);
#333=CIRCLE('',#3765,4.);
#334=CIRCLE('',#3768,4.);
#335=CIRCLE('',#3776,12.8);
#336=CIRCLE('',#3779,6.99999984353781);
#337=CIRCLE('',#3786,16.0079054659343);
#338=CIRCLE('',#3787,16.7541281066696);
#339=CIRCLE('',#3788,16.0079054659343);
#340=CIRCLE('',#3790,16.7449086705333);
#341=CIRCLE('',#3792,16.0032792980222);
#342=CIRCLE('',#3793,16.003281593077);
#343=CIRCLE('',#3794,15.9949172327213);
#344=CIRCLE('',#3795,16.0032792980222);
#345=CIRCLE('',#3796,16.003281593077);
#346=CIRCLE('',#3800,16.003281593077);
#347=CIRCLE('',#3802,16.003281593077);
#348=CIRCLE('',#3803,16.0032792980222);
#349=CIRCLE('',#3806,5.99999986588955);
#350=CIRCLE('',#3807,11.);
#351=CIRCLE('',#3809,5.99999986588955);
#352=CIRCLE('',#3810,11.);
#353=CIRCLE('',#3815,11.);
#354=CIRCLE('',#3817,11.);
#355=CIRCLE('',#3819,5.99999986588955);
#356=CIRCLE('',#3820,5.99999986588955);
#357=CIRCLE('',#3822,6.5);
#358=CIRCLE('',#3823,6.50000029861309);
#359=CIRCLE('',#3825,11.);
#360=CIRCLE('',#3826,11.);
#361=CIRCLE('',#3828,6.99999984353781);
#362=CIRCLE('',#3830,6.93845028574999);
#363=CIRCLE('',#3831,11.);
#364=CIRCLE('',#3832,6.93845028574999);
#365=CIRCLE('',#3836,4.);
#366=CIRCLE('',#3837,4.);
#367=CIRCLE('',#3838,4.);
#368=CIRCLE('',#3839,4.);
#369=CIRCLE('',#3841,11.);
#370=CIRCLE('',#3844,6.49965319123233);
#371=CIRCLE('',#3845,6.49965289263518);
#372=CIRCLE('',#3847,7.09840250129705);
#373=CIRCLE('',#3848,7.50225559089349);
#374=CIRCLE('',#3849,7.49951611496835);
#375=CIRCLE('',#3852,7.50000011175871);
#376=CIRCLE('',#3853,7.09999984130263);
#377=CIRCLE('',#3859,11.);
#378=CIRCLE('',#3860,11.);
#379=CIRCLE('',#3862,11.);
#380=CIRCLE('',#3869,15.0034738233839);
#381=CIRCLE('',#3871,15.0079210934339);
#382=CIRCLE('',#3874,12.8);
#383=CIRCLE('',#3877,5.99999986588955);
#384=CIRCLE('',#3878,6.1);
#385=CIRCLE('',#3880,7.09999984130263);
#386=CIRCLE('',#3881,7.09999984130263);
#387=CIRCLE('',#3884,12.8);
#388=CIRCLE('',#3887,7.50000011175871);
#389=CIRCLE('',#3889,13.2792481517494);
#390=CIRCLE('',#3890,13.2792481517494);
#391=CIRCLE('',#3898,15.500000230968);
#392=CIRCLE('',#3901,4.75);
#393=CIRCLE('',#3903,4.75);
#394=CIRCLE('',#3907,12.8);
#395=CIRCLE('',#3910,12.8);
#396=CIRCLE('',#3920,6.99999984353781);
#397=CIRCLE('',#3925,22.51770892743);
#398=CIRCLE('',#3928,4.75);
#399=CIRCLE('',#3929,4.75);
#400=CIRCLE('',#3931,4.);
#401=CIRCLE('',#3934,4.);
#402=CIRCLE('',#3938,22.51770892743);
#403=CIRCLE('',#3943,4.75);
#404=CIRCLE('',#3944,4.);
#405=CIRCLE('',#3947,4.);
#406=CIRCLE('',#3949,4.75);
#407=CIRCLE('',#3952,1.25);
#408=CIRCLE('',#3953,1.25);
#409=CIRCLE('',#3962,1.25);
#410=CIRCLE('',#3964,1.25);
#411=CIRCLE('',#3995,4.);
#412=CIRCLE('',#3996,4.75);
#413=CIRCLE('',#3998,4.);
#414=CIRCLE('',#4000,4.75);
#415=CIRCLE('',#4004,4.);
#416=CIRCLE('',#4005,4.75);
#417=CIRCLE('',#4007,4.75);
#418=CIRCLE('',#4010,4.);
#419=CONICAL_SURFACE('',#3637,14.6435768088419,0.75545630582567);
#420=CONICAL_SURFACE('',#3641,16.0014113493278,0.00477834121270338);
#421=CONICAL_SURFACE('',#3646,16.3699129516273,1.56601798558223);
#422=CONICAL_SURFACE('',#3648,16.7495183886015,0.00477834121270483);
#423=CONICAL_SURFACE('',#3649,16.0055923819783,0.00477834121270345);
#424=CONICAL_SURFACE('',#3662,7.29923559527661,0.226871411837339);
#425=CONICAL_SURFACE('',#3678,7.29999997653067,0.224711315287604);
#426=CONICAL_SURFACE('',#3722,15.0056974584089,0.00477834121270682);
#427=CONICAL_SURFACE('',#3725,15.503376560703,1.56601798558223);
#428=CONICAL_SURFACE('',#3735,16.0055923819783,0.00477834121270345);
#429=CONICAL_SURFACE('',#3744,6.04999993294477,0.132551717747816);
#430=CONICAL_SURFACE('',#3746,14.6435768088419,0.75545630582567);
#431=CONICAL_SURFACE('',#3749,17.8984785395897,1.37850699037468);
#432=CONICAL_SURFACE('',#3750,17.8984785395897,1.37850699037468);
#433=CONICAL_SURFACE('',#3751,10.7387730315538,0.755626921212722);
#434=CONICAL_SURFACE('',#3753,16.750000115484,1.19028991268654);
#435=CONICAL_SURFACE('',#3770,11.5000001713634,0.755104403478673);
#436=CONICAL_SURFACE('',#3778,7.04999984242022,0.132551539129085);
#437=CONICAL_SURFACE('',#3785,14.6435768088418,0.75545630582567);
#438=CONICAL_SURFACE('',#3789,16.7495183886015,0.00477834121268545);
#439=CONICAL_SURFACE('',#3791,16.0014113493278,0.00477834121268796);
#440=CONICAL_SURFACE('',#3798,16.3699129516273,1.56601798558223);
#441=CONICAL_SURFACE('',#3799,16.0055923819783,0.00477834121270569);
#442=CONICAL_SURFACE('',#3801,16.0055923819783,0.00477834121270569);
#443=CONICAL_SURFACE('',#3846,7.29923559527662,0.226871411837341);
#444=CONICAL_SURFACE('',#3851,7.29999997653067,0.224711315287604);
#445=CONICAL_SURFACE('',#3868,15.503376560703,1.5660179855822);
#446=CONICAL_SURFACE('',#3870,15.0056974584089,0.00477834121270743);
#447=CONICAL_SURFACE('',#3876,6.04999993294477,0.132551717747816);
#448=CONICAL_SURFACE('',#3888,14.6435768088418,0.75545630582567);
#449=CONICAL_SURFACE('',#3891,17.8984785395897,1.37850699037468);
#450=CONICAL_SURFACE('',#3892,17.8984785395897,1.37850699037468);
#451=CONICAL_SURFACE('',#3893,15.503376560703,1.5660179855822);
#452=CONICAL_SURFACE('',#3894,10.7387730315538,0.755626921212722);
#453=CONICAL_SURFACE('',#3897,16.750000115484,1.19028991268654);
#454=CONICAL_SURFACE('',#3913,11.5000001713634,0.755104403478673);
#455=CONICAL_SURFACE('',#3919,7.04999984242022,0.132551539129085);
#456=CONICAL_SURFACE('',#3924,17.8984785395897,1.37850699037468);
#457=CONICAL_SURFACE('',#3926,20.4823400705922,0.82506853223492);
#458=CONICAL_SURFACE('',#3937,17.8984785395897,1.37850699037468);
#459=CONICAL_SURFACE('',#3939,20.4823400705922,0.82506853223492);
#460=CONICAL_SURFACE('',#3965,11.5000001713634,0.755104403478673);
#461=CONICAL_SURFACE('',#3966,11.5000001713634,0.755104403478673);
#462=FACE_OUTER_BOUND('',#665,.T.);
#463=FACE_OUTER_BOUND('',#666,.T.);
#464=FACE_OUTER_BOUND('',#667,.T.);
#465=FACE_OUTER_BOUND('',#668,.T.);
#466=FACE_OUTER_BOUND('',#669,.T.);
#467=FACE_OUTER_BOUND('',#670,.T.);
#468=FACE_OUTER_BOUND('',#671,.T.);
#469=FACE_OUTER_BOUND('',#672,.T.);
#470=FACE_OUTER_BOUND('',#673,.T.);
#471=FACE_OUTER_BOUND('',#674,.T.);
#472=FACE_OUTER_BOUND('',#675,.T.);
#473=FACE_OUTER_BOUND('',#676,.T.);
#474=FACE_OUTER_BOUND('',#677,.T.);
#475=FACE_OUTER_BOUND('',#678,.T.);
#476=FACE_OUTER_BOUND('',#679,.T.);
#477=FACE_OUTER_BOUND('',#680,.T.);
#478=FACE_OUTER_BOUND('',#681,.T.);
#479=FACE_OUTER_BOUND('',#682,.T.);
#480=FACE_OUTER_BOUND('',#683,.T.);
#481=FACE_OUTER_BOUND('',#684,.T.);
#482=FACE_OUTER_BOUND('',#685,.T.);
#483=FACE_OUTER_BOUND('',#686,.T.);
#484=FACE_OUTER_BOUND('',#687,.T.);
#485=FACE_OUTER_BOUND('',#688,.T.);
#486=FACE_OUTER_BOUND('',#689,.T.);
#487=FACE_OUTER_BOUND('',#690,.T.);
#488=FACE_OUTER_BOUND('',#691,.T.);
#489=FACE_OUTER_BOUND('',#692,.T.);
#490=FACE_OUTER_BOUND('',#693,.T.);
#491=FACE_OUTER_BOUND('',#694,.T.);
#492=FACE_OUTER_BOUND('',#695,.T.);
#493=FACE_OUTER_BOUND('',#696,.T.);
#494=FACE_OUTER_BOUND('',#697,.T.);
#495=FACE_OUTER_BOUND('',#698,.T.);
#496=FACE_OUTER_BOUND('',#699,.T.);
#497=FACE_OUTER_BOUND('',#700,.T.);
#498=FACE_OUTER_BOUND('',#701,.T.);
#499=FACE_OUTER_BOUND('',#702,.T.);
#500=FACE_OUTER_BOUND('',#703,.T.);
#501=FACE_OUTER_BOUND('',#704,.T.);
#502=FACE_OUTER_BOUND('',#705,.T.);
#503=FACE_OUTER_BOUND('',#706,.T.);
#504=FACE_OUTER_BOUND('',#707,.T.);
#505=FACE_OUTER_BOUND('',#708,.T.);
#506=FACE_OUTER_BOUND('',#709,.T.);
#507=FACE_OUTER_BOUND('',#710,.T.);
#508=FACE_OUTER_BOUND('',#711,.T.);
#509=FACE_OUTER_BOUND('',#712,.T.);
#510=FACE_OUTER_BOUND('',#713,.T.);
#511=FACE_OUTER_BOUND('',#715,.T.);
#512=FACE_OUTER_BOUND('',#716,.T.);
#513=FACE_OUTER_BOUND('',#717,.T.);
#514=FACE_OUTER_BOUND('',#718,.T.);
#515=FACE_OUTER_BOUND('',#719,.T.);
#516=FACE_OUTER_BOUND('',#720,.T.);
#517=FACE_OUTER_BOUND('',#721,.T.);
#518=FACE_OUTER_BOUND('',#722,.T.);
#519=FACE_OUTER_BOUND('',#723,.T.);
#520=FACE_OUTER_BOUND('',#724,.T.);
#521=FACE_OUTER_BOUND('',#725,.T.);
#522=FACE_OUTER_BOUND('',#727,.T.);
#523=FACE_OUTER_BOUND('',#728,.T.);
#524=FACE_OUTER_BOUND('',#729,.T.);
#525=FACE_OUTER_BOUND('',#730,.T.);
#526=FACE_OUTER_BOUND('',#731,.T.);
#527=FACE_OUTER_BOUND('',#732,.T.);
#528=FACE_OUTER_BOUND('',#733,.T.);
#529=FACE_OUTER_BOUND('',#734,.T.);
#530=FACE_OUTER_BOUND('',#735,.T.);
#531=FACE_OUTER_BOUND('',#736,.T.);
#532=FACE_OUTER_BOUND('',#737,.T.);
#533=FACE_OUTER_BOUND('',#738,.T.);
#534=FACE_OUTER_BOUND('',#739,.T.);
#535=FACE_OUTER_BOUND('',#740,.T.);
#536=FACE_OUTER_BOUND('',#741,.T.);
#537=FACE_OUTER_BOUND('',#742,.T.);
#538=FACE_OUTER_BOUND('',#743,.T.);
#539=FACE_OUTER_BOUND('',#744,.T.);
#540=FACE_OUTER_BOUND('',#745,.T.);
#541=FACE_OUTER_BOUND('',#746,.T.);
#542=FACE_OUTER_BOUND('',#747,.T.);
#543=FACE_OUTER_BOUND('',#748,.T.);
#544=FACE_OUTER_BOUND('',#749,.T.);
#545=FACE_OUTER_BOUND('',#750,.T.);
#546=FACE_OUTER_BOUND('',#751,.T.);
#547=FACE_OUTER_BOUND('',#752,.T.);
#548=FACE_OUTER_BOUND('',#753,.T.);
#549=FACE_OUTER_BOUND('',#754,.T.);
#550=FACE_OUTER_BOUND('',#755,.T.);
#551=FACE_OUTER_BOUND('',#756,.T.);
#552=FACE_OUTER_BOUND('',#757,.T.);
#553=FACE_OUTER_BOUND('',#758,.T.);
#554=FACE_OUTER_BOUND('',#759,.T.);
#555=FACE_OUTER_BOUND('',#760,.T.);
#556=FACE_OUTER_BOUND('',#761,.T.);
#557=FACE_OUTER_BOUND('',#762,.T.);
#558=FACE_OUTER_BOUND('',#763,.T.);
#559=FACE_OUTER_BOUND('',#764,.T.);
#560=FACE_OUTER_BOUND('',#765,.T.);
#561=FACE_OUTER_BOUND('',#766,.T.);
#562=FACE_OUTER_BOUND('',#767,.T.);
#563=FACE_OUTER_BOUND('',#768,.T.);
#564=FACE_OUTER_BOUND('',#769,.T.);
#565=FACE_OUTER_BOUND('',#770,.T.);
#566=FACE_OUTER_BOUND('',#771,.T.);
#567=FACE_OUTER_BOUND('',#772,.T.);
#568=FACE_OUTER_BOUND('',#773,.T.);
#569=FACE_OUTER_BOUND('',#774,.T.);
#570=FACE_OUTER_BOUND('',#775,.T.);
#571=FACE_OUTER_BOUND('',#776,.T.);
#572=FACE_OUTER_BOUND('',#777,.T.);
#573=FACE_OUTER_BOUND('',#778,.T.);
#574=FACE_OUTER_BOUND('',#779,.T.);
#575=FACE_OUTER_BOUND('',#780,.T.);
#576=FACE_OUTER_BOUND('',#781,.T.);
#577=FACE_OUTER_BOUND('',#782,.T.);
#578=FACE_OUTER_BOUND('',#783,.T.);
#579=FACE_OUTER_BOUND('',#784,.T.);
#580=FACE_OUTER_BOUND('',#785,.T.);
#581=FACE_OUTER_BOUND('',#786,.T.);
#582=FACE_OUTER_BOUND('',#787,.T.);
#583=FACE_OUTER_BOUND('',#788,.T.);
#584=FACE_OUTER_BOUND('',#789,.T.);
#585=FACE_OUTER_BOUND('',#791,.T.);
#586=FACE_OUTER_BOUND('',#792,.T.);
#587=FACE_OUTER_BOUND('',#793,.T.);
#588=FACE_OUTER_BOUND('',#794,.T.);
#589=FACE_OUTER_BOUND('',#795,.T.);
#590=FACE_OUTER_BOUND('',#796,.T.);
#591=FACE_OUTER_BOUND('',#797,.T.);
#592=FACE_OUTER_BOUND('',#798,.T.);
#593=FACE_OUTER_BOUND('',#799,.T.);
#594=FACE_OUTER_BOUND('',#800,.T.);
#595=FACE_OUTER_BOUND('',#801,.T.);
#596=FACE_OUTER_BOUND('',#802,.T.);
#597=FACE_OUTER_BOUND('',#803,.T.);
#598=FACE_OUTER_BOUND('',#804,.T.);
#599=FACE_OUTER_BOUND('',#805,.T.);
#600=FACE_OUTER_BOUND('',#806,.T.);
#601=FACE_OUTER_BOUND('',#807,.T.);
#602=FACE_OUTER_BOUND('',#808,.T.);
#603=FACE_OUTER_BOUND('',#809,.T.);
#604=FACE_OUTER_BOUND('',#810,.T.);
#605=FACE_OUTER_BOUND('',#811,.T.);
#606=FACE_OUTER_BOUND('',#812,.T.);
#607=FACE_OUTER_BOUND('',#813,.T.);
#608=FACE_OUTER_BOUND('',#816,.T.);
#609=FACE_OUTER_BOUND('',#817,.T.);
#610=FACE_OUTER_BOUND('',#818,.T.);
#611=FACE_OUTER_BOUND('',#819,.T.);
#612=FACE_OUTER_BOUND('',#820,.T.);
#613=FACE_OUTER_BOUND('',#821,.T.);
#614=FACE_OUTER_BOUND('',#822,.T.);
#615=FACE_OUTER_BOUND('',#823,.T.);
#616=FACE_OUTER_BOUND('',#824,.T.);
#617=FACE_OUTER_BOUND('',#825,.T.);
#618=FACE_OUTER_BOUND('',#826,.T.);
#619=FACE_OUTER_BOUND('',#827,.T.);
#620=FACE_OUTER_BOUND('',#828,.T.);
#621=FACE_OUTER_BOUND('',#829,.T.);
#622=FACE_OUTER_BOUND('',#830,.T.);
#623=FACE_OUTER_BOUND('',#831,.T.);
#624=FACE_OUTER_BOUND('',#832,.T.);
#625=FACE_OUTER_BOUND('',#833,.T.);
#626=FACE_OUTER_BOUND('',#834,.T.);
#627=FACE_OUTER_BOUND('',#835,.T.);
#628=FACE_OUTER_BOUND('',#836,.T.);
#629=FACE_OUTER_BOUND('',#837,.T.);
#630=FACE_OUTER_BOUND('',#838,.T.);
#631=FACE_OUTER_BOUND('',#839,.T.);
#632=FACE_OUTER_BOUND('',#840,.T.);
#633=FACE_OUTER_BOUND('',#841,.T.);
#634=FACE_OUTER_BOUND('',#842,.T.);
#635=FACE_OUTER_BOUND('',#843,.T.);
#636=FACE_OUTER_BOUND('',#844,.T.);
#637=FACE_OUTER_BOUND('',#845,.T.);
#638=FACE_OUTER_BOUND('',#846,.T.);
#639=FACE_OUTER_BOUND('',#847,.T.);
#640=FACE_OUTER_BOUND('',#848,.T.);
#641=FACE_OUTER_BOUND('',#851,.T.);
#642=FACE_OUTER_BOUND('',#852,.T.);
#643=FACE_OUTER_BOUND('',#853,.T.);
#644=FACE_OUTER_BOUND('',#854,.T.);
#645=FACE_OUTER_BOUND('',#855,.T.);
#646=FACE_OUTER_BOUND('',#856,.T.);
#647=FACE_OUTER_BOUND('',#857,.T.);
#648=FACE_OUTER_BOUND('',#858,.T.);
#649=FACE_OUTER_BOUND('',#859,.T.);
#650=FACE_OUTER_BOUND('',#860,.T.);
#651=FACE_OUTER_BOUND('',#861,.T.);
#652=FACE_OUTER_BOUND('',#862,.T.);
#653=FACE_OUTER_BOUND('',#863,.T.);
#654=FACE_OUTER_BOUND('',#864,.T.);
#655=FACE_OUTER_BOUND('',#865,.T.);
#656=FACE_OUTER_BOUND('',#866,.T.);
#657=FACE_OUTER_BOUND('',#867,.T.);
#658=FACE_OUTER_BOUND('',#868,.T.);
#659=FACE_OUTER_BOUND('',#869,.T.);
#660=FACE_OUTER_BOUND('',#870,.T.);
#661=FACE_OUTER_BOUND('',#871,.T.);
#662=FACE_OUTER_BOUND('',#872,.T.);
#663=FACE_OUTER_BOUND('',#873,.T.);
#664=FACE_OUTER_BOUND('',#874,.T.);
#665=EDGE_LOOP('',(#2207,#2208,#2209,#2210,#2211));
#666=EDGE_LOOP('',(#2212,#2213,#2214,#2215,#2216,#2217,#2218,#2219));
#667=EDGE_LOOP('',(#2220,#2221,#2222,#2223,#2224));
#668=EDGE_LOOP('',(#2225,#2226,#2227,#2228,#2229));
#669=EDGE_LOOP('',(#2230,#2231,#2232,#2233));
#670=EDGE_LOOP('',(#2234,#2235,#2236,#2237));
#671=EDGE_LOOP('',(#2238,#2239,#2240,#2241,#2242));
#672=EDGE_LOOP('',(#2243,#2244,#2245));
#673=EDGE_LOOP('',(#2246,#2247,#2248,#2249,#2250,#2251,#2252));
#674=EDGE_LOOP('',(#2253,#2254,#2255,#2256));
#675=EDGE_LOOP('',(#2257,#2258,#2259,#2260,#2261));
#676=EDGE_LOOP('',(#2262,#2263,#2264,#2265));
#677=EDGE_LOOP('',(#2266,#2267,#2268,#2269,#2270,#2271));
#678=EDGE_LOOP('',(#2272,#2273,#2274,#2275,#2276,#2277,#2278,#2279,#2280));
#679=EDGE_LOOP('',(#2281,#2282,#2283,#2284,#2285));
#680=EDGE_LOOP('',(#2286,#2287,#2288,#2289,#2290,#2291));
#681=EDGE_LOOP('',(#2292,#2293,#2294,#2295,#2296,#2297,#2298,#2299));
#682=EDGE_LOOP('',(#2300,#2301,#2302,#2303,#2304));
#683=EDGE_LOOP('',(#2305,#2306,#2307,#2308,#2309,#2310,#2311,#2312));
#684=EDGE_LOOP('',(#2313,#2314,#2315,#2316,#2317,#2318,#2319));
#685=EDGE_LOOP('',(#2320,#2321,#2322,#2323,#2324));
#686=EDGE_LOOP('',(#2325,#2326,#2327,#2328));
#687=EDGE_LOOP('',(#2329,#2330,#2331));
#688=EDGE_LOOP('',(#2332,#2333,#2334,#2335));
#689=EDGE_LOOP('',(#2336,#2337,#2338,#2339));
#690=EDGE_LOOP('',(#2340,#2341,#2342,#2343,#2344,#2345));
#691=EDGE_LOOP('',(#2346,#2347,#2348,#2349,#2350));
#692=EDGE_LOOP('',(#2351,#2352,#2353));
#693=EDGE_LOOP('',(#2354,#2355,#2356,#2357,#2358,#2359,#2360,#2361,#2362,
#2363,#2364));
#694=EDGE_LOOP('',(#2365,#2366,#2367));
#695=EDGE_LOOP('',(#2368,#2369,#2370,#2371,#2372,#2373));
#696=EDGE_LOOP('',(#2374,#2375,#2376,#2377,#2378,#2379,#2380,#2381,#2382,
#2383,#2384));
#697=EDGE_LOOP('',(#2385,#2386,#2387,#2388,#2389,#2390,#2391));
#698=EDGE_LOOP('',(#2392,#2393,#2394,#2395));
#699=EDGE_LOOP('',(#2396,#2397,#2398,#2399,#2400));
#700=EDGE_LOOP('',(#2401,#2402,#2403,#2404));
#701=EDGE_LOOP('',(#2405,#2406,#2407,#2408));
#702=EDGE_LOOP('',(#2409,#2410,#2411,#2412,#2413,#2414,#2415));
#703=EDGE_LOOP('',(#2416,#2417,#2418,#2419));
#704=EDGE_LOOP('',(#2420,#2421,#2422,#2423));
#705=EDGE_LOOP('',(#2424,#2425,#2426));
#706=EDGE_LOOP('',(#2427,#2428,#2429,#2430));
#707=EDGE_LOOP('',(#2431,#2432,#2433,#2434));
#708=EDGE_LOOP('',(#2435,#2436,#2437,#2438));
#709=EDGE_LOOP('',(#2439,#2440,#2441,#2442));
#710=EDGE_LOOP('',(#2443,#2444,#2445,#2446));
#711=EDGE_LOOP('',(#2447,#2448,#2449,#2450,#2451,#2452));
#712=EDGE_LOOP('',(#2453,#2454,#2455,#2456,#2457,#2458));
#713=EDGE_LOOP('',(#2459,#2460,#2461,#2462,#2463,#2464,#2465,#2466,#2467,
#2468,#2469,#2470,#2471,#2472,#2473,#2474));
#714=EDGE_LOOP('',(#2475,#2476));
#715=EDGE_LOOP('',(#2477,#2478,#2479,#2480));
#716=EDGE_LOOP('',(#2481,#2482,#2483,#2484));
#717=EDGE_LOOP('',(#2485,#2486,#2487,#2488));
#718=EDGE_LOOP('',(#2489,#2490,#2491,#2492,#2493));
#719=EDGE_LOOP('',(#2494,#2495,#2496,#2497,#2498,#2499,#2500,#2501,#2502,
#2503));
#720=EDGE_LOOP('',(#2504,#2505,#2506));
#721=EDGE_LOOP('',(#2507,#2508,#2509,#2510,#2511));
#722=EDGE_LOOP('',(#2512,#2513,#2514,#2515));
#723=EDGE_LOOP('',(#2516,#2517,#2518));
#724=EDGE_LOOP('',(#2519,#2520,#2521,#2522,#2523));
#725=EDGE_LOOP('',(#2524,#2525,#2526,#2527,#2528,#2529,#2530,#2531,#2532,
#2533,#2534,#2535,#2536,#2537,#2538));
#726=EDGE_LOOP('',(#2539,#2540,#2541,#2542,#2543,#2544,#2545));
#727=EDGE_LOOP('',(#2546,#2547,#2548,#2549,#2550,#2551,#2552,#2553,#2554,
#2555,#2556,#2557,#2558,#2559,#2560,#2561,#2562));
#728=EDGE_LOOP('',(#2563,#2564,#2565,#2566));
#729=EDGE_LOOP('',(#2567,#2568,#2569,#2570));
#730=EDGE_LOOP('',(#2571,#2572,#2573,#2574,#2575,#2576));
#731=EDGE_LOOP('',(#2577,#2578,#2579,#2580));
#732=EDGE_LOOP('',(#2581,#2582,#2583,#2584));
#733=EDGE_LOOP('',(#2585,#2586,#2587,#2588));
#734=EDGE_LOOP('',(#2589,#2590,#2591,#2592,#2593));
#735=EDGE_LOOP('',(#2594,#2595,#2596,#2597,#2598,#2599,#2600,#2601));
#736=EDGE_LOOP('',(#2602,#2603,#2604,#2605));
#737=EDGE_LOOP('',(#2606,#2607,#2608,#2609,#2610,#2611,#2612));
#738=EDGE_LOOP('',(#2613,#2614,#2615,#2616,#2617));
#739=EDGE_LOOP('',(#2618,#2619,#2620,#2621));
#740=EDGE_LOOP('',(#2622,#2623,#2624,#2625));
#741=EDGE_LOOP('',(#2626,#2627,#2628,#2629,#2630));
#742=EDGE_LOOP('',(#2631,#2632,#2633,#2634,#2635,#2636));
#743=EDGE_LOOP('',(#2637,#2638,#2639,#2640));
#744=EDGE_LOOP('',(#2641,#2642,#2643,#2644));
#745=EDGE_LOOP('',(#2645,#2646,#2647,#2648,#2649,#2650));
#746=EDGE_LOOP('',(#2651,#2652,#2653,#2654,#2655));
#747=EDGE_LOOP('',(#2656,#2657,#2658,#2659,#2660,#2661));
#748=EDGE_LOOP('',(#2662,#2663,#2664,#2665,#2666,#2667,#2668,#2669,#2670));
#749=EDGE_LOOP('',(#2671,#2672,#2673,#2674,#2675,#2676,#2677,#2678));
#750=EDGE_LOOP('',(#2679,#2680,#2681,#2682));
#751=EDGE_LOOP('',(#2683,#2684,#2685,#2686));
#752=EDGE_LOOP('',(#2687,#2688,#2689));
#753=EDGE_LOOP('',(#2690,#2691,#2692,#2693,#2694,#2695,#2696,#2697));
#754=EDGE_LOOP('',(#2698,#2699,#2700,#2701,#2702,#2703,#2704,#2705,#2706,
#2707,#2708,#2709,#2710,#2711,#2712,#2713,#2714,#2715,#2716,#2717,#2718));
#755=EDGE_LOOP('',(#2719,#2720,#2721,#2722,#2723,#2724,#2725,#2726,#2727,
#2728,#2729));
#756=EDGE_LOOP('',(#2730,#2731,#2732,#2733));
#757=EDGE_LOOP('',(#2734,#2735,#2736,#2737,#2738,#2739,#2740,#2741,#2742));
#758=EDGE_LOOP('',(#2743,#2744,#2745,#2746,#2747,#2748,#2749));
#759=EDGE_LOOP('',(#2750,#2751,#2752,#2753,#2754,#2755));
#760=EDGE_LOOP('',(#2756,#2757,#2758,#2759,#2760));
#761=EDGE_LOOP('',(#2761,#2762,#2763,#2764,#2765,#2766,#2767,#2768));
#762=EDGE_LOOP('',(#2769,#2770,#2771,#2772));
#763=EDGE_LOOP('',(#2773,#2774,#2775,#2776));
#764=EDGE_LOOP('',(#2777,#2778,#2779,#2780,#2781,#2782,#2783,#2784,#2785,
#2786,#2787));
#765=EDGE_LOOP('',(#2788,#2789,#2790,#2791,#2792,#2793));
#766=EDGE_LOOP('',(#2794,#2795,#2796));
#767=EDGE_LOOP('',(#2797,#2798,#2799,#2800,#2801,#2802,#2803));
#768=EDGE_LOOP('',(#2804,#2805,#2806,#2807));
#769=EDGE_LOOP('',(#2808,#2809,#2810,#2811));
#770=EDGE_LOOP('',(#2812,#2813,#2814,#2815));
#771=EDGE_LOOP('',(#2816,#2817,#2818,#2819,#2820,#2821,#2822,#2823));
#772=EDGE_LOOP('',(#2824,#2825,#2826,#2827));
#773=EDGE_LOOP('',(#2828,#2829,#2830));
#774=EDGE_LOOP('',(#2831,#2832,#2833,#2834));
#775=EDGE_LOOP('',(#2835,#2836,#2837,#2838,#2839,#2840));
#776=EDGE_LOOP('',(#2841,#2842,#2843,#2844,#2845,#2846));
#777=EDGE_LOOP('',(#2847,#2848));
#778=EDGE_LOOP('',(#2849,#2850,#2851,#2852,#2853,#2854,#2855,#2856,#2857,
#2858,#2859,#2860,#2861,#2862,#2863,#2864,#2865));
#779=EDGE_LOOP('',(#2866,#2867,#2868,#2869));
#780=EDGE_LOOP('',(#2870,#2871,#2872,#2873));
#781=EDGE_LOOP('',(#2874,#2875,#2876,#2877,#2878));
#782=EDGE_LOOP('',(#2879,#2880,#2881,#2882,#2883,#2884,#2885,#2886,#2887,
#2888));
#783=EDGE_LOOP('',(#2889,#2890,#2891));
#784=EDGE_LOOP('',(#2892,#2893,#2894,#2895,#2896));
#785=EDGE_LOOP('',(#2897,#2898,#2899,#2900));
#786=EDGE_LOOP('',(#2901,#2902,#2903,#2904));
#787=EDGE_LOOP('',(#2905,#2906,#2907,#2908));
#788=EDGE_LOOP('',(#2909,#2910,#2911));
#789=EDGE_LOOP('',(#2912,#2913,#2914,#2915,#2916,#2917,#2918,#2919,#2920,
#2921,#2922,#2923,#2924,#2925,#2926,#2927,#2928,#2929));
#790=EDGE_LOOP('',(#2930,#2931,#2932,#2933,#2934,#2935,#2936));
#791=EDGE_LOOP('',(#2937,#2938,#2939,#2940));
#792=EDGE_LOOP('',(#2941,#2942,#2943,#2944));
#793=EDGE_LOOP('',(#2945,#2946,#2947,#2948,#2949,#2950));
#794=EDGE_LOOP('',(#2951,#2952,#2953,#2954));
#795=EDGE_LOOP('',(#2955,#2956,#2957,#2958));
#796=EDGE_LOOP('',(#2959,#2960,#2961,#2962));
#797=EDGE_LOOP('',(#2963,#2964,#2965,#2966));
#798=EDGE_LOOP('',(#2967,#2968,#2969));
#799=EDGE_LOOP('',(#2970,#2971,#2972,#2973,#2974,#2975));
#800=EDGE_LOOP('',(#2976,#2977,#2978,#2979,#2980));
#801=EDGE_LOOP('',(#2981,#2982,#2983,#2984,#2985,#2986));
#802=EDGE_LOOP('',(#2987,#2988,#2989,#2990));
#803=EDGE_LOOP('',(#2991,#2992,#2993,#2994));
#804=EDGE_LOOP('',(#2995,#2996,#2997,#2998));
#805=EDGE_LOOP('',(#2999,#3000,#3001,#3002));
#806=EDGE_LOOP('',(#3003,#3004,#3005));
#807=EDGE_LOOP('',(#3006,#3007,#3008,#3009,#3010,#3011));
#808=EDGE_LOOP('',(#3012,#3013,#3014,#3015,#3016));
#809=EDGE_LOOP('',(#3017,#3018,#3019,#3020));
#810=EDGE_LOOP('',(#3021,#3022,#3023,#3024));
#811=EDGE_LOOP('',(#3025,#3026,#3027,#3028));
#812=EDGE_LOOP('',(#3029,#3030,#3031,#3032,#3033,#3034));
#813=EDGE_LOOP('',(#3035,#3036,#3037,#3038,#3039,#3040,#3041,#3042));
#814=EDGE_LOOP('',(#3043));
#815=EDGE_LOOP('',(#3044));
#816=EDGE_LOOP('',(#3045,#3046,#3047,#3048));
#817=EDGE_LOOP('',(#3049,#3050,#3051,#3052));
#818=EDGE_LOOP('',(#3053,#3054,#3055,#3056,#3057));
#819=EDGE_LOOP('',(#3058,#3059,#3060,#3061,#3062,#3063));
#820=EDGE_LOOP('',(#3064,#3065,#3066,#3067));
#821=EDGE_LOOP('',(#3068,#3069,#3070,#3071));
#822=EDGE_LOOP('',(#3072,#3073,#3074,#3075,#3076,#3077));
#823=EDGE_LOOP('',(#3078,#3079,#3080,#3081));
#824=EDGE_LOOP('',(#3082,#3083,#3084,#3085));
#825=EDGE_LOOP('',(#3086,#3087,#3088,#3089));
#826=EDGE_LOOP('',(#3090,#3091,#3092,#3093));
#827=EDGE_LOOP('',(#3094,#3095,#3096,#3097));
#828=EDGE_LOOP('',(#3098,#3099,#3100,#3101));
#829=EDGE_LOOP('',(#3102,#3103,#3104,#3105));
#830=EDGE_LOOP('',(#3106,#3107,#3108,#3109,#3110));
#831=EDGE_LOOP('',(#3111,#3112,#3113,#3114));
#832=EDGE_LOOP('',(#3115,#3116,#3117,#3118));
#833=EDGE_LOOP('',(#3119,#3120,#3121,#3122));
#834=EDGE_LOOP('',(#3123,#3124,#3125,#3126,#3127));
#835=EDGE_LOOP('',(#3128,#3129,#3130,#3131));
#836=EDGE_LOOP('',(#3132,#3133,#3134,#3135));
#837=EDGE_LOOP('',(#3136,#3137,#3138,#3139));
#838=EDGE_LOOP('',(#3140,#3141,#3142,#3143));
#839=EDGE_LOOP('',(#3144,#3145,#3146,#3147));
#840=EDGE_LOOP('',(#3148,#3149,#3150,#3151));
#841=EDGE_LOOP('',(#3152,#3153,#3154,#3155,#3156));
#842=EDGE_LOOP('',(#3157,#3158,#3159,#3160));
#843=EDGE_LOOP('',(#3161,#3162,#3163,#3164));
#844=EDGE_LOOP('',(#3165,#3166,#3167,#3168));
#845=EDGE_LOOP('',(#3169,#3170,#3171,#3172));
#846=EDGE_LOOP('',(#3173,#3174,#3175,#3176));
#847=EDGE_LOOP('',(#3177,#3178,#3179,#3180,#3181));
#848=EDGE_LOOP('',(#3182,#3183,#3184,#3185,#3186,#3187,#3188,#3189,#3190,
#3191));
#849=EDGE_LOOP('',(#3192));
#850=EDGE_LOOP('',(#3193));
#851=EDGE_LOOP('',(#3194,#3195,#3196,#3197));
#852=EDGE_LOOP('',(#3198,#3199,#3200,#3201));
#853=EDGE_LOOP('',(#3202,#3203,#3204,#3205));
#854=EDGE_LOOP('',(#3206,#3207,#3208,#3209));
#855=EDGE_LOOP('',(#3210,#3211,#3212,#3213));
#856=EDGE_LOOP('',(#3214,#3215,#3216,#3217));
#857=EDGE_LOOP('',(#3218,#3219,#3220,#3221));
#858=EDGE_LOOP('',(#3222,#3223,#3224,#3225));
#859=EDGE_LOOP('',(#3226,#3227,#3228,#3229));
#860=EDGE_LOOP('',(#3230,#3231,#3232,#3233));
#861=EDGE_LOOP('',(#3234,#3235,#3236,#3237,#3238));
#862=EDGE_LOOP('',(#3239,#3240,#3241,#3242));
#863=EDGE_LOOP('',(#3243,#3244,#3245,#3246));
#864=EDGE_LOOP('',(#3247,#3248,#3249,#3250));
#865=EDGE_LOOP('',(#3251,#3252,#3253,#3254));
#866=EDGE_LOOP('',(#3255,#3256,#3257,#3258));
#867=EDGE_LOOP('',(#3259,#3260,#3261,#3262));
#868=EDGE_LOOP('',(#3263,#3264,#3265,#3266));
#869=EDGE_LOOP('',(#3267,#3268,#3269,#3270));
#870=EDGE_LOOP('',(#3271,#3272,#3273,#3274));
#871=EDGE_LOOP('',(#3275,#3276,#3277,#3278));
#872=EDGE_LOOP('',(#3279,#3280,#3281,#3282));
#873=EDGE_LOOP('',(#3283,#3284,#3285,#3286));
#874=EDGE_LOOP('',(#3287,#3288,#3289,#3290));
#875=LINE('',#5001,#1094);
#876=LINE('',#5003,#1095);
#877=LINE('',#5005,#1096);
#878=LINE('',#5007,#1097);
#879=LINE('',#5008,#1098);
#880=LINE('',#5081,#1099);
#881=LINE('',#5087,#1100);
#882=LINE('',#5093,#1101);
#883=LINE('',#5094,#1102);
#884=LINE('',#5095,#1103);
#885=LINE('',#5113,#1104);
#886=LINE('',#5117,#1105);
#887=LINE('',#5119,#1106);
#888=LINE('',#5121,#1107);
#889=LINE('',#5123,#1108);
#890=LINE('',#5125,#1109);
#891=LINE('',#5138,#1110);
#892=LINE('',#5144,#1111);
#893=LINE('',#5146,#1112);
#894=LINE('',#5147,#1113);
#895=LINE('',#5150,#1114);
#896=LINE('',#5152,#1115);
#897=LINE('',#5153,#1116);
#898=LINE('',#5208,#1117);
#899=LINE('',#5215,#1118);
#900=LINE('',#5234,#1119);
#901=LINE('',#5296,#1120);
#902=LINE('',#5304,#1121);
#903=LINE('',#5307,#1122);
#904=LINE('',#5325,#1123);
#905=LINE('',#5332,#1124);
#906=LINE('',#5340,#1125);
#907=LINE('',#5423,#1126);
#908=LINE('',#5478,#1127);
#909=LINE('',#5683,#1128);
#910=LINE('',#5685,#1129);
#911=LINE('',#5686,#1130);
#912=LINE('',#5691,#1131);
#913=LINE('',#5697,#1132);
#914=LINE('',#5735,#1133);
#915=LINE('',#5739,#1134);
#916=LINE('',#5742,#1135);
#917=LINE('',#5745,#1136);
#918=LINE('',#5747,#1137);
#919=LINE('',#5789,#1138);
#920=LINE('',#5790,#1139);
#921=LINE('',#5791,#1140);
#922=LINE('',#5804,#1141);
#923=LINE('',#5806,#1142);
#924=LINE('',#5808,#1143);
#925=LINE('',#5810,#1144);
#926=LINE('',#5811,#1145);
#927=LINE('',#5818,#1146);
#928=LINE('',#5889,#1147);
#929=LINE('',#5897,#1148);
#930=LINE('',#5903,#1149);
#931=LINE('',#5904,#1150);
#932=LINE('',#5925,#1151);
#933=LINE('',#5927,#1152);
#934=LINE('',#5929,#1153);
#935=LINE('',#5931,#1154);
#936=LINE('',#5933,#1155);
#937=LINE('',#5934,#1156);
#938=LINE('',#5940,#1157);
#939=LINE('',#5946,#1158);
#940=LINE('',#5948,#1159);
#941=LINE('',#5952,#1160);
#942=LINE('',#5954,#1161);
#943=LINE('',#5956,#1162);
#944=LINE('',#5958,#1163);
#945=LINE('',#5959,#1164);
#946=LINE('',#5962,#1165);
#947=LINE('',#5967,#1166);
#948=LINE('',#5970,#1167);
#949=LINE('',#5976,#1168);
#950=LINE('',#5977,#1169);
#951=LINE('',#6006,#1170);
#952=LINE('',#6010,#1171);
#953=LINE('',#6016,#1172);
#954=LINE('',#6067,#1173);
#955=LINE('',#6071,#1174);
#956=LINE('',#6086,#1175);
#957=LINE('',#6142,#1176);
#958=LINE('',#6146,#1177);
#959=LINE('',#6269,#1178);
#960=LINE('',#6285,#1179);
#961=LINE('',#6370,#1180);
#962=LINE('',#6472,#1181);
#963=LINE('',#6473,#1182);
#964=LINE('',#6477,#1183);
#965=LINE('',#6482,#1184);
#966=LINE('',#6520,#1185);
#967=LINE('',#6522,#1186);
#968=LINE('',#6524,#1187);
#969=LINE('',#6525,#1188);
#970=LINE('',#6583,#1189);
#971=LINE('',#6586,#1190);
#972=LINE('',#6589,#1191);
#973=LINE('',#6592,#1192);
#974=LINE('',#6595,#1193);
#975=LINE('',#6596,#1194);
#976=LINE('',#6600,#1195);
#977=LINE('',#6602,#1196);
#978=LINE('',#6629,#1197);
#979=LINE('',#6631,#1198);
#980=LINE('',#6633,#1199);
#981=LINE('',#6634,#1200);
#982=LINE('',#6639,#1201);
#983=LINE('',#6643,#1202);
#984=LINE('',#6645,#1203);
#985=LINE('',#6646,#1204);
#986=LINE('',#6655,#1205);
#987=LINE('',#6657,#1206);
#988=LINE('',#6659,#1207);
#989=LINE('',#6661,#1208);
#990=LINE('',#6663,#1209);
#991=LINE('',#6665,#1210);
#992=LINE('',#6667,#1211);
#993=LINE('',#6668,#1212);
#994=LINE('',#6675,#1213);
#995=LINE('',#6677,#1214);
#996=LINE('',#6678,#1215);
#997=LINE('',#6681,#1216);
#998=LINE('',#6682,#1217);
#999=LINE('',#6685,#1218);
#1000=LINE('',#6687,#1219);
#1001=LINE('',#6688,#1220);
#1002=LINE('',#6691,#1221);
#1003=LINE('',#6693,#1222);
#1004=LINE('',#6695,#1223);
#1005=LINE('',#6696,#1224);
#1006=LINE('',#6699,#1225);
#1007=LINE('',#6700,#1226);
#1008=LINE('',#6703,#1227);
#1009=LINE('',#6704,#1228);
#1010=LINE('',#6707,#1229);
#1011=LINE('',#6709,#1230);
#1012=LINE('',#6711,#1231);
#1013=LINE('',#6712,#1232);
#1014=LINE('',#6715,#1233);
#1015=LINE('',#6719,#1234);
#1016=LINE('',#6772,#1235);
#1017=LINE('',#6774,#1236);
#1018=LINE('',#6775,#1237);
#1019=LINE('',#6793,#1238);
#1020=LINE('',#6795,#1239);
#1021=LINE('',#6796,#1240);
#1022=LINE('',#6813,#1241);
#1023=LINE('',#6815,#1242);
#1024=LINE('',#6816,#1243);
#1025=LINE('',#6834,#1244);
#1026=LINE('',#6835,#1245);
#1027=LINE('',#6854,#1246);
#1028=LINE('',#6855,#1247);
#1029=LINE('',#6856,#1248);
#1030=LINE('',#6874,#1249);
#1031=LINE('',#6875,#1250);
#1032=LINE('',#6876,#1251);
#1033=LINE('',#6894,#1252);
#1034=LINE('',#6895,#1253);
#1035=LINE('',#6913,#1254);
#1036=LINE('',#6914,#1255);
#1037=LINE('',#6918,#1256);
#1038=LINE('',#6920,#1257);
#1039=LINE('',#6922,#1258);
#1040=LINE('',#6923,#1259);
#1041=LINE('',#6926,#1260);
#1042=LINE('',#6928,#1261);
#1043=LINE('',#6929,#1262);
#1044=LINE('',#6932,#1263);
#1045=LINE('',#6934,#1264);
#1046=LINE('',#6935,#1265);
#1047=LINE('',#6937,#1266);
#1048=LINE('',#6938,#1267);
#1049=LINE('',#6940,#1268);
#1050=LINE('',#6941,#1269);
#1051=LINE('',#6943,#1270);
#1052=LINE('',#6944,#1271);
#1053=LINE('',#6948,#1272);
#1054=LINE('',#6949,#1273);
#1055=LINE('',#6951,#1274);
#1056=LINE('',#6952,#1275);
#1057=LINE('',#6956,#1276);
#1058=LINE('',#6961,#1277);
#1059=LINE('',#6963,#1278);
#1060=LINE('',#6965,#1279);
#1061=LINE('',#6966,#1280);
#1062=LINE('',#6969,#1281);
#1063=LINE('',#6971,#1282);
#1064=LINE('',#6972,#1283);
#1065=LINE('',#6975,#1284);
#1066=LINE('',#6977,#1285);
#1067=LINE('',#6978,#1286);
#1068=LINE('',#6980,#1287);
#1069=LINE('',#6981,#1288);
#1070=LINE('',#6983,#1289);
#1071=LINE('',#6984,#1290);
#1072=LINE('',#6986,#1291);
#1073=LINE('',#6987,#1292);
#1074=LINE('',#6991,#1293);
#1075=LINE('',#6992,#1294);
#1076=LINE('',#6994,#1295);
#1077=LINE('',#6995,#1296);
#1078=LINE('',#7001,#1297);
#1079=LINE('',#7003,#1298);
#1080=LINE('',#7005,#1299);
#1081=LINE('',#7006,#1300);
#1082=LINE('',#7011,#1301);
#1083=LINE('',#7016,#1302);
#1084=LINE('',#7020,#1303);
#1085=LINE('',#7022,#1304);
#1086=LINE('',#7027,#1305);
#1087=LINE('',#7031,#1306);
#1088=LINE('',#7035,#1307);
#1089=LINE('',#7037,#1308);
#1090=LINE('',#7041,#1309);
#1091=LINE('',#7042,#1310);
#1092=LINE('',#7045,#1311);
#1093=LINE('',#7048,#1312);
#1094=VECTOR('',#4021,10.);
#1095=VECTOR('',#4022,10.);
#1096=VECTOR('',#4023,10.);
#1097=VECTOR('',#4024,10.);
#1098=VECTOR('',#4025,10.);
#1099=VECTOR('',#4032,10.);
#1100=VECTOR('',#4039,10.);
#1101=VECTOR('',#4046,10.);
#1102=VECTOR('',#4047,10.);
#1103=VECTOR('',#4048,10.);
#1104=VECTOR('',#4065,10.);
#1105=VECTOR('',#4070,10.);
#1106=VECTOR('',#4071,10.);
#1107=VECTOR('',#4072,10.);
#1108=VECTOR('',#4073,10.);
#1109=VECTOR('',#4074,10.);
#1110=VECTOR('',#4085,10.);
#1111=VECTOR('',#4086,10.);
#1112=VECTOR('',#4087,10.);
#1113=VECTOR('',#4088,10.);
#1114=VECTOR('',#4091,10.);
#1115=VECTOR('',#4092,10.);
#1116=VECTOR('',#4093,10.);
#1117=VECTOR('',#4110,10.);
#1118=VECTOR('',#4119,10.);
#1119=VECTOR('',#4124,10.);
#1120=VECTOR('',#4151,10.);
#1121=VECTOR('',#4160,10.);
#1122=VECTOR('',#4163,10.);
#1123=VECTOR('',#4166,10.);
#1124=VECTOR('',#4171,10.);
#1125=VECTOR('',#4174,10.);
#1126=VECTOR('',#4207,10.);
#1127=VECTOR('',#4218,10.);
#1128=VECTOR('',#4295,10.);
#1129=VECTOR('',#4296,10.);
#1130=VECTOR('',#4297,10.);
#1131=VECTOR('',#4302,10.);
#1132=VECTOR('',#4309,10.);
#1133=VECTOR('',#4310,10.);
#1134=VECTOR('',#4315,10.);
#1135=VECTOR('',#4318,10.);
#1136=VECTOR('',#4321,10.);
#1137=VECTOR('',#4324,10.);
#1138=VECTOR('',#4341,10.);
#1139=VECTOR('',#4342,4.);
#1140=VECTOR('',#4343,10.);
#1141=VECTOR('',#4364,10.);
#1142=VECTOR('',#4365,10.);
#1143=VECTOR('',#4366,10.);
#1144=VECTOR('',#4367,10.);
#1145=VECTOR('',#4368,10.);
#1146=VECTOR('',#4375,10.);
#1147=VECTOR('',#4382,10.);
#1148=VECTOR('',#4389,10.);
#1149=VECTOR('',#4398,10.);
#1150=VECTOR('',#4399,10.);
#1151=VECTOR('',#4414,10.);
#1152=VECTOR('',#4415,10.);
#1153=VECTOR('',#4416,10.);
#1154=VECTOR('',#4417,10.);
#1155=VECTOR('',#4418,10.);
#1156=VECTOR('',#4419,10.);
#1157=VECTOR('',#4426,10.);
#1158=VECTOR('',#4431,10.);
#1159=VECTOR('',#4432,10.);
#1160=VECTOR('',#4437,10.);
#1161=VECTOR('',#4438,10.);
#1162=VECTOR('',#4439,10.);
#1163=VECTOR('',#4440,10.);
#1164=VECTOR('',#4441,10.);
#1165=VECTOR('',#4444,10.);
#1166=VECTOR('',#4445,10.);
#1167=VECTOR('',#4448,10.);
#1168=VECTOR('',#4449,10.);
#1169=VECTOR('',#4450,10.);
#1170=VECTOR('',#4459,10.);
#1171=VECTOR('',#4464,10.);
#1172=VECTOR('',#4471,10.);
#1173=VECTOR('',#4500,10.);
#1174=VECTOR('',#4503,10.);
#1175=VECTOR('',#4504,4.);
#1176=VECTOR('',#4505,10.);
#1177=VECTOR('',#4508,10.);
#1178=VECTOR('',#4533,10.);
#1179=VECTOR('',#4542,10.);
#1180=VECTOR('',#4563,10.);
#1181=VECTOR('',#4634,10.);
#1182=VECTOR('',#4635,10.);
#1183=VECTOR('',#4640,10.);
#1184=VECTOR('',#4645,10.);
#1185=VECTOR('',#4646,10.);
#1186=VECTOR('',#4649,10.);
#1187=VECTOR('',#4652,10.);
#1188=VECTOR('',#4653,10.);
#1189=VECTOR('',#4700,10.);
#1190=VECTOR('',#4703,10.);
#1191=VECTOR('',#4706,10.);
#1192=VECTOR('',#4709,10.);
#1193=VECTOR('',#4712,10.);
#1194=VECTOR('',#4713,10.);
#1195=VECTOR('',#4718,10.);
#1196=VECTOR('',#4721,10.);
#1197=VECTOR('',#4734,10.);
#1198=VECTOR('',#4735,10.);
#1199=VECTOR('',#4736,10.);
#1200=VECTOR('',#4737,10.);
#1201=VECTOR('',#4742,10.);
#1202=VECTOR('',#4747,10.);
#1203=VECTOR('',#4748,10.);
#1204=VECTOR('',#4749,10.);
#1205=VECTOR('',#4762,10.);
#1206=VECTOR('',#4763,10.);
#1207=VECTOR('',#4764,10.);
#1208=VECTOR('',#4765,10.);
#1209=VECTOR('',#4766,10.);
#1210=VECTOR('',#4767,10.);
#1211=VECTOR('',#4768,10.);
#1212=VECTOR('',#4769,10.);
#1213=VECTOR('',#4776,10.);
#1214=VECTOR('',#4777,10.);
#1215=VECTOR('',#4778,10.);
#1216=VECTOR('',#4781,10.);
#1217=VECTOR('',#4782,10.);
#1218=VECTOR('',#4785,10.);
#1219=VECTOR('',#4786,10.);
#1220=VECTOR('',#4787,10.);
#1221=VECTOR('',#4790,10.);
#1222=VECTOR('',#4791,10.);
#1223=VECTOR('',#4792,10.);
#1224=VECTOR('',#4793,10.);
#1225=VECTOR('',#4796,10.);
#1226=VECTOR('',#4797,10.);
#1227=VECTOR('',#4800,10.);
#1228=VECTOR('',#4801,10.);
#1229=VECTOR('',#4804,10.);
#1230=VECTOR('',#4805,10.);
#1231=VECTOR('',#4806,10.);
#1232=VECTOR('',#4807,10.);
#1233=VECTOR('',#4810,1.25);
#1234=VECTOR('',#4815,1.25);
#1235=VECTOR('',#4822,4.96384804087773);
#1236=VECTOR('',#4823,10.);
#1237=VECTOR('',#4824,5.09294665614369);
#1238=VECTOR('',#4825,10.);
#1239=VECTOR('',#4826,10.);
#1240=VECTOR('',#4827,6.69246982796094);
#1241=VECTOR('',#4828,10.);
#1242=VECTOR('',#4829,10.);
#1243=VECTOR('',#4830,6.58045671827602);
#1244=VECTOR('',#4831,10.);
#1245=VECTOR('',#4832,10.);
#1246=VECTOR('',#4833,10.);
#1247=VECTOR('',#4834,4.69337452524347);
#1248=VECTOR('',#4835,4.80904166105408);
#1249=VECTOR('',#4836,10.);
#1250=VECTOR('',#4837,10.);
#1251=VECTOR('',#4838,6.48307118138624);
#1252=VECTOR('',#4839,10.);
#1253=VECTOR('',#4840,6.38299860345491);
#1254=VECTOR('',#4841,10.);
#1255=VECTOR('',#4842,10.);
#1256=VECTOR('',#4845,10.);
#1257=VECTOR('',#4846,10.);
#1258=VECTOR('',#4847,10.);
#1259=VECTOR('',#4848,10.);
#1260=VECTOR('',#4851,10.);
#1261=VECTOR('',#4852,10.);
#1262=VECTOR('',#4853,10.);
#1263=VECTOR('',#4856,10.);
#1264=VECTOR('',#4857,10.);
#1265=VECTOR('',#4858,10.);
#1266=VECTOR('',#4861,10.);
#1267=VECTOR('',#4862,10.);
#1268=VECTOR('',#4865,10.);
#1269=VECTOR('',#4866,10.);
#1270=VECTOR('',#4869,10.);
#1271=VECTOR('',#4870,10.);
#1272=VECTOR('',#4877,10.);
#1273=VECTOR('',#4878,10.);
#1274=VECTOR('',#4881,10.);
#1275=VECTOR('',#4882,10.);
#1276=VECTOR('',#4889,10.);
#1277=VECTOR('',#4894,10.);
#1278=VECTOR('',#4895,10.);
#1279=VECTOR('',#4896,10.);
#1280=VECTOR('',#4897,10.);
#1281=VECTOR('',#4900,10.);
#1282=VECTOR('',#4901,10.);
#1283=VECTOR('',#4902,10.);
#1284=VECTOR('',#4905,10.);
#1285=VECTOR('',#4906,10.);
#1286=VECTOR('',#4907,10.);
#1287=VECTOR('',#4910,10.);
#1288=VECTOR('',#4911,10.);
#1289=VECTOR('',#4914,10.);
#1290=VECTOR('',#4915,10.);
#1291=VECTOR('',#4918,10.);
#1292=VECTOR('',#4919,10.);
#1293=VECTOR('',#4926,10.);
#1294=VECTOR('',#4927,10.);
#1295=VECTOR('',#4930,10.);
#1296=VECTOR('',#4931,10.);
#1297=VECTOR('',#4938,10.);
#1298=VECTOR('',#4939,10.);
#1299=VECTOR('',#4940,10.);
#1300=VECTOR('',#4941,10.);
#1301=VECTOR('',#4946,10.);
#1302=VECTOR('',#4953,10.);
#1303=VECTOR('',#4958,10.);
#1304=VECTOR('',#4961,10.);
#1305=VECTOR('',#4966,10.);
#1306=VECTOR('',#4969,10.);
#1307=VECTOR('',#4974,10.);
#1308=VECTOR('',#4975,10.);
#1309=VECTOR('',#4980,10.);
#1310=VECTOR('',#4981,10.);
#1311=VECTOR('',#4984,10.);
#1312=VECTOR('',#4989,10.);
#1313=VERTEX_POINT('',#4999);
#1314=VERTEX_POINT('',#5000);
#1315=VERTEX_POINT('',#5002);
#1316=VERTEX_POINT('',#5004);
#1317=VERTEX_POINT('',#5006);
#1318=VERTEX_POINT('',#5010);
#1319=VERTEX_POINT('',#5012);
#1320=VERTEX_POINT('',#5017);
#1321=VERTEX_POINT('',#5073);
#1322=VERTEX_POINT('',#5078);
#1323=VERTEX_POINT('',#5080);
#1324=VERTEX_POINT('',#5084);
#1325=VERTEX_POINT('',#5086);
#1326=VERTEX_POINT('',#5088);
#1327=VERTEX_POINT('',#5092);
#1328=VERTEX_POINT('',#5100);
#1329=VERTEX_POINT('',#5101);
#1330=VERTEX_POINT('',#5109);
#1331=VERTEX_POINT('',#5110);
#1332=VERTEX_POINT('',#5112);
#1333=VERTEX_POINT('',#5116);
#1334=VERTEX_POINT('',#5118);
#1335=VERTEX_POINT('',#5120);
#1336=VERTEX_POINT('',#5122);
#1337=VERTEX_POINT('',#5124);
#1338=VERTEX_POINT('',#5130);
#1339=VERTEX_POINT('',#5132);
#1340=VERTEX_POINT('',#5136);
#1341=VERTEX_POINT('',#5137);
#1342=VERTEX_POINT('',#5139);
#1343=VERTEX_POINT('',#5143);
#1344=VERTEX_POINT('',#5145);
#1345=VERTEX_POINT('',#5149);
#1346=VERTEX_POINT('',#5151);
#1347=VERTEX_POINT('',#5155);
#1348=VERTEX_POINT('',#5162);
#1349=VERTEX_POINT('',#5164);
#1350=VERTEX_POINT('',#5192);
#1351=VERTEX_POINT('',#5198);
#1352=VERTEX_POINT('',#5199);
#1353=VERTEX_POINT('',#5201);
#1354=VERTEX_POINT('',#5203);
#1355=VERTEX_POINT('',#5205);
#1356=VERTEX_POINT('',#5207);
#1357=VERTEX_POINT('',#5210);
#1358=VERTEX_POINT('',#5214);
#1359=VERTEX_POINT('',#5216);
#1360=VERTEX_POINT('',#5233);
#1361=VERTEX_POINT('',#5238);
#1362=VERTEX_POINT('',#5243);
#1363=VERTEX_POINT('',#5248);
#1364=VERTEX_POINT('',#5257);
#1365=VERTEX_POINT('',#5259);
#1366=VERTEX_POINT('',#5264);
#1367=VERTEX_POINT('',#5273);
#1368=VERTEX_POINT('',#5280);
#1369=VERTEX_POINT('',#5282);
#1370=VERTEX_POINT('',#5294);
#1371=VERTEX_POINT('',#5297);
#1372=VERTEX_POINT('',#5299);
#1373=VERTEX_POINT('',#5303);
#1374=VERTEX_POINT('',#5305);
#1375=VERTEX_POINT('',#5309);
#1376=VERTEX_POINT('',#5324);
#1377=VERTEX_POINT('',#5328);
#1378=VERTEX_POINT('',#5334);
#1379=VERTEX_POINT('',#5339);
#1380=VERTEX_POINT('',#5347);
#1381=VERTEX_POINT('',#5354);
#1382=VERTEX_POINT('',#5365);
#1383=VERTEX_POINT('',#5366);
#1384=VERTEX_POINT('',#5373);
#1385=VERTEX_POINT('',#5378);
#1386=VERTEX_POINT('',#5385);
#1387=VERTEX_POINT('',#5391);
#1388=VERTEX_POINT('',#5396);
#1389=VERTEX_POINT('',#5403);
#1390=VERTEX_POINT('',#5410);
#1391=VERTEX_POINT('',#5421);
#1392=VERTEX_POINT('',#5425);
#1393=VERTEX_POINT('',#5426);
#1394=VERTEX_POINT('',#5437);
#1395=VERTEX_POINT('',#5439);
#1396=VERTEX_POINT('',#5446);
#1397=VERTEX_POINT('',#5451);
#1398=VERTEX_POINT('',#5458);
#1399=VERTEX_POINT('',#5465);
#1400=VERTEX_POINT('',#5481);
#1401=VERTEX_POINT('',#5488);
#1402=VERTEX_POINT('',#5501);
#1403=VERTEX_POINT('',#5503);
#1404=VERTEX_POINT('',#5511);
#1405=VERTEX_POINT('',#5513);
#1406=VERTEX_POINT('',#5517);
#1407=VERTEX_POINT('',#5519);
#1408=VERTEX_POINT('',#5525);
#1409=VERTEX_POINT('',#5526);
#1410=VERTEX_POINT('',#5545);
#1411=VERTEX_POINT('',#5547);
#1412=VERTEX_POINT('',#5568);
#1413=VERTEX_POINT('',#5573);
#1414=VERTEX_POINT('',#5580);
#1415=VERTEX_POINT('',#5584);
#1416=VERTEX_POINT('',#5592);
#1417=VERTEX_POINT('',#5597);
#1418=VERTEX_POINT('',#5601);
#1419=VERTEX_POINT('',#5605);
#1420=VERTEX_POINT('',#5616);
#1421=VERTEX_POINT('',#5626);
#1422=VERTEX_POINT('',#5627);
#1423=VERTEX_POINT('',#5682);
#1424=VERTEX_POINT('',#5684);
#1425=VERTEX_POINT('',#5688);
#1426=VERTEX_POINT('',#5690);
#1427=VERTEX_POINT('',#5694);
#1428=VERTEX_POINT('',#5696);
#1429=VERTEX_POINT('',#5698);
#1430=VERTEX_POINT('',#5705);
#1431=VERTEX_POINT('',#5728);
#1432=VERTEX_POINT('',#5737);
#1433=VERTEX_POINT('',#5741);
#1434=VERTEX_POINT('',#5743);
#1435=VERTEX_POINT('',#5752);
#1436=VERTEX_POINT('',#5758);
#1437=VERTEX_POINT('',#5760);
#1438=VERTEX_POINT('',#5762);
#1439=VERTEX_POINT('',#5802);
#1440=VERTEX_POINT('',#5803);
#1441=VERTEX_POINT('',#5805);
#1442=VERTEX_POINT('',#5807);
#1443=VERTEX_POINT('',#5809);
#1444=VERTEX_POINT('',#5813);
#1445=VERTEX_POINT('',#5815);
#1446=VERTEX_POINT('',#5817);
#1447=VERTEX_POINT('',#5819);
#1448=VERTEX_POINT('',#5821);
#1449=VERTEX_POINT('',#5826);
#1450=VERTEX_POINT('',#5887);
#1451=VERTEX_POINT('',#5891);
#1452=VERTEX_POINT('',#5892);
#1453=VERTEX_POINT('',#5894);
#1454=VERTEX_POINT('',#5896);
#1455=VERTEX_POINT('',#5899);
#1456=VERTEX_POINT('',#5907);
#1457=VERTEX_POINT('',#5914);
#1458=VERTEX_POINT('',#5919);
#1459=VERTEX_POINT('',#5923);
#1460=VERTEX_POINT('',#5924);
#1461=VERTEX_POINT('',#5926);
#1462=VERTEX_POINT('',#5928);
#1463=VERTEX_POINT('',#5930);
#1464=VERTEX_POINT('',#5932);
#1465=VERTEX_POINT('',#5936);
#1466=VERTEX_POINT('',#5938);
#1467=VERTEX_POINT('',#5942);
#1468=VERTEX_POINT('',#5943);
#1469=VERTEX_POINT('',#5945);
#1470=VERTEX_POINT('',#5947);
#1471=VERTEX_POINT('',#5951);
#1472=VERTEX_POINT('',#5953);
#1473=VERTEX_POINT('',#5955);
#1474=VERTEX_POINT('',#5957);
#1475=VERTEX_POINT('',#5961);
#1476=VERTEX_POINT('',#5963);
#1477=VERTEX_POINT('',#5969);
#1478=VERTEX_POINT('',#5971);
#1479=VERTEX_POINT('',#5975);
#1480=VERTEX_POINT('',#5979);
#1481=VERTEX_POINT('',#5986);
#1482=VERTEX_POINT('',#5988);
#1483=VERTEX_POINT('',#5995);
#1484=VERTEX_POINT('',#5997);
#1485=VERTEX_POINT('',#6004);
#1486=VERTEX_POINT('',#6008);
#1487=VERTEX_POINT('',#6013);
#1488=VERTEX_POINT('',#6015);
#1489=VERTEX_POINT('',#6019);
#1490=VERTEX_POINT('',#6020);
#1491=VERTEX_POINT('',#6022);
#1492=VERTEX_POINT('',#6029);
#1493=VERTEX_POINT('',#6036);
#1494=VERTEX_POINT('',#6037);
#1495=VERTEX_POINT('',#6042);
#1496=VERTEX_POINT('',#6049);
#1497=VERTEX_POINT('',#6050);
#1498=VERTEX_POINT('',#6053);
#1499=VERTEX_POINT('',#6058);
#1500=VERTEX_POINT('',#6059);
#1501=VERTEX_POINT('',#6064);
#1502=VERTEX_POINT('',#6066);
#1503=VERTEX_POINT('',#6068);
#1504=VERTEX_POINT('',#6070);
#1505=VERTEX_POINT('',#6072);
#1506=VERTEX_POINT('',#6087);
#1507=VERTEX_POINT('',#6128);
#1508=VERTEX_POINT('',#6141);
#1509=VERTEX_POINT('',#6143);
#1510=VERTEX_POINT('',#6145);
#1511=VERTEX_POINT('',#6147);
#1512=VERTEX_POINT('',#6149);
#1513=VERTEX_POINT('',#6173);
#1514=VERTEX_POINT('',#6174);
#1515=VERTEX_POINT('',#6185);
#1516=VERTEX_POINT('',#6187);
#1517=VERTEX_POINT('',#6194);
#1518=VERTEX_POINT('',#6199);
#1519=VERTEX_POINT('',#6206);
#1520=VERTEX_POINT('',#6213);
#1521=VERTEX_POINT('',#6225);
#1522=VERTEX_POINT('',#6227);
#1523=VERTEX_POINT('',#6231);
#1524=VERTEX_POINT('',#6251);
#1525=VERTEX_POINT('',#6258);
#1526=VERTEX_POINT('',#6260);
#1527=VERTEX_POINT('',#6271);
#1528=VERTEX_POINT('',#6279);
#1529=VERTEX_POINT('',#6287);
#1530=VERTEX_POINT('',#6294);
#1531=VERTEX_POINT('',#6304);
#1532=VERTEX_POINT('',#6305);
#1533=VERTEX_POINT('',#6312);
#1534=VERTEX_POINT('',#6314);
#1535=VERTEX_POINT('',#6321);
#1536=VERTEX_POINT('',#6322);
#1537=VERTEX_POINT('',#6329);
#1538=VERTEX_POINT('',#6334);
#1539=VERTEX_POINT('',#6342);
#1540=VERTEX_POINT('',#6347);
#1541=VERTEX_POINT('',#6354);
#1542=VERTEX_POINT('',#6361);
#1543=VERTEX_POINT('',#6379);
#1544=VERTEX_POINT('',#6381);
#1545=VERTEX_POINT('',#6391);
#1546=VERTEX_POINT('',#6393);
#1547=VERTEX_POINT('',#6399);
#1548=VERTEX_POINT('',#6401);
#1549=VERTEX_POINT('',#6422);
#1550=VERTEX_POINT('',#6427);
#1551=VERTEX_POINT('',#6431);
#1552=VERTEX_POINT('',#6439);
#1553=VERTEX_POINT('',#6443);
#1554=VERTEX_POINT('',#6447);
#1555=VERTEX_POINT('',#6461);
#1556=VERTEX_POINT('',#6463);
#1557=VERTEX_POINT('',#6475);
#1558=VERTEX_POINT('',#6479);
#1559=VERTEX_POINT('',#6481);
#1560=VERTEX_POINT('',#6483);
#1561=VERTEX_POINT('',#6490);
#1562=VERTEX_POINT('',#6513);
#1563=VERTEX_POINT('',#6527);
#1564=VERTEX_POINT('',#6531);
#1565=VERTEX_POINT('',#6555);
#1566=VERTEX_POINT('',#6556);
#1567=VERTEX_POINT('',#6561);
#1568=VERTEX_POINT('',#6563);
#1569=VERTEX_POINT('',#6571);
#1570=VERTEX_POINT('',#6580);
#1571=VERTEX_POINT('',#6582);
#1572=VERTEX_POINT('',#6584);
#1573=VERTEX_POINT('',#6588);
#1574=VERTEX_POINT('',#6590);
#1575=VERTEX_POINT('',#6594);
#1576=VERTEX_POINT('',#6598);
#1577=VERTEX_POINT('',#6605);
#1578=VERTEX_POINT('',#6606);
#1579=VERTEX_POINT('',#6610);
#1580=VERTEX_POINT('',#6612);
#1581=VERTEX_POINT('',#6621);
#1582=VERTEX_POINT('',#6628);
#1583=VERTEX_POINT('',#6630);
#1584=VERTEX_POINT('',#6632);
#1585=VERTEX_POINT('',#6636);
#1586=VERTEX_POINT('',#6638);
#1587=VERTEX_POINT('',#6642);
#1588=VERTEX_POINT('',#6644);
#1589=VERTEX_POINT('',#6653);
#1590=VERTEX_POINT('',#6654);
#1591=VERTEX_POINT('',#6656);
#1592=VERTEX_POINT('',#6658);
#1593=VERTEX_POINT('',#6660);
#1594=VERTEX_POINT('',#6662);
#1595=VERTEX_POINT('',#6664);
#1596=VERTEX_POINT('',#6666);
#1597=VERTEX_POINT('',#6669);
#1598=VERTEX_POINT('',#6671);
#1599=VERTEX_POINT('',#6674);
#1600=VERTEX_POINT('',#6676);
#1601=VERTEX_POINT('',#6680);
#1602=VERTEX_POINT('',#6684);
#1603=VERTEX_POINT('',#6686);
#1604=VERTEX_POINT('',#6690);
#1605=VERTEX_POINT('',#6692);
#1606=VERTEX_POINT('',#6694);
#1607=VERTEX_POINT('',#6698);
#1608=VERTEX_POINT('',#6702);
#1609=VERTEX_POINT('',#6706);
#1610=VERTEX_POINT('',#6708);
#1611=VERTEX_POINT('',#6710);
#1612=VERTEX_POINT('',#6714);
#1613=VERTEX_POINT('',#6718);
#1614=VERTEX_POINT('',#6722);
#1615=VERTEX_POINT('',#6723);
#1616=VERTEX_POINT('',#6727);
#1617=VERTEX_POINT('',#6731);
#1618=VERTEX_POINT('',#6739);
#1619=VERTEX_POINT('',#6740);
#1620=VERTEX_POINT('',#6744);
#1621=VERTEX_POINT('',#6748);
#1622=VERTEX_POINT('',#6771);
#1623=VERTEX_POINT('',#6773);
#1624=VERTEX_POINT('',#6792);
#1625=VERTEX_POINT('',#6794);
#1626=VERTEX_POINT('',#6814);
#1627=VERTEX_POINT('',#6833);
#1628=VERTEX_POINT('',#6852);
#1629=VERTEX_POINT('',#6853);
#1630=VERTEX_POINT('',#6873);
#1631=VERTEX_POINT('',#6893);
#1632=VERTEX_POINT('',#6912);
#1633=VERTEX_POINT('',#6916);
#1634=VERTEX_POINT('',#6917);
#1635=VERTEX_POINT('',#6919);
#1636=VERTEX_POINT('',#6921);
#1637=VERTEX_POINT('',#6925);
#1638=VERTEX_POINT('',#6927);
#1639=VERTEX_POINT('',#6931);
#1640=VERTEX_POINT('',#6933);
#1641=VERTEX_POINT('',#6959);
#1642=VERTEX_POINT('',#6960);
#1643=VERTEX_POINT('',#6962);
#1644=VERTEX_POINT('',#6964);
#1645=VERTEX_POINT('',#6968);
#1646=VERTEX_POINT('',#6970);
#1647=VERTEX_POINT('',#6974);
#1648=VERTEX_POINT('',#6976);
#1649=VERTEX_POINT('',#6999);
#1650=VERTEX_POINT('',#7000);
#1651=VERTEX_POINT('',#7002);
#1652=VERTEX_POINT('',#7004);
#1653=VERTEX_POINT('',#7008);
#1654=VERTEX_POINT('',#7010);
#1655=VERTEX_POINT('',#7014);
#1656=VERTEX_POINT('',#7018);
#1657=VERTEX_POINT('',#7025);
#1658=VERTEX_POINT('',#7026);
#1659=VERTEX_POINT('',#7028);
#1660=VERTEX_POINT('',#7030);
#1661=VERTEX_POINT('',#7034);
#1662=VERTEX_POINT('',#7036);
#1663=VERTEX_POINT('',#7040);
#1664=VERTEX_POINT('',#7044);
#1665=EDGE_CURVE('',#1313,#1314,#875,.T.);
#1666=EDGE_CURVE('',#1315,#1313,#876,.T.);
#1667=EDGE_CURVE('',#1316,#1315,#877,.T.);
#1668=EDGE_CURVE('',#1317,#1316,#878,.T.);
#1669=EDGE_CURVE('',#1314,#1317,#879,.T.);
#1670=EDGE_CURVE('',#1313,#1318,#273,.T.);
#1671=EDGE_CURVE('',#1318,#1319,#167,.T.);
#1672=EDGE_CURVE('',#1320,#1319,#168,.T.);
#1673=EDGE_CURVE('',#1320,#1321,#169,.T.);
#1674=EDGE_CURVE('',#1321,#1322,#274,.T.);
#1675=EDGE_CURVE('',#1322,#1323,#880,.T.);
#1676=EDGE_CURVE('',#1323,#1315,#275,.T.);
#1677=EDGE_CURVE('',#1324,#1317,#276,.T.);
#1678=EDGE_CURVE('',#1324,#1325,#881,.T.);
#1679=EDGE_CURVE('',#1326,#1325,#277,.T.);
#1680=EDGE_CURVE('',#1326,#1314,#278,.T.);
#1681=EDGE_CURVE('',#1327,#1324,#882,.T.);
#1682=EDGE_CURVE('',#1323,#1327,#883,.T.);
#1683=EDGE_CURVE('',#1325,#1322,#884,.T.);
#1684=EDGE_CURVE('',#1327,#1316,#279,.T.);
#1685=EDGE_CURVE('',#1328,#1329,#280,.T.);
#1686=EDGE_CURVE('',#1328,#1318,#170,.T.);
#1687=EDGE_CURVE('',#1314,#1329,#281,.T.);
#1688=EDGE_CURVE('',#1330,#1331,#282,.T.);
#1689=EDGE_CURVE('',#1332,#1330,#885,.T.);
#1690=EDGE_CURVE('',#1331,#1332,#283,.T.);
#1691=EDGE_CURVE('',#1332,#1333,#886,.T.);
#1692=EDGE_CURVE('',#1334,#1330,#887,.T.);
#1693=EDGE_CURVE('',#1335,#1334,#888,.T.);
#1694=EDGE_CURVE('',#1336,#1335,#889,.T.);
#1695=EDGE_CURVE('',#1337,#1336,#890,.T.);
#1696=EDGE_CURVE('',#1333,#1337,#131,.T.);
#1697=EDGE_CURVE('',#1336,#1338,#284,.T.);
#1698=EDGE_CURVE('',#1339,#1338,#285,.T.);
#1699=EDGE_CURVE('',#1337,#1339,#286,.T.);
#1700=EDGE_CURVE('',#1340,#1341,#891,.T.);
#1701=EDGE_CURVE('',#1342,#1340,#132,.T.);
#1702=EDGE_CURVE('',#1343,#1342,#892,.T.);
#1703=EDGE_CURVE('',#1344,#1343,#893,.T.);
#1704=EDGE_CURVE('',#1341,#1344,#894,.T.);
#1705=EDGE_CURVE('',#1345,#1334,#895,.T.);
#1706=EDGE_CURVE('',#1346,#1345,#896,.T.);
#1707=EDGE_CURVE('',#1335,#1346,#897,.T.);
#1708=EDGE_CURVE('',#1340,#1347,#171,.T.);
#1709=EDGE_CURVE('',#1348,#1347,#287,.T.);
#1710=EDGE_CURVE('',#1349,#1348,#172,.T.);
#1711=EDGE_CURVE('',#1350,#1349,#133,.T.);
#1712=EDGE_CURVE('',#1350,#1342,#288,.T.);
#1713=EDGE_CURVE('',#1351,#1352,#289,.T.);
#1714=EDGE_CURVE('',#1353,#1351,#290,.T.);
#1715=EDGE_CURVE('',#1353,#1354,#291,.T.);
#1716=EDGE_CURVE('',#1354,#1355,#292,.T.);
#1717=EDGE_CURVE('',#1356,#1355,#898,.T.);
#1718=EDGE_CURVE('',#1356,#1330,#293,.T.);
#1719=EDGE_CURVE('',#1331,#1357,#294,.T.);
#1720=EDGE_CURVE('',#1352,#1357,#295,.T.);
#1721=EDGE_CURVE('',#1356,#1358,#899,.T.);
#1722=EDGE_CURVE('',#1358,#1359,#173,.T.);
#1723=EDGE_CURVE('',#1359,#1334,#296,.T.);
#1724=EDGE_CURVE('',#1360,#1350,#900,.T.);
#1725=EDGE_CURVE('',#1335,#1360,#297,.T.);
#1726=EDGE_CURVE('',#1346,#1343,#298,.T.);
#1727=EDGE_CURVE('',#1361,#1337,#299,.T.);
#1728=EDGE_CURVE('',#1361,#1349,#134,.T.);
#1729=EDGE_CURVE('',#1348,#1362,#300,.T.);
#1730=EDGE_CURVE('',#1362,#1355,#135,.T.);
#1731=EDGE_CURVE('',#1355,#1363,#301,.T.);
#1732=EDGE_CURVE('',#1363,#1333,#174,.T.);
#1733=EDGE_CURVE('',#1364,#1338,#302,.T.);
#1734=EDGE_CURVE('',#1365,#1364,#175,.T.);
#1735=EDGE_CURVE('',#1366,#1365,#303,.T.);
#1736=EDGE_CURVE('',#1339,#1366,#176,.T.);
#1737=EDGE_CURVE('',#1367,#1363,#177,.T.);
#1738=EDGE_CURVE('',#1368,#1367,#54,.T.);
#1739=EDGE_CURVE('',#1369,#1368,#178,.T.);
#1740=EDGE_CURVE('',#1357,#1369,#179,.T.);
#1741=EDGE_CURVE('',#1370,#1336,#304,.T.);
#1742=EDGE_CURVE('',#1370,#1361,#901,.T.);
#1743=EDGE_CURVE('',#1371,#1361,#305,.T.);
#1744=EDGE_CURVE('',#1371,#1372,#306,.T.);
#1745=EDGE_CURVE('',#1372,#1364,#307,.T.);
#1746=EDGE_CURVE('',#1369,#1373,#902,.T.);
#1747=EDGE_CURVE('',#1374,#1373,#308,.T.);
#1748=EDGE_CURVE('',#1352,#1374,#903,.T.);
#1749=EDGE_CURVE('',#1375,#1369,#180,.T.);
#1750=EDGE_CURVE('',#1375,#1376,#904,.T.);
#1751=EDGE_CURVE('',#1373,#1376,#309,.T.);
#1752=EDGE_CURVE('',#1377,#1375,#136,.T.);
#1753=EDGE_CURVE('',#1376,#1377,#905,.T.);
#1754=EDGE_CURVE('',#1378,#1353,#181,.T.);
#1755=EDGE_CURVE('',#1351,#1379,#906,.T.);
#1756=EDGE_CURVE('',#1378,#1379,#310,.T.);
#1757=EDGE_CURVE('',#1379,#1374,#311,.T.);
#1758=EDGE_CURVE('',#1378,#1377,#312,.T.);
#1759=EDGE_CURVE('',#1380,#1378,#182,.T.);
#1760=EDGE_CURVE('',#1381,#1380,#55,.T.);
#1761=EDGE_CURVE('',#1354,#1381,#183,.T.);
#1762=EDGE_CURVE('',#1347,#1341,#313,.T.);
#1763=EDGE_CURVE('',#1382,#1383,#184,.T.);
#1764=EDGE_CURVE('',#1384,#1382,#185,.T.);
#1765=EDGE_CURVE('',#1385,#1384,#186,.T.);
#1766=EDGE_CURVE('',#1386,#1385,#314,.T.);
#1767=EDGE_CURVE('',#1321,#1386,#187,.T.);
#1768=EDGE_CURVE('',#1387,#1320,#188,.T.);
#1769=EDGE_CURVE('',#1388,#1387,#189,.T.);
#1770=EDGE_CURVE('',#1389,#1388,#190,.T.);
#1771=EDGE_CURVE('',#1390,#1389,#56,.T.);
#1772=EDGE_CURVE('',#1383,#1390,#191,.T.);
#1773=EDGE_CURVE('',#1345,#1359,#315,.T.);
#1774=EDGE_CURVE('',#1391,#1344,#316,.T.);
#1775=EDGE_CURVE('',#1362,#1391,#907,.T.);
#1776=EDGE_CURVE('',#1392,#1393,#192,.T.);
#1777=EDGE_CURVE('',#1319,#1392,#193,.T.);
#1778=EDGE_CURVE('',#1394,#1328,#317,.T.);
#1779=EDGE_CURVE('',#1395,#1394,#194,.T.);
#1780=EDGE_CURVE('',#1396,#1395,#195,.T.);
#1781=EDGE_CURVE('',#1397,#1396,#196,.T.);
#1782=EDGE_CURVE('',#1398,#1397,#197,.T.);
#1783=EDGE_CURVE('',#1399,#1398,#57,.T.);
#1784=EDGE_CURVE('',#1393,#1399,#198,.T.);
#1785=EDGE_CURVE('',#1391,#1358,#137,.T.);
#1786=EDGE_CURVE('',#1360,#1370,#908,.T.);
#1787=EDGE_CURVE('',#1400,#1371,#199,.T.);
#1788=EDGE_CURVE('',#1401,#1400,#318,.T.);
#1789=EDGE_CURVE('',#1372,#1401,#200,.T.);
#1790=EDGE_CURVE('',#1384,#1395,#319,.T.);
#1791=EDGE_CURVE('',#1382,#1396,#320,.T.);
#1792=EDGE_CURVE('',#1329,#1394,#58,.T.);
#1793=EDGE_CURVE('',#1385,#1326,#59,.T.);
#1794=EDGE_CURVE('',#1402,#1389,#60,.T.);
#1795=EDGE_CURVE('',#1403,#1402,#321,.T.);
#1796=EDGE_CURVE('',#1403,#1390,#61,.T.);
#1797=EDGE_CURVE('',#1325,#1386,#322,.T.);
#1798=EDGE_CURVE('',#1404,#1367,#62,.T.);
#1799=EDGE_CURVE('',#1405,#1404,#323,.T.);
#1800=EDGE_CURVE('',#1405,#1368,#63,.T.);
#1801=EDGE_CURVE('',#1380,#1406,#64,.T.);
#1802=EDGE_CURVE('',#1407,#1406,#324,.T.);
#1803=EDGE_CURVE('',#1381,#1407,#65,.T.);
#1804=EDGE_CURVE('',#1401,#1365,#325,.T.);
#1805=EDGE_CURVE('',#1408,#1409,#201,.T.);
#1806=EDGE_CURVE('',#1410,#1408,#326,.T.);
#1807=EDGE_CURVE('',#1411,#1410,#202,.T.);
#1808=EDGE_CURVE('',#1409,#1411,#327,.T.);
#1809=EDGE_CURVE('',#1409,#1412,#203,.T.);
#1810=EDGE_CURVE('',#1413,#1411,#204,.T.);
#1811=EDGE_CURVE('',#1414,#1413,#138,.T.);
#1812=EDGE_CURVE('',#1415,#1414,#139,.T.);
#1813=EDGE_CURVE('',#1412,#1415,#140,.T.);
#1814=EDGE_CURVE('',#1416,#1408,#205,.T.);
#1815=EDGE_CURVE('',#1417,#1416,#141,.T.);
#1816=EDGE_CURVE('',#1418,#1417,#142,.T.);
#1817=EDGE_CURVE('',#1419,#1418,#143,.T.);
#1818=EDGE_CURVE('',#1410,#1419,#206,.T.);
#1819=EDGE_CURVE('',#1420,#1405,#207,.T.);
#1820=EDGE_CURVE('',#1398,#1420,#66,.T.);
#1821=EDGE_CURVE('',#1406,#1403,#208,.T.);
#1822=EDGE_CURVE('',#1421,#1422,#209,.T.);
#1823=EDGE_CURVE('',#1422,#1421,#210,.T.);
#1824=EDGE_CURVE('',#1387,#1392,#328,.T.);
#1825=EDGE_CURVE('',#1407,#1402,#211,.T.);
#1826=EDGE_CURVE('',#1423,#1414,#909,.T.);
#1827=EDGE_CURVE('',#1424,#1423,#910,.T.);
#1828=EDGE_CURVE('',#1424,#1415,#911,.T.);
#1829=EDGE_CURVE('',#1413,#1425,#329,.T.);
#1830=EDGE_CURVE('',#1425,#1426,#912,.T.);
#1831=EDGE_CURVE('',#1426,#1423,#330,.T.);
#1832=EDGE_CURVE('',#1427,#1419,#331,.T.);
#1833=EDGE_CURVE('',#1428,#1427,#913,.T.);
#1834=EDGE_CURVE('',#1429,#1428,#212,.T.);
#1835=EDGE_CURVE('',#1430,#1429,#213,.T.);
#1836=EDGE_CURVE('',#1431,#1430,#214,.T.);
#1837=EDGE_CURVE('',#1431,#1425,#914,.T.);
#1838=EDGE_CURVE('',#1432,#1416,#332,.T.);
#1839=EDGE_CURVE('',#1417,#1432,#915,.T.);
#1840=EDGE_CURVE('',#1418,#1433,#916,.T.);
#1841=EDGE_CURVE('',#1433,#1434,#333,.T.);
#1842=EDGE_CURVE('',#1434,#1427,#917,.T.);
#1843=EDGE_CURVE('',#1433,#1432,#918,.T.);
#1844=EDGE_CURVE('',#1412,#1424,#334,.T.);
#1845=EDGE_CURVE('',#1399,#1435,#67,.T.);
#1846=EDGE_CURVE('',#1435,#1404,#215,.T.);
#1847=EDGE_CURVE('',#1436,#1431,#68,.T.);
#1848=EDGE_CURVE('',#1428,#1437,#69,.T.);
#1849=EDGE_CURVE('',#1437,#1438,#216,.T.);
#1850=EDGE_CURVE('',#1438,#1436,#217,.T.);
#1851=EDGE_CURVE('',#1436,#1426,#919,.T.);
#1852=EDGE_CURVE('',#1438,#1422,#920,.T.);
#1853=EDGE_CURVE('',#1437,#1434,#921,.T.);
#1854=EDGE_CURVE('',#1435,#1420,#335,.T.);
#1855=EDGE_CURVE('',#1400,#1366,#336,.T.);
#1856=EDGE_CURVE('',#1439,#1440,#922,.T.);
#1857=EDGE_CURVE('',#1441,#1439,#923,.T.);
#1858=EDGE_CURVE('',#1442,#1441,#924,.T.);
#1859=EDGE_CURVE('',#1443,#1442,#925,.T.);
#1860=EDGE_CURVE('',#1440,#1443,#926,.T.);
#1861=EDGE_CURVE('',#1443,#1444,#337,.T.);
#1862=EDGE_CURVE('',#1445,#1442,#338,.T.);
#1863=EDGE_CURVE('',#1445,#1446,#927,.T.);
#1864=EDGE_CURVE('',#1447,#1446,#339,.T.);
#1865=EDGE_CURVE('',#1447,#1448,#218,.T.);
#1866=EDGE_CURVE('',#1449,#1448,#219,.T.);
#1867=EDGE_CURVE('',#1449,#1444,#220,.T.);
#1868=EDGE_CURVE('',#1450,#1441,#340,.T.);
#1869=EDGE_CURVE('',#1450,#1445,#928,.T.);
#1870=EDGE_CURVE('',#1451,#1452,#341,.T.);
#1871=EDGE_CURVE('',#1453,#1451,#342,.T.);
#1872=EDGE_CURVE('',#1453,#1454,#929,.T.);
#1873=EDGE_CURVE('',#1454,#1439,#343,.T.);
#1874=EDGE_CURVE('',#1455,#1440,#344,.T.);
#1875=EDGE_CURVE('',#1452,#1455,#345,.T.);
#1876=EDGE_CURVE('',#1446,#1453,#930,.T.);
#1877=EDGE_CURVE('',#1454,#1450,#931,.T.);
#1878=EDGE_CURVE('',#1456,#1453,#346,.T.);
#1879=EDGE_CURVE('',#1456,#1447,#221,.T.);
#1880=EDGE_CURVE('',#1444,#1457,#222,.T.);
#1881=EDGE_CURVE('',#1458,#1457,#347,.T.);
#1882=EDGE_CURVE('',#1440,#1458,#348,.T.);
#1883=EDGE_CURVE('',#1459,#1460,#932,.T.);
#1884=EDGE_CURVE('',#1461,#1459,#933,.T.);
#1885=EDGE_CURVE('',#1462,#1461,#934,.T.);
#1886=EDGE_CURVE('',#1463,#1462,#935,.T.);
#1887=EDGE_CURVE('',#1463,#1464,#936,.T.);
#1888=EDGE_CURVE('',#1460,#1464,#937,.T.);
#1889=EDGE_CURVE('',#1465,#1463,#349,.T.);
#1890=EDGE_CURVE('',#1466,#1465,#350,.T.);
#1891=EDGE_CURVE('',#1464,#1466,#938,.T.);
#1892=EDGE_CURVE('',#1467,#1468,#351,.T.);
#1893=EDGE_CURVE('',#1469,#1467,#939,.T.);
#1894=EDGE_CURVE('',#1470,#1469,#940,.T.);
#1895=EDGE_CURVE('',#1468,#1470,#352,.T.);
#1896=EDGE_CURVE('',#1471,#1467,#941,.T.);
#1897=EDGE_CURVE('',#1472,#1471,#942,.T.);
#1898=EDGE_CURVE('',#1473,#1472,#943,.T.);
#1899=EDGE_CURVE('',#1474,#1473,#944,.T.);
#1900=EDGE_CURVE('',#1474,#1469,#945,.T.);
#1901=EDGE_CURVE('',#1475,#1474,#946,.T.);
#1902=EDGE_CURVE('',#1476,#1475,#144,.T.);
#1903=EDGE_CURVE('',#1470,#1476,#947,.T.);
#1904=EDGE_CURVE('',#1477,#1466,#948,.T.);
#1905=EDGE_CURVE('',#1478,#1477,#145,.T.);
#1906=EDGE_CURVE('',#1478,#1479,#949,.T.);
#1907=EDGE_CURVE('',#1460,#1479,#950,.T.);
#1908=EDGE_CURVE('',#1480,#1476,#223,.T.);
#1909=EDGE_CURVE('',#1481,#1480,#353,.T.);
#1910=EDGE_CURVE('',#1482,#1481,#224,.T.);
#1911=EDGE_CURVE('',#1483,#1482,#70,.T.);
#1912=EDGE_CURVE('',#1484,#1483,#225,.T.);
#1913=EDGE_CURVE('',#1485,#1484,#354,.T.);
#1914=EDGE_CURVE('',#1468,#1485,#951,.T.);
#1915=EDGE_CURVE('',#1486,#1485,#355,.T.);
#1916=EDGE_CURVE('',#1465,#1486,#952,.T.);
#1917=EDGE_CURVE('',#1462,#1471,#356,.T.);
#1918=EDGE_CURVE('',#1487,#1479,#357,.T.);
#1919=EDGE_CURVE('',#1488,#1487,#953,.T.);
#1920=EDGE_CURVE('',#1488,#1460,#358,.T.);
#1921=EDGE_CURVE('',#1489,#1490,#359,.T.);
#1922=EDGE_CURVE('',#1491,#1489,#226,.T.);
#1923=EDGE_CURVE('',#1492,#1491,#360,.T.);
#1924=EDGE_CURVE('',#1490,#1492,#227,.T.);
#1925=EDGE_CURVE('',#1493,#1494,#228,.T.);
#1926=EDGE_CURVE('',#1495,#1493,#361,.T.);
#1927=EDGE_CURVE('',#1494,#1495,#229,.T.);
#1928=EDGE_CURVE('',#1496,#1497,#362,.T.);
#1929=EDGE_CURVE('',#1496,#1486,#363,.T.);
#1930=EDGE_CURVE('',#1498,#1484,#364,.T.);
#1931=EDGE_CURVE('',#1495,#1498,#71,.T.);
#1932=EDGE_CURVE('',#1497,#1493,#72,.T.);
#1933=EDGE_CURVE('',#1499,#1500,#230,.T.);
#1934=EDGE_CURVE('',#1500,#1501,#365,.T.);
#1935=EDGE_CURVE('',#1501,#1502,#954,.T.);
#1936=EDGE_CURVE('',#1502,#1503,#366,.T.);
#1937=EDGE_CURVE('',#1504,#1503,#955,.T.);
#1938=EDGE_CURVE('',#1504,#1505,#231,.T.);
#1939=EDGE_CURVE('',#1505,#1494,#956,.T.);
#1940=EDGE_CURVE('',#1498,#1506,#232,.T.);
#1941=EDGE_CURVE('',#1506,#1497,#233,.T.);
#1942=EDGE_CURVE('',#1505,#1507,#234,.T.);
#1943=EDGE_CURVE('',#1507,#1508,#957,.T.);
#1944=EDGE_CURVE('',#1508,#1509,#367,.T.);
#1945=EDGE_CURVE('',#1509,#1510,#958,.T.);
#1946=EDGE_CURVE('',#1510,#1511,#368,.T.);
#1947=EDGE_CURVE('',#1511,#1512,#235,.T.);
#1948=EDGE_CURVE('',#1512,#1499,#236,.T.);
#1949=EDGE_CURVE('',#1513,#1514,#237,.T.);
#1950=EDGE_CURVE('',#1448,#1513,#238,.T.);
#1951=EDGE_CURVE('',#1515,#1456,#369,.T.);
#1952=EDGE_CURVE('',#1516,#1515,#239,.T.);
#1953=EDGE_CURVE('',#1517,#1516,#240,.T.);
#1954=EDGE_CURVE('',#1518,#1517,#241,.T.);
#1955=EDGE_CURVE('',#1519,#1518,#242,.T.);
#1956=EDGE_CURVE('',#1520,#1519,#73,.T.);
#1957=EDGE_CURVE('',#1514,#1520,#243,.T.);
#1958=EDGE_CURVE('',#1461,#1472,#370,.T.);
#1959=EDGE_CURVE('',#1459,#1473,#371,.T.);
#1960=EDGE_CURVE('',#1521,#1475,#372,.T.);
#1961=EDGE_CURVE('',#1522,#1521,#146,.T.);
#1962=EDGE_CURVE('',#1523,#1522,#244,.T.);
#1963=EDGE_CURVE('',#1524,#1523,#245,.T.);
#1964=EDGE_CURVE('',#1525,#1524,#373,.T.);
#1965=EDGE_CURVE('',#1526,#1525,#246,.T.);
#1966=EDGE_CURVE('',#1480,#1526,#374,.T.);
#1967=EDGE_CURVE('',#1521,#1488,#959,.T.);
#1968=EDGE_CURVE('',#1477,#1527,#247,.T.);
#1969=EDGE_CURVE('',#1523,#1527,#375,.T.);
#1970=EDGE_CURVE('',#1528,#1522,#147,.T.);
#1971=EDGE_CURVE('',#1528,#1478,#376,.T.);
#1972=EDGE_CURVE('',#1487,#1528,#960,.T.);
#1973=EDGE_CURVE('',#1529,#1496,#248,.T.);
#1974=EDGE_CURVE('',#1530,#1529,#74,.T.);
#1975=EDGE_CURVE('',#1527,#1530,#249,.T.);
#1976=EDGE_CURVE('',#1531,#1532,#250,.T.);
#1977=EDGE_CURVE('',#1533,#1531,#377,.T.);
#1978=EDGE_CURVE('',#1534,#1533,#251,.T.);
#1979=EDGE_CURVE('',#1532,#1534,#378,.T.);
#1980=EDGE_CURVE('',#1535,#1536,#252,.T.);
#1981=EDGE_CURVE('',#1537,#1535,#253,.T.);
#1982=EDGE_CURVE('',#1538,#1537,#254,.T.);
#1983=EDGE_CURVE('',#1457,#1538,#379,.T.);
#1984=EDGE_CURVE('',#1539,#1449,#255,.T.);
#1985=EDGE_CURVE('',#1540,#1539,#256,.T.);
#1986=EDGE_CURVE('',#1541,#1540,#257,.T.);
#1987=EDGE_CURVE('',#1542,#1541,#75,.T.);
#1988=EDGE_CURVE('',#1536,#1542,#258,.T.);
#1989=EDGE_CURVE('',#1452,#1451,#961,.T.);
#1990=EDGE_CURVE('',#1455,#1515,#76,.T.);
#1991=EDGE_CURVE('',#1538,#1458,#77,.T.);
#1992=EDGE_CURVE('',#1516,#1537,#380,.T.);
#1993=EDGE_CURVE('',#1517,#1535,#381,.T.);
#1994=EDGE_CURVE('',#1519,#1543,#78,.T.);
#1995=EDGE_CURVE('',#1543,#1544,#382,.T.);
#1996=EDGE_CURVE('',#1544,#1520,#79,.T.);
#1997=EDGE_CURVE('',#1534,#1492,#383,.T.);
#1998=EDGE_CURVE('',#1533,#1490,#384,.T.);
#1999=EDGE_CURVE('',#1531,#1528,#385,.T.);
#2000=EDGE_CURVE('',#1478,#1489,#386,.T.);
#2001=EDGE_CURVE('',#1482,#1545,#80,.T.);
#2002=EDGE_CURVE('',#1545,#1546,#387,.T.);
#2003=EDGE_CURVE('',#1546,#1483,#81,.T.);
#2004=EDGE_CURVE('',#1481,#1526,#388,.T.);
#2005=EDGE_CURVE('',#1512,#1547,#389,.T.);
#2006=EDGE_CURVE('',#1548,#1547,#259,.T.);
#2007=EDGE_CURVE('',#1548,#1499,#390,.T.);
#2008=EDGE_CURVE('',#1549,#1548,#260,.T.);
#2009=EDGE_CURVE('',#1550,#1549,#148,.T.);
#2010=EDGE_CURVE('',#1551,#1550,#149,.T.);
#2011=EDGE_CURVE('',#1500,#1551,#150,.T.);
#2012=EDGE_CURVE('',#1552,#1511,#151,.T.);
#2013=EDGE_CURVE('',#1553,#1552,#152,.T.);
#2014=EDGE_CURVE('',#1554,#1553,#153,.T.);
#2015=EDGE_CURVE('',#1547,#1554,#261,.T.);
#2016=EDGE_CURVE('',#1543,#1546,#262,.T.);
#2017=EDGE_CURVE('',#1555,#1542,#82,.T.);
#2018=EDGE_CURVE('',#1556,#1555,#263,.T.);
#2019=EDGE_CURVE('',#1529,#1556,#83,.T.);
#2020=EDGE_CURVE('',#1513,#1539,#391,.T.);
#2021=EDGE_CURVE('',#1502,#1550,#962,.T.);
#2022=EDGE_CURVE('',#1501,#1551,#963,.T.);
#2023=EDGE_CURVE('',#1557,#1549,#392,.T.);
#2024=EDGE_CURVE('',#1503,#1557,#964,.T.);
#2025=EDGE_CURVE('',#1554,#1558,#393,.T.);
#2026=EDGE_CURVE('',#1559,#1558,#965,.T.);
#2027=EDGE_CURVE('',#1559,#1560,#264,.T.);
#2028=EDGE_CURVE('',#1560,#1561,#265,.T.);
#2029=EDGE_CURVE('',#1561,#1562,#266,.T.);
#2030=EDGE_CURVE('',#1562,#1557,#966,.T.);
#2031=EDGE_CURVE('',#1552,#1510,#967,.T.);
#2032=EDGE_CURVE('',#1553,#1509,#968,.T.);
#2033=EDGE_CURVE('',#1558,#1508,#969,.T.);
#2034=EDGE_CURVE('',#1556,#1563,#394,.T.);
#2035=EDGE_CURVE('',#1563,#1530,#84,.T.);
#2036=EDGE_CURVE('',#1564,#1555,#395,.T.);
#2037=EDGE_CURVE('',#1564,#1563,#267,.T.);
#2038=EDGE_CURVE('',#1541,#1564,#85,.T.);
#2039=EDGE_CURVE('',#1545,#1544,#268,.T.);
#2040=EDGE_CURVE('',#1507,#1559,#86,.T.);
#2041=EDGE_CURVE('',#1562,#1504,#87,.T.);
#2042=EDGE_CURVE('',#1532,#1491,#396,.T.);
#2043=EDGE_CURVE('',#1565,#1566,#269,.T.);
#2044=EDGE_CURVE('',#1565,#1567,#397,.T.);
#2045=EDGE_CURVE('',#1568,#1567,#154,.T.);
#2046=EDGE_CURVE('',#1566,#1568,#155,.T.);
#2047=EDGE_CURVE('',#1569,#1565,#270,.T.);
#2048=EDGE_CURVE('',#1567,#1569,#156,.T.);
#2049=EDGE_CURVE('',#1570,#1566,#398,.T.);
#2050=EDGE_CURVE('',#1570,#1571,#970,.T.);
#2051=EDGE_CURVE('',#1572,#1571,#399,.T.);
#2052=EDGE_CURVE('',#1572,#1569,#971,.T.);
#2053=EDGE_CURVE('',#1568,#1573,#972,.T.);
#2054=EDGE_CURVE('',#1573,#1574,#400,.T.);
#2055=EDGE_CURVE('',#1574,#1570,#973,.T.);
#2056=EDGE_CURVE('',#1575,#1572,#974,.T.);
#2057=EDGE_CURVE('',#1573,#1575,#975,.T.);
#2058=EDGE_CURVE('',#1576,#1575,#401,.T.);
#2059=EDGE_CURVE('',#1574,#1576,#976,.T.);
#2060=EDGE_CURVE('',#1571,#1576,#977,.T.);
#2061=EDGE_CURVE('',#1577,#1578,#157,.T.);
#2062=EDGE_CURVE('',#1577,#1579,#402,.T.);
#2063=EDGE_CURVE('',#1580,#1579,#271,.T.);
#2064=EDGE_CURVE('',#1578,#1580,#158,.T.);
#2065=EDGE_CURVE('',#1581,#1577,#88,.T.);
#2066=EDGE_CURVE('',#1579,#1581,#272,.T.);
#2067=EDGE_CURVE('',#1582,#1578,#978,.T.);
#2068=EDGE_CURVE('',#1583,#1582,#979,.T.);
#2069=EDGE_CURVE('',#1584,#1583,#980,.T.);
#2070=EDGE_CURVE('',#1581,#1584,#981,.T.);
#2071=EDGE_CURVE('',#1580,#1585,#403,.T.);
#2072=EDGE_CURVE('',#1585,#1586,#982,.T.);
#2073=EDGE_CURVE('',#1586,#1582,#404,.T.);
#2074=EDGE_CURVE('',#1585,#1587,#983,.T.);
#2075=EDGE_CURVE('',#1588,#1587,#984,.T.);
#2076=EDGE_CURVE('',#1586,#1588,#985,.T.);
#2077=EDGE_CURVE('',#1583,#1588,#405,.T.);
#2078=EDGE_CURVE('',#1587,#1584,#406,.T.);
#2079=EDGE_CURVE('',#1589,#1590,#986,.T.);
#2080=EDGE_CURVE('',#1591,#1589,#987,.T.);
#2081=EDGE_CURVE('',#1592,#1591,#988,.T.);
#2082=EDGE_CURVE('',#1593,#1592,#989,.T.);
#2083=EDGE_CURVE('',#1594,#1593,#990,.T.);
#2084=EDGE_CURVE('',#1595,#1594,#991,.T.);
#2085=EDGE_CURVE('',#1596,#1595,#992,.T.);
#2086=EDGE_CURVE('',#1590,#1596,#993,.T.);
#2087=EDGE_CURVE('',#1597,#1597,#407,.T.);
#2088=EDGE_CURVE('',#1598,#1598,#408,.T.);
#2089=EDGE_CURVE('',#1592,#1599,#994,.T.);
#2090=EDGE_CURVE('',#1599,#1600,#995,.T.);
#2091=EDGE_CURVE('',#1600,#1593,#996,.T.);
#2092=EDGE_CURVE('',#1601,#1591,#997,.T.);
#2093=EDGE_CURVE('',#1601,#1599,#998,.T.);
#2094=EDGE_CURVE('',#1602,#1589,#999,.T.);
#2095=EDGE_CURVE('',#1602,#1603,#1000,.T.);
#2096=EDGE_CURVE('',#1601,#1603,#1001,.T.);
#2097=EDGE_CURVE('',#1604,#1590,#1002,.T.);
#2098=EDGE_CURVE('',#1605,#1604,#1003,.T.);
#2099=EDGE_CURVE('',#1606,#1605,#1004,.T.);
#2100=EDGE_CURVE('',#1606,#1602,#1005,.T.);
#2101=EDGE_CURVE('',#1607,#1600,#1006,.T.);
#2102=EDGE_CURVE('',#1607,#1594,#1007,.T.);
#2103=EDGE_CURVE('',#1596,#1608,#1008,.T.);
#2104=EDGE_CURVE('',#1608,#1604,#1009,.T.);
#2105=EDGE_CURVE('',#1609,#1595,#1010,.T.);
#2106=EDGE_CURVE('',#1610,#1609,#1011,.T.);
#2107=EDGE_CURVE('',#1610,#1611,#1012,.T.);
#2108=EDGE_CURVE('',#1611,#1608,#1013,.T.);
#2109=EDGE_CURVE('',#1597,#1612,#1014,.T.);
#2110=EDGE_CURVE('',#1612,#1612,#409,.T.);
#2111=EDGE_CURVE('',#1598,#1613,#1015,.T.);
#2112=EDGE_CURVE('',#1613,#1613,#410,.T.);
#2113=EDGE_CURVE('',#1614,#1615,#159,.T.);
#2114=EDGE_CURVE('',#1615,#1616,#160,.T.);
#2115=EDGE_CURVE('',#1616,#1617,#161,.T.);
#2116=EDGE_CURVE('',#1617,#1614,#162,.T.);
#2117=EDGE_CURVE('',#1618,#1619,#163,.T.);
#2118=EDGE_CURVE('',#1619,#1620,#164,.T.);
#2119=EDGE_CURVE('',#1620,#1621,#165,.T.);
#2120=EDGE_CURVE('',#1621,#1618,#166,.T.);
#2121=EDGE_CURVE('',#1610,#1622,#1016,.T.);
#2122=EDGE_CURVE('',#1622,#1623,#1017,.T.);
#2123=EDGE_CURVE('',#1611,#1623,#1018,.T.);
#2124=EDGE_CURVE('',#1611,#1624,#1019,.T.);
#2125=EDGE_CURVE('',#1625,#1623,#1020,.T.);
#2126=EDGE_CURVE('',#1624,#1625,#1021,.T.);
#2127=EDGE_CURVE('',#1609,#1624,#1022,.T.);
#2128=EDGE_CURVE('',#1626,#1625,#1023,.T.);
#2129=EDGE_CURVE('',#1609,#1626,#1024,.T.);
#2130=EDGE_CURVE('',#1627,#1626,#1025,.T.);
#2131=EDGE_CURVE('',#1622,#1627,#1026,.T.);
#2132=EDGE_CURVE('',#1628,#1629,#1027,.T.);
#2133=EDGE_CURVE('',#1628,#1606,#1028,.T.);
#2134=EDGE_CURVE('',#1629,#1605,#1029,.T.);
#2135=EDGE_CURVE('',#1629,#1630,#1030,.T.);
#2136=EDGE_CURVE('',#1603,#1605,#1031,.T.);
#2137=EDGE_CURVE('',#1630,#1603,#1032,.T.);
#2138=EDGE_CURVE('',#1631,#1630,#1033,.T.);
#2139=EDGE_CURVE('',#1631,#1602,#1034,.T.);
#2140=EDGE_CURVE('',#1632,#1631,#1035,.T.);
#2141=EDGE_CURVE('',#1628,#1632,#1036,.T.);
#2142=EDGE_CURVE('',#1633,#1634,#1037,.T.);
#2143=EDGE_CURVE('',#1633,#1635,#1038,.T.);
#2144=EDGE_CURVE('',#1636,#1635,#1039,.T.);
#2145=EDGE_CURVE('',#1634,#1636,#1040,.T.);
#2146=EDGE_CURVE('',#1634,#1637,#1041,.T.);
#2147=EDGE_CURVE('',#1638,#1636,#1042,.T.);
#2148=EDGE_CURVE('',#1637,#1638,#1043,.T.);
#2149=EDGE_CURVE('',#1639,#1637,#1044,.T.);
#2150=EDGE_CURVE('',#1638,#1640,#1045,.T.);
#2151=EDGE_CURVE('',#1639,#1640,#1046,.T.);
#2152=EDGE_CURVE('',#1633,#1639,#1047,.T.);
#2153=EDGE_CURVE('',#1635,#1640,#1048,.T.);
#2154=EDGE_CURVE('',#1631,#1633,#1049,.T.);
#2155=EDGE_CURVE('',#1630,#1634,#1050,.T.);
#2156=EDGE_CURVE('',#1639,#1628,#1051,.T.);
#2157=EDGE_CURVE('',#1637,#1629,#1052,.T.);
#2158=EDGE_CURVE('',#1638,#1620,#1053,.T.);
#2159=EDGE_CURVE('',#1636,#1621,#1054,.T.);
#2160=EDGE_CURVE('',#1635,#1618,#1055,.T.);
#2161=EDGE_CURVE('',#1640,#1619,#1056,.T.);
#2162=EDGE_CURVE('',#1624,#1607,#1057,.T.);
#2163=EDGE_CURVE('',#1641,#1642,#1058,.T.);
#2164=EDGE_CURVE('',#1641,#1643,#1059,.T.);
#2165=EDGE_CURVE('',#1644,#1643,#1060,.T.);
#2166=EDGE_CURVE('',#1642,#1644,#1061,.T.);
#2167=EDGE_CURVE('',#1642,#1645,#1062,.T.);
#2168=EDGE_CURVE('',#1646,#1644,#1063,.T.);
#2169=EDGE_CURVE('',#1645,#1646,#1064,.T.);
#2170=EDGE_CURVE('',#1647,#1645,#1065,.T.);
#2171=EDGE_CURVE('',#1646,#1648,#1066,.T.);
#2172=EDGE_CURVE('',#1647,#1648,#1067,.T.);
#2173=EDGE_CURVE('',#1647,#1641,#1068,.T.);
#2174=EDGE_CURVE('',#1643,#1648,#1069,.T.);
#2175=EDGE_CURVE('',#1644,#1617,#1070,.T.);
#2176=EDGE_CURVE('',#1646,#1616,#1071,.T.);
#2177=EDGE_CURVE('',#1643,#1614,#1072,.T.);
#2178=EDGE_CURVE('',#1648,#1615,#1073,.T.);
#2179=EDGE_CURVE('',#1626,#1647,#1074,.T.);
#2180=EDGE_CURVE('',#1645,#1625,#1075,.T.);
#2181=EDGE_CURVE('',#1641,#1622,#1076,.T.);
#2182=EDGE_CURVE('',#1623,#1642,#1077,.T.);
#2183=EDGE_CURVE('',#1649,#1650,#1078,.T.);
#2184=EDGE_CURVE('',#1651,#1649,#1079,.T.);
#2185=EDGE_CURVE('',#1652,#1651,#1080,.T.);
#2186=EDGE_CURVE('',#1650,#1652,#1081,.T.);
#2187=EDGE_CURVE('',#1649,#1653,#411,.T.);
#2188=EDGE_CURVE('',#1653,#1654,#1082,.T.);
#2189=EDGE_CURVE('',#1654,#1651,#412,.T.);
#2190=EDGE_CURVE('',#1650,#1655,#413,.T.);
#2191=EDGE_CURVE('',#1655,#1653,#1083,.T.);
#2192=EDGE_CURVE('',#1656,#1652,#414,.T.);
#2193=EDGE_CURVE('',#1655,#1656,#1084,.T.);
#2194=EDGE_CURVE('',#1656,#1654,#1085,.T.);
#2195=EDGE_CURVE('',#1657,#1658,#1086,.T.);
#2196=EDGE_CURVE('',#1659,#1658,#415,.T.);
#2197=EDGE_CURVE('',#1660,#1659,#1087,.T.);
#2198=EDGE_CURVE('',#1657,#1660,#416,.T.);
#2199=EDGE_CURVE('',#1661,#1657,#1088,.T.);
#2200=EDGE_CURVE('',#1660,#1662,#1089,.T.);
#2201=EDGE_CURVE('',#1661,#1662,#417,.T.);
#2202=EDGE_CURVE('',#1659,#1663,#1090,.T.);
#2203=EDGE_CURVE('',#1662,#1663,#1091,.T.);
#2204=EDGE_CURVE('',#1658,#1664,#1092,.T.);
#2205=EDGE_CURVE('',#1663,#1664,#418,.T.);
#2206=EDGE_CURVE('',#1664,#1661,#1093,.T.);
#2207=ORIENTED_EDGE('',*,*,#1665,.F.);
#2208=ORIENTED_EDGE('',*,*,#1666,.F.);
#2209=ORIENTED_EDGE('',*,*,#1667,.F.);
#2210=ORIENTED_EDGE('',*,*,#1668,.F.);
#2211=ORIENTED_EDGE('',*,*,#1669,.F.);
#2212=ORIENTED_EDGE('',*,*,#1666,.T.);
#2213=ORIENTED_EDGE('',*,*,#1670,.T.);
#2214=ORIENTED_EDGE('',*,*,#1671,.T.);
#2215=ORIENTED_EDGE('',*,*,#1672,.F.);
#2216=ORIENTED_EDGE('',*,*,#1673,.T.);
#2217=ORIENTED_EDGE('',*,*,#1674,.T.);
#2218=ORIENTED_EDGE('',*,*,#1675,.T.);
#2219=ORIENTED_EDGE('',*,*,#1676,.T.);
#2220=ORIENTED_EDGE('',*,*,#1669,.T.);
#2221=ORIENTED_EDGE('',*,*,#1677,.F.);
#2222=ORIENTED_EDGE('',*,*,#1678,.T.);
#2223=ORIENTED_EDGE('',*,*,#1679,.F.);
#2224=ORIENTED_EDGE('',*,*,#1680,.T.);
#2225=ORIENTED_EDGE('',*,*,#1678,.F.);
#2226=ORIENTED_EDGE('',*,*,#1681,.F.);
#2227=ORIENTED_EDGE('',*,*,#1682,.F.);
#2228=ORIENTED_EDGE('',*,*,#1675,.F.);
#2229=ORIENTED_EDGE('',*,*,#1683,.F.);
#2230=ORIENTED_EDGE('',*,*,#1668,.T.);
#2231=ORIENTED_EDGE('',*,*,#1684,.F.);
#2232=ORIENTED_EDGE('',*,*,#1681,.T.);
#2233=ORIENTED_EDGE('',*,*,#1677,.T.);
#2234=ORIENTED_EDGE('',*,*,#1667,.T.);
#2235=ORIENTED_EDGE('',*,*,#1676,.F.);
#2236=ORIENTED_EDGE('',*,*,#1682,.T.);
#2237=ORIENTED_EDGE('',*,*,#1684,.T.);
#2238=ORIENTED_EDGE('',*,*,#1685,.F.);
#2239=ORIENTED_EDGE('',*,*,#1686,.T.);
#2240=ORIENTED_EDGE('',*,*,#1670,.F.);
#2241=ORIENTED_EDGE('',*,*,#1665,.T.);
#2242=ORIENTED_EDGE('',*,*,#1687,.T.);
#2243=ORIENTED_EDGE('',*,*,#1688,.F.);
#2244=ORIENTED_EDGE('',*,*,#1689,.F.);
#2245=ORIENTED_EDGE('',*,*,#1690,.F.);
#2246=ORIENTED_EDGE('',*,*,#1691,.F.);
#2247=ORIENTED_EDGE('',*,*,#1689,.T.);
#2248=ORIENTED_EDGE('',*,*,#1692,.F.);
#2249=ORIENTED_EDGE('',*,*,#1693,.F.);
#2250=ORIENTED_EDGE('',*,*,#1694,.F.);
#2251=ORIENTED_EDGE('',*,*,#1695,.F.);
#2252=ORIENTED_EDGE('',*,*,#1696,.F.);
#2253=ORIENTED_EDGE('',*,*,#1697,.T.);
#2254=ORIENTED_EDGE('',*,*,#1698,.F.);
#2255=ORIENTED_EDGE('',*,*,#1699,.F.);
#2256=ORIENTED_EDGE('',*,*,#1695,.T.);
#2257=ORIENTED_EDGE('',*,*,#1700,.F.);
#2258=ORIENTED_EDGE('',*,*,#1701,.F.);
#2259=ORIENTED_EDGE('',*,*,#1702,.F.);
#2260=ORIENTED_EDGE('',*,*,#1703,.F.);
#2261=ORIENTED_EDGE('',*,*,#1704,.F.);
#2262=ORIENTED_EDGE('',*,*,#1705,.F.);
#2263=ORIENTED_EDGE('',*,*,#1706,.F.);
#2264=ORIENTED_EDGE('',*,*,#1707,.F.);
#2265=ORIENTED_EDGE('',*,*,#1693,.T.);
#2266=ORIENTED_EDGE('',*,*,#1701,.T.);
#2267=ORIENTED_EDGE('',*,*,#1708,.T.);
#2268=ORIENTED_EDGE('',*,*,#1709,.F.);
#2269=ORIENTED_EDGE('',*,*,#1710,.F.);
#2270=ORIENTED_EDGE('',*,*,#1711,.F.);
#2271=ORIENTED_EDGE('',*,*,#1712,.T.);
#2272=ORIENTED_EDGE('',*,*,#1713,.F.);
#2273=ORIENTED_EDGE('',*,*,#1714,.F.);
#2274=ORIENTED_EDGE('',*,*,#1715,.T.);
#2275=ORIENTED_EDGE('',*,*,#1716,.T.);
#2276=ORIENTED_EDGE('',*,*,#1717,.F.);
#2277=ORIENTED_EDGE('',*,*,#1718,.T.);
#2278=ORIENTED_EDGE('',*,*,#1688,.T.);
#2279=ORIENTED_EDGE('',*,*,#1719,.T.);
#2280=ORIENTED_EDGE('',*,*,#1720,.F.);
#2281=ORIENTED_EDGE('',*,*,#1692,.T.);
#2282=ORIENTED_EDGE('',*,*,#1718,.F.);
#2283=ORIENTED_EDGE('',*,*,#1721,.T.);
#2284=ORIENTED_EDGE('',*,*,#1722,.T.);
#2285=ORIENTED_EDGE('',*,*,#1723,.T.);
#2286=ORIENTED_EDGE('',*,*,#1702,.T.);
#2287=ORIENTED_EDGE('',*,*,#1712,.F.);
#2288=ORIENTED_EDGE('',*,*,#1724,.F.);
#2289=ORIENTED_EDGE('',*,*,#1725,.F.);
#2290=ORIENTED_EDGE('',*,*,#1707,.T.);
#2291=ORIENTED_EDGE('',*,*,#1726,.T.);
#2292=ORIENTED_EDGE('',*,*,#1696,.T.);
#2293=ORIENTED_EDGE('',*,*,#1727,.F.);
#2294=ORIENTED_EDGE('',*,*,#1728,.T.);
#2295=ORIENTED_EDGE('',*,*,#1710,.T.);
#2296=ORIENTED_EDGE('',*,*,#1729,.T.);
#2297=ORIENTED_EDGE('',*,*,#1730,.T.);
#2298=ORIENTED_EDGE('',*,*,#1731,.T.);
#2299=ORIENTED_EDGE('',*,*,#1732,.T.);
#2300=ORIENTED_EDGE('',*,*,#1698,.T.);
#2301=ORIENTED_EDGE('',*,*,#1733,.F.);
#2302=ORIENTED_EDGE('',*,*,#1734,.F.);
#2303=ORIENTED_EDGE('',*,*,#1735,.F.);
#2304=ORIENTED_EDGE('',*,*,#1736,.F.);
#2305=ORIENTED_EDGE('',*,*,#1690,.T.);
#2306=ORIENTED_EDGE('',*,*,#1691,.T.);
#2307=ORIENTED_EDGE('',*,*,#1732,.F.);
#2308=ORIENTED_EDGE('',*,*,#1737,.F.);
#2309=ORIENTED_EDGE('',*,*,#1738,.F.);
#2310=ORIENTED_EDGE('',*,*,#1739,.F.);
#2311=ORIENTED_EDGE('',*,*,#1740,.F.);
#2312=ORIENTED_EDGE('',*,*,#1719,.F.);
#2313=ORIENTED_EDGE('',*,*,#1741,.F.);
#2314=ORIENTED_EDGE('',*,*,#1742,.T.);
#2315=ORIENTED_EDGE('',*,*,#1743,.F.);
#2316=ORIENTED_EDGE('',*,*,#1744,.T.);
#2317=ORIENTED_EDGE('',*,*,#1745,.T.);
#2318=ORIENTED_EDGE('',*,*,#1733,.T.);
#2319=ORIENTED_EDGE('',*,*,#1697,.F.);
#2320=ORIENTED_EDGE('',*,*,#1740,.T.);
#2321=ORIENTED_EDGE('',*,*,#1746,.T.);
#2322=ORIENTED_EDGE('',*,*,#1747,.F.);
#2323=ORIENTED_EDGE('',*,*,#1748,.F.);
#2324=ORIENTED_EDGE('',*,*,#1720,.T.);
#2325=ORIENTED_EDGE('',*,*,#1749,.F.);
#2326=ORIENTED_EDGE('',*,*,#1750,.T.);
#2327=ORIENTED_EDGE('',*,*,#1751,.F.);
#2328=ORIENTED_EDGE('',*,*,#1746,.F.);
#2329=ORIENTED_EDGE('',*,*,#1752,.F.);
#2330=ORIENTED_EDGE('',*,*,#1753,.F.);
#2331=ORIENTED_EDGE('',*,*,#1750,.F.);
#2332=ORIENTED_EDGE('',*,*,#1754,.T.);
#2333=ORIENTED_EDGE('',*,*,#1714,.T.);
#2334=ORIENTED_EDGE('',*,*,#1755,.T.);
#2335=ORIENTED_EDGE('',*,*,#1756,.F.);
#2336=ORIENTED_EDGE('',*,*,#1713,.T.);
#2337=ORIENTED_EDGE('',*,*,#1748,.T.);
#2338=ORIENTED_EDGE('',*,*,#1757,.F.);
#2339=ORIENTED_EDGE('',*,*,#1755,.F.);
#2340=ORIENTED_EDGE('',*,*,#1758,.F.);
#2341=ORIENTED_EDGE('',*,*,#1756,.T.);
#2342=ORIENTED_EDGE('',*,*,#1757,.T.);
#2343=ORIENTED_EDGE('',*,*,#1747,.T.);
#2344=ORIENTED_EDGE('',*,*,#1751,.T.);
#2345=ORIENTED_EDGE('',*,*,#1753,.T.);
#2346=ORIENTED_EDGE('',*,*,#1715,.F.);
#2347=ORIENTED_EDGE('',*,*,#1754,.F.);
#2348=ORIENTED_EDGE('',*,*,#1759,.F.);
#2349=ORIENTED_EDGE('',*,*,#1760,.F.);
#2350=ORIENTED_EDGE('',*,*,#1761,.F.);
#2351=ORIENTED_EDGE('',*,*,#1700,.T.);
#2352=ORIENTED_EDGE('',*,*,#1762,.F.);
#2353=ORIENTED_EDGE('',*,*,#1708,.F.);
#2354=ORIENTED_EDGE('',*,*,#1763,.F.);
#2355=ORIENTED_EDGE('',*,*,#1764,.F.);
#2356=ORIENTED_EDGE('',*,*,#1765,.F.);
#2357=ORIENTED_EDGE('',*,*,#1766,.F.);
#2358=ORIENTED_EDGE('',*,*,#1767,.F.);
#2359=ORIENTED_EDGE('',*,*,#1673,.F.);
#2360=ORIENTED_EDGE('',*,*,#1768,.F.);
#2361=ORIENTED_EDGE('',*,*,#1769,.F.);
#2362=ORIENTED_EDGE('',*,*,#1770,.F.);
#2363=ORIENTED_EDGE('',*,*,#1771,.F.);
#2364=ORIENTED_EDGE('',*,*,#1772,.F.);
#2365=ORIENTED_EDGE('',*,*,#1705,.T.);
#2366=ORIENTED_EDGE('',*,*,#1723,.F.);
#2367=ORIENTED_EDGE('',*,*,#1773,.F.);
#2368=ORIENTED_EDGE('',*,*,#1704,.T.);
#2369=ORIENTED_EDGE('',*,*,#1774,.F.);
#2370=ORIENTED_EDGE('',*,*,#1775,.F.);
#2371=ORIENTED_EDGE('',*,*,#1729,.F.);
#2372=ORIENTED_EDGE('',*,*,#1709,.T.);
#2373=ORIENTED_EDGE('',*,*,#1762,.T.);
#2374=ORIENTED_EDGE('',*,*,#1776,.F.);
#2375=ORIENTED_EDGE('',*,*,#1777,.F.);
#2376=ORIENTED_EDGE('',*,*,#1671,.F.);
#2377=ORIENTED_EDGE('',*,*,#1686,.F.);
#2378=ORIENTED_EDGE('',*,*,#1778,.F.);
#2379=ORIENTED_EDGE('',*,*,#1779,.F.);
#2380=ORIENTED_EDGE('',*,*,#1780,.F.);
#2381=ORIENTED_EDGE('',*,*,#1781,.F.);
#2382=ORIENTED_EDGE('',*,*,#1782,.F.);
#2383=ORIENTED_EDGE('',*,*,#1783,.F.);
#2384=ORIENTED_EDGE('',*,*,#1784,.F.);
#2385=ORIENTED_EDGE('',*,*,#1703,.T.);
#2386=ORIENTED_EDGE('',*,*,#1726,.F.);
#2387=ORIENTED_EDGE('',*,*,#1706,.T.);
#2388=ORIENTED_EDGE('',*,*,#1773,.T.);
#2389=ORIENTED_EDGE('',*,*,#1722,.F.);
#2390=ORIENTED_EDGE('',*,*,#1785,.F.);
#2391=ORIENTED_EDGE('',*,*,#1774,.T.);
#2392=ORIENTED_EDGE('',*,*,#1694,.T.);
#2393=ORIENTED_EDGE('',*,*,#1725,.T.);
#2394=ORIENTED_EDGE('',*,*,#1786,.T.);
#2395=ORIENTED_EDGE('',*,*,#1741,.T.);
#2396=ORIENTED_EDGE('',*,*,#1724,.T.);
#2397=ORIENTED_EDGE('',*,*,#1711,.T.);
#2398=ORIENTED_EDGE('',*,*,#1728,.F.);
#2399=ORIENTED_EDGE('',*,*,#1742,.F.);
#2400=ORIENTED_EDGE('',*,*,#1786,.F.);
#2401=ORIENTED_EDGE('',*,*,#1787,.F.);
#2402=ORIENTED_EDGE('',*,*,#1788,.F.);
#2403=ORIENTED_EDGE('',*,*,#1789,.F.);
#2404=ORIENTED_EDGE('',*,*,#1744,.F.);
#2405=ORIENTED_EDGE('',*,*,#1780,.T.);
#2406=ORIENTED_EDGE('',*,*,#1790,.F.);
#2407=ORIENTED_EDGE('',*,*,#1764,.T.);
#2408=ORIENTED_EDGE('',*,*,#1791,.T.);
#2409=ORIENTED_EDGE('',*,*,#1779,.T.);
#2410=ORIENTED_EDGE('',*,*,#1792,.F.);
#2411=ORIENTED_EDGE('',*,*,#1687,.F.);
#2412=ORIENTED_EDGE('',*,*,#1680,.F.);
#2413=ORIENTED_EDGE('',*,*,#1793,.F.);
#2414=ORIENTED_EDGE('',*,*,#1765,.T.);
#2415=ORIENTED_EDGE('',*,*,#1790,.T.);
#2416=ORIENTED_EDGE('',*,*,#1771,.T.);
#2417=ORIENTED_EDGE('',*,*,#1794,.F.);
#2418=ORIENTED_EDGE('',*,*,#1795,.F.);
#2419=ORIENTED_EDGE('',*,*,#1796,.T.);
#2420=ORIENTED_EDGE('',*,*,#1766,.T.);
#2421=ORIENTED_EDGE('',*,*,#1793,.T.);
#2422=ORIENTED_EDGE('',*,*,#1679,.T.);
#2423=ORIENTED_EDGE('',*,*,#1797,.T.);
#2424=ORIENTED_EDGE('',*,*,#1778,.T.);
#2425=ORIENTED_EDGE('',*,*,#1685,.T.);
#2426=ORIENTED_EDGE('',*,*,#1792,.T.);
#2427=ORIENTED_EDGE('',*,*,#1683,.T.);
#2428=ORIENTED_EDGE('',*,*,#1674,.F.);
#2429=ORIENTED_EDGE('',*,*,#1767,.T.);
#2430=ORIENTED_EDGE('',*,*,#1797,.F.);
#2431=ORIENTED_EDGE('',*,*,#1738,.T.);
#2432=ORIENTED_EDGE('',*,*,#1798,.F.);
#2433=ORIENTED_EDGE('',*,*,#1799,.F.);
#2434=ORIENTED_EDGE('',*,*,#1800,.T.);
#2435=ORIENTED_EDGE('',*,*,#1760,.T.);
#2436=ORIENTED_EDGE('',*,*,#1801,.T.);
#2437=ORIENTED_EDGE('',*,*,#1802,.F.);
#2438=ORIENTED_EDGE('',*,*,#1803,.F.);
#2439=ORIENTED_EDGE('',*,*,#1789,.T.);
#2440=ORIENTED_EDGE('',*,*,#1804,.T.);
#2441=ORIENTED_EDGE('',*,*,#1734,.T.);
#2442=ORIENTED_EDGE('',*,*,#1745,.F.);
#2443=ORIENTED_EDGE('',*,*,#1805,.F.);
#2444=ORIENTED_EDGE('',*,*,#1806,.F.);
#2445=ORIENTED_EDGE('',*,*,#1807,.F.);
#2446=ORIENTED_EDGE('',*,*,#1808,.F.);
#2447=ORIENTED_EDGE('',*,*,#1809,.F.);
#2448=ORIENTED_EDGE('',*,*,#1808,.T.);
#2449=ORIENTED_EDGE('',*,*,#1810,.F.);
#2450=ORIENTED_EDGE('',*,*,#1811,.F.);
#2451=ORIENTED_EDGE('',*,*,#1812,.F.);
#2452=ORIENTED_EDGE('',*,*,#1813,.F.);
#2453=ORIENTED_EDGE('',*,*,#1814,.F.);
#2454=ORIENTED_EDGE('',*,*,#1815,.F.);
#2455=ORIENTED_EDGE('',*,*,#1816,.F.);
#2456=ORIENTED_EDGE('',*,*,#1817,.F.);
#2457=ORIENTED_EDGE('',*,*,#1818,.F.);
#2458=ORIENTED_EDGE('',*,*,#1806,.T.);
#2459=ORIENTED_EDGE('',*,*,#1749,.T.);
#2460=ORIENTED_EDGE('',*,*,#1739,.T.);
#2461=ORIENTED_EDGE('',*,*,#1800,.F.);
#2462=ORIENTED_EDGE('',*,*,#1819,.F.);
#2463=ORIENTED_EDGE('',*,*,#1820,.F.);
#2464=ORIENTED_EDGE('',*,*,#1782,.T.);
#2465=ORIENTED_EDGE('',*,*,#1781,.T.);
#2466=ORIENTED_EDGE('',*,*,#1791,.F.);
#2467=ORIENTED_EDGE('',*,*,#1763,.T.);
#2468=ORIENTED_EDGE('',*,*,#1772,.T.);
#2469=ORIENTED_EDGE('',*,*,#1796,.F.);
#2470=ORIENTED_EDGE('',*,*,#1821,.F.);
#2471=ORIENTED_EDGE('',*,*,#1801,.F.);
#2472=ORIENTED_EDGE('',*,*,#1759,.T.);
#2473=ORIENTED_EDGE('',*,*,#1758,.T.);
#2474=ORIENTED_EDGE('',*,*,#1752,.T.);
#2475=ORIENTED_EDGE('',*,*,#1822,.F.);
#2476=ORIENTED_EDGE('',*,*,#1823,.F.);
#2477=ORIENTED_EDGE('',*,*,#1777,.T.);
#2478=ORIENTED_EDGE('',*,*,#1824,.F.);
#2479=ORIENTED_EDGE('',*,*,#1768,.T.);
#2480=ORIENTED_EDGE('',*,*,#1672,.T.);
#2481=ORIENTED_EDGE('',*,*,#1821,.T.);
#2482=ORIENTED_EDGE('',*,*,#1795,.T.);
#2483=ORIENTED_EDGE('',*,*,#1825,.F.);
#2484=ORIENTED_EDGE('',*,*,#1802,.T.);
#2485=ORIENTED_EDGE('',*,*,#1812,.T.);
#2486=ORIENTED_EDGE('',*,*,#1826,.F.);
#2487=ORIENTED_EDGE('',*,*,#1827,.F.);
#2488=ORIENTED_EDGE('',*,*,#1828,.T.);
#2489=ORIENTED_EDGE('',*,*,#1811,.T.);
#2490=ORIENTED_EDGE('',*,*,#1829,.T.);
#2491=ORIENTED_EDGE('',*,*,#1830,.T.);
#2492=ORIENTED_EDGE('',*,*,#1831,.T.);
#2493=ORIENTED_EDGE('',*,*,#1826,.T.);
#2494=ORIENTED_EDGE('',*,*,#1810,.T.);
#2495=ORIENTED_EDGE('',*,*,#1807,.T.);
#2496=ORIENTED_EDGE('',*,*,#1818,.T.);
#2497=ORIENTED_EDGE('',*,*,#1832,.F.);
#2498=ORIENTED_EDGE('',*,*,#1833,.F.);
#2499=ORIENTED_EDGE('',*,*,#1834,.F.);
#2500=ORIENTED_EDGE('',*,*,#1835,.F.);
#2501=ORIENTED_EDGE('',*,*,#1836,.F.);
#2502=ORIENTED_EDGE('',*,*,#1837,.T.);
#2503=ORIENTED_EDGE('',*,*,#1829,.F.);
#2504=ORIENTED_EDGE('',*,*,#1815,.T.);
#2505=ORIENTED_EDGE('',*,*,#1838,.F.);
#2506=ORIENTED_EDGE('',*,*,#1839,.F.);
#2507=ORIENTED_EDGE('',*,*,#1817,.T.);
#2508=ORIENTED_EDGE('',*,*,#1840,.T.);
#2509=ORIENTED_EDGE('',*,*,#1841,.T.);
#2510=ORIENTED_EDGE('',*,*,#1842,.T.);
#2511=ORIENTED_EDGE('',*,*,#1832,.T.);
#2512=ORIENTED_EDGE('',*,*,#1816,.T.);
#2513=ORIENTED_EDGE('',*,*,#1839,.T.);
#2514=ORIENTED_EDGE('',*,*,#1843,.F.);
#2515=ORIENTED_EDGE('',*,*,#1840,.F.);
#2516=ORIENTED_EDGE('',*,*,#1813,.T.);
#2517=ORIENTED_EDGE('',*,*,#1828,.F.);
#2518=ORIENTED_EDGE('',*,*,#1844,.F.);
#2519=ORIENTED_EDGE('',*,*,#1785,.T.);
#2520=ORIENTED_EDGE('',*,*,#1721,.F.);
#2521=ORIENTED_EDGE('',*,*,#1717,.T.);
#2522=ORIENTED_EDGE('',*,*,#1730,.F.);
#2523=ORIENTED_EDGE('',*,*,#1775,.T.);
#2524=ORIENTED_EDGE('',*,*,#1776,.T.);
#2525=ORIENTED_EDGE('',*,*,#1784,.T.);
#2526=ORIENTED_EDGE('',*,*,#1845,.T.);
#2527=ORIENTED_EDGE('',*,*,#1846,.T.);
#2528=ORIENTED_EDGE('',*,*,#1798,.T.);
#2529=ORIENTED_EDGE('',*,*,#1737,.T.);
#2530=ORIENTED_EDGE('',*,*,#1731,.F.);
#2531=ORIENTED_EDGE('',*,*,#1716,.F.);
#2532=ORIENTED_EDGE('',*,*,#1761,.T.);
#2533=ORIENTED_EDGE('',*,*,#1803,.T.);
#2534=ORIENTED_EDGE('',*,*,#1825,.T.);
#2535=ORIENTED_EDGE('',*,*,#1794,.T.);
#2536=ORIENTED_EDGE('',*,*,#1770,.T.);
#2537=ORIENTED_EDGE('',*,*,#1769,.T.);
#2538=ORIENTED_EDGE('',*,*,#1824,.T.);
#2539=ORIENTED_EDGE('',*,*,#1847,.T.);
#2540=ORIENTED_EDGE('',*,*,#1836,.T.);
#2541=ORIENTED_EDGE('',*,*,#1835,.T.);
#2542=ORIENTED_EDGE('',*,*,#1834,.T.);
#2543=ORIENTED_EDGE('',*,*,#1848,.T.);
#2544=ORIENTED_EDGE('',*,*,#1849,.T.);
#2545=ORIENTED_EDGE('',*,*,#1850,.T.);
#2546=ORIENTED_EDGE('',*,*,#1809,.T.);
#2547=ORIENTED_EDGE('',*,*,#1844,.T.);
#2548=ORIENTED_EDGE('',*,*,#1827,.T.);
#2549=ORIENTED_EDGE('',*,*,#1831,.F.);
#2550=ORIENTED_EDGE('',*,*,#1851,.F.);
#2551=ORIENTED_EDGE('',*,*,#1850,.F.);
#2552=ORIENTED_EDGE('',*,*,#1852,.T.);
#2553=ORIENTED_EDGE('',*,*,#1823,.T.);
#2554=ORIENTED_EDGE('',*,*,#1822,.T.);
#2555=ORIENTED_EDGE('',*,*,#1852,.F.);
#2556=ORIENTED_EDGE('',*,*,#1849,.F.);
#2557=ORIENTED_EDGE('',*,*,#1853,.T.);
#2558=ORIENTED_EDGE('',*,*,#1841,.F.);
#2559=ORIENTED_EDGE('',*,*,#1843,.T.);
#2560=ORIENTED_EDGE('',*,*,#1838,.T.);
#2561=ORIENTED_EDGE('',*,*,#1814,.T.);
#2562=ORIENTED_EDGE('',*,*,#1805,.T.);
#2563=ORIENTED_EDGE('',*,*,#1783,.T.);
#2564=ORIENTED_EDGE('',*,*,#1820,.T.);
#2565=ORIENTED_EDGE('',*,*,#1854,.F.);
#2566=ORIENTED_EDGE('',*,*,#1845,.F.);
#2567=ORIENTED_EDGE('',*,*,#1819,.T.);
#2568=ORIENTED_EDGE('',*,*,#1799,.T.);
#2569=ORIENTED_EDGE('',*,*,#1846,.F.);
#2570=ORIENTED_EDGE('',*,*,#1854,.T.);
#2571=ORIENTED_EDGE('',*,*,#1787,.T.);
#2572=ORIENTED_EDGE('',*,*,#1743,.T.);
#2573=ORIENTED_EDGE('',*,*,#1727,.T.);
#2574=ORIENTED_EDGE('',*,*,#1699,.T.);
#2575=ORIENTED_EDGE('',*,*,#1736,.T.);
#2576=ORIENTED_EDGE('',*,*,#1855,.F.);
#2577=ORIENTED_EDGE('',*,*,#1788,.T.);
#2578=ORIENTED_EDGE('',*,*,#1855,.T.);
#2579=ORIENTED_EDGE('',*,*,#1735,.T.);
#2580=ORIENTED_EDGE('',*,*,#1804,.F.);
#2581=ORIENTED_EDGE('',*,*,#1833,.T.);
#2582=ORIENTED_EDGE('',*,*,#1842,.F.);
#2583=ORIENTED_EDGE('',*,*,#1853,.F.);
#2584=ORIENTED_EDGE('',*,*,#1848,.F.);
#2585=ORIENTED_EDGE('',*,*,#1851,.T.);
#2586=ORIENTED_EDGE('',*,*,#1830,.F.);
#2587=ORIENTED_EDGE('',*,*,#1837,.F.);
#2588=ORIENTED_EDGE('',*,*,#1847,.F.);
#2589=ORIENTED_EDGE('',*,*,#1856,.F.);
#2590=ORIENTED_EDGE('',*,*,#1857,.F.);
#2591=ORIENTED_EDGE('',*,*,#1858,.F.);
#2592=ORIENTED_EDGE('',*,*,#1859,.F.);
#2593=ORIENTED_EDGE('',*,*,#1860,.F.);
#2594=ORIENTED_EDGE('',*,*,#1861,.F.);
#2595=ORIENTED_EDGE('',*,*,#1859,.T.);
#2596=ORIENTED_EDGE('',*,*,#1862,.F.);
#2597=ORIENTED_EDGE('',*,*,#1863,.T.);
#2598=ORIENTED_EDGE('',*,*,#1864,.F.);
#2599=ORIENTED_EDGE('',*,*,#1865,.T.);
#2600=ORIENTED_EDGE('',*,*,#1866,.F.);
#2601=ORIENTED_EDGE('',*,*,#1867,.T.);
#2602=ORIENTED_EDGE('',*,*,#1858,.T.);
#2603=ORIENTED_EDGE('',*,*,#1868,.F.);
#2604=ORIENTED_EDGE('',*,*,#1869,.T.);
#2605=ORIENTED_EDGE('',*,*,#1862,.T.);
#2606=ORIENTED_EDGE('',*,*,#1870,.F.);
#2607=ORIENTED_EDGE('',*,*,#1871,.F.);
#2608=ORIENTED_EDGE('',*,*,#1872,.T.);
#2609=ORIENTED_EDGE('',*,*,#1873,.T.);
#2610=ORIENTED_EDGE('',*,*,#1856,.T.);
#2611=ORIENTED_EDGE('',*,*,#1874,.F.);
#2612=ORIENTED_EDGE('',*,*,#1875,.F.);
#2613=ORIENTED_EDGE('',*,*,#1876,.F.);
#2614=ORIENTED_EDGE('',*,*,#1863,.F.);
#2615=ORIENTED_EDGE('',*,*,#1869,.F.);
#2616=ORIENTED_EDGE('',*,*,#1877,.F.);
#2617=ORIENTED_EDGE('',*,*,#1872,.F.);
#2618=ORIENTED_EDGE('',*,*,#1857,.T.);
#2619=ORIENTED_EDGE('',*,*,#1873,.F.);
#2620=ORIENTED_EDGE('',*,*,#1877,.T.);
#2621=ORIENTED_EDGE('',*,*,#1868,.T.);
#2622=ORIENTED_EDGE('',*,*,#1876,.T.);
#2623=ORIENTED_EDGE('',*,*,#1878,.F.);
#2624=ORIENTED_EDGE('',*,*,#1879,.T.);
#2625=ORIENTED_EDGE('',*,*,#1864,.T.);
#2626=ORIENTED_EDGE('',*,*,#1861,.T.);
#2627=ORIENTED_EDGE('',*,*,#1880,.T.);
#2628=ORIENTED_EDGE('',*,*,#1881,.F.);
#2629=ORIENTED_EDGE('',*,*,#1882,.F.);
#2630=ORIENTED_EDGE('',*,*,#1860,.T.);
#2631=ORIENTED_EDGE('',*,*,#1883,.F.);
#2632=ORIENTED_EDGE('',*,*,#1884,.F.);
#2633=ORIENTED_EDGE('',*,*,#1885,.F.);
#2634=ORIENTED_EDGE('',*,*,#1886,.F.);
#2635=ORIENTED_EDGE('',*,*,#1887,.T.);
#2636=ORIENTED_EDGE('',*,*,#1888,.F.);
#2637=ORIENTED_EDGE('',*,*,#1889,.F.);
#2638=ORIENTED_EDGE('',*,*,#1890,.F.);
#2639=ORIENTED_EDGE('',*,*,#1891,.F.);
#2640=ORIENTED_EDGE('',*,*,#1887,.F.);
#2641=ORIENTED_EDGE('',*,*,#1892,.F.);
#2642=ORIENTED_EDGE('',*,*,#1893,.F.);
#2643=ORIENTED_EDGE('',*,*,#1894,.F.);
#2644=ORIENTED_EDGE('',*,*,#1895,.F.);
#2645=ORIENTED_EDGE('',*,*,#1896,.F.);
#2646=ORIENTED_EDGE('',*,*,#1897,.F.);
#2647=ORIENTED_EDGE('',*,*,#1898,.F.);
#2648=ORIENTED_EDGE('',*,*,#1899,.F.);
#2649=ORIENTED_EDGE('',*,*,#1900,.T.);
#2650=ORIENTED_EDGE('',*,*,#1893,.T.);
#2651=ORIENTED_EDGE('',*,*,#1901,.F.);
#2652=ORIENTED_EDGE('',*,*,#1902,.F.);
#2653=ORIENTED_EDGE('',*,*,#1903,.F.);
#2654=ORIENTED_EDGE('',*,*,#1894,.T.);
#2655=ORIENTED_EDGE('',*,*,#1900,.F.);
#2656=ORIENTED_EDGE('',*,*,#1904,.F.);
#2657=ORIENTED_EDGE('',*,*,#1905,.F.);
#2658=ORIENTED_EDGE('',*,*,#1906,.T.);
#2659=ORIENTED_EDGE('',*,*,#1907,.F.);
#2660=ORIENTED_EDGE('',*,*,#1888,.T.);
#2661=ORIENTED_EDGE('',*,*,#1891,.T.);
#2662=ORIENTED_EDGE('',*,*,#1895,.T.);
#2663=ORIENTED_EDGE('',*,*,#1903,.T.);
#2664=ORIENTED_EDGE('',*,*,#1908,.F.);
#2665=ORIENTED_EDGE('',*,*,#1909,.F.);
#2666=ORIENTED_EDGE('',*,*,#1910,.F.);
#2667=ORIENTED_EDGE('',*,*,#1911,.F.);
#2668=ORIENTED_EDGE('',*,*,#1912,.F.);
#2669=ORIENTED_EDGE('',*,*,#1913,.F.);
#2670=ORIENTED_EDGE('',*,*,#1914,.F.);
#2671=ORIENTED_EDGE('',*,*,#1896,.T.);
#2672=ORIENTED_EDGE('',*,*,#1892,.T.);
#2673=ORIENTED_EDGE('',*,*,#1914,.T.);
#2674=ORIENTED_EDGE('',*,*,#1915,.F.);
#2675=ORIENTED_EDGE('',*,*,#1916,.F.);
#2676=ORIENTED_EDGE('',*,*,#1889,.T.);
#2677=ORIENTED_EDGE('',*,*,#1886,.T.);
#2678=ORIENTED_EDGE('',*,*,#1917,.T.);
#2679=ORIENTED_EDGE('',*,*,#1907,.T.);
#2680=ORIENTED_EDGE('',*,*,#1918,.F.);
#2681=ORIENTED_EDGE('',*,*,#1919,.F.);
#2682=ORIENTED_EDGE('',*,*,#1920,.T.);
#2683=ORIENTED_EDGE('',*,*,#1921,.F.);
#2684=ORIENTED_EDGE('',*,*,#1922,.F.);
#2685=ORIENTED_EDGE('',*,*,#1923,.F.);
#2686=ORIENTED_EDGE('',*,*,#1924,.F.);
#2687=ORIENTED_EDGE('',*,*,#1925,.F.);
#2688=ORIENTED_EDGE('',*,*,#1926,.F.);
#2689=ORIENTED_EDGE('',*,*,#1927,.F.);
#2690=ORIENTED_EDGE('',*,*,#1928,.F.);
#2691=ORIENTED_EDGE('',*,*,#1929,.T.);
#2692=ORIENTED_EDGE('',*,*,#1915,.T.);
#2693=ORIENTED_EDGE('',*,*,#1913,.T.);
#2694=ORIENTED_EDGE('',*,*,#1930,.F.);
#2695=ORIENTED_EDGE('',*,*,#1931,.F.);
#2696=ORIENTED_EDGE('',*,*,#1926,.T.);
#2697=ORIENTED_EDGE('',*,*,#1932,.F.);
#2698=ORIENTED_EDGE('',*,*,#1933,.T.);
#2699=ORIENTED_EDGE('',*,*,#1934,.T.);
#2700=ORIENTED_EDGE('',*,*,#1935,.T.);
#2701=ORIENTED_EDGE('',*,*,#1936,.T.);
#2702=ORIENTED_EDGE('',*,*,#1937,.F.);
#2703=ORIENTED_EDGE('',*,*,#1938,.T.);
#2704=ORIENTED_EDGE('',*,*,#1939,.T.);
#2705=ORIENTED_EDGE('',*,*,#1927,.T.);
#2706=ORIENTED_EDGE('',*,*,#1931,.T.);
#2707=ORIENTED_EDGE('',*,*,#1940,.T.);
#2708=ORIENTED_EDGE('',*,*,#1941,.T.);
#2709=ORIENTED_EDGE('',*,*,#1932,.T.);
#2710=ORIENTED_EDGE('',*,*,#1925,.T.);
#2711=ORIENTED_EDGE('',*,*,#1939,.F.);
#2712=ORIENTED_EDGE('',*,*,#1942,.T.);
#2713=ORIENTED_EDGE('',*,*,#1943,.T.);
#2714=ORIENTED_EDGE('',*,*,#1944,.T.);
#2715=ORIENTED_EDGE('',*,*,#1945,.T.);
#2716=ORIENTED_EDGE('',*,*,#1946,.T.);
#2717=ORIENTED_EDGE('',*,*,#1947,.T.);
#2718=ORIENTED_EDGE('',*,*,#1948,.T.);
#2719=ORIENTED_EDGE('',*,*,#1949,.F.);
#2720=ORIENTED_EDGE('',*,*,#1950,.F.);
#2721=ORIENTED_EDGE('',*,*,#1865,.F.);
#2722=ORIENTED_EDGE('',*,*,#1879,.F.);
#2723=ORIENTED_EDGE('',*,*,#1951,.F.);
#2724=ORIENTED_EDGE('',*,*,#1952,.F.);
#2725=ORIENTED_EDGE('',*,*,#1953,.F.);
#2726=ORIENTED_EDGE('',*,*,#1954,.F.);
#2727=ORIENTED_EDGE('',*,*,#1955,.F.);
#2728=ORIENTED_EDGE('',*,*,#1956,.F.);
#2729=ORIENTED_EDGE('',*,*,#1957,.F.);
#2730=ORIENTED_EDGE('',*,*,#1898,.T.);
#2731=ORIENTED_EDGE('',*,*,#1958,.F.);
#2732=ORIENTED_EDGE('',*,*,#1884,.T.);
#2733=ORIENTED_EDGE('',*,*,#1959,.T.);
#2734=ORIENTED_EDGE('',*,*,#1902,.T.);
#2735=ORIENTED_EDGE('',*,*,#1960,.F.);
#2736=ORIENTED_EDGE('',*,*,#1961,.F.);
#2737=ORIENTED_EDGE('',*,*,#1962,.F.);
#2738=ORIENTED_EDGE('',*,*,#1963,.F.);
#2739=ORIENTED_EDGE('',*,*,#1964,.F.);
#2740=ORIENTED_EDGE('',*,*,#1965,.F.);
#2741=ORIENTED_EDGE('',*,*,#1966,.F.);
#2742=ORIENTED_EDGE('',*,*,#1908,.T.);
#2743=ORIENTED_EDGE('',*,*,#1899,.T.);
#2744=ORIENTED_EDGE('',*,*,#1959,.F.);
#2745=ORIENTED_EDGE('',*,*,#1883,.T.);
#2746=ORIENTED_EDGE('',*,*,#1920,.F.);
#2747=ORIENTED_EDGE('',*,*,#1967,.F.);
#2748=ORIENTED_EDGE('',*,*,#1960,.T.);
#2749=ORIENTED_EDGE('',*,*,#1901,.T.);
#2750=ORIENTED_EDGE('',*,*,#1905,.T.);
#2751=ORIENTED_EDGE('',*,*,#1968,.T.);
#2752=ORIENTED_EDGE('',*,*,#1969,.F.);
#2753=ORIENTED_EDGE('',*,*,#1962,.T.);
#2754=ORIENTED_EDGE('',*,*,#1970,.F.);
#2755=ORIENTED_EDGE('',*,*,#1971,.T.);
#2756=ORIENTED_EDGE('',*,*,#1961,.T.);
#2757=ORIENTED_EDGE('',*,*,#1967,.T.);
#2758=ORIENTED_EDGE('',*,*,#1919,.T.);
#2759=ORIENTED_EDGE('',*,*,#1972,.T.);
#2760=ORIENTED_EDGE('',*,*,#1970,.T.);
#2761=ORIENTED_EDGE('',*,*,#1890,.T.);
#2762=ORIENTED_EDGE('',*,*,#1916,.T.);
#2763=ORIENTED_EDGE('',*,*,#1929,.F.);
#2764=ORIENTED_EDGE('',*,*,#1973,.F.);
#2765=ORIENTED_EDGE('',*,*,#1974,.F.);
#2766=ORIENTED_EDGE('',*,*,#1975,.F.);
#2767=ORIENTED_EDGE('',*,*,#1968,.F.);
#2768=ORIENTED_EDGE('',*,*,#1904,.T.);
#2769=ORIENTED_EDGE('',*,*,#1897,.T.);
#2770=ORIENTED_EDGE('',*,*,#1917,.F.);
#2771=ORIENTED_EDGE('',*,*,#1885,.T.);
#2772=ORIENTED_EDGE('',*,*,#1958,.T.);
#2773=ORIENTED_EDGE('',*,*,#1976,.F.);
#2774=ORIENTED_EDGE('',*,*,#1977,.F.);
#2775=ORIENTED_EDGE('',*,*,#1978,.F.);
#2776=ORIENTED_EDGE('',*,*,#1979,.F.);
#2777=ORIENTED_EDGE('',*,*,#1980,.F.);
#2778=ORIENTED_EDGE('',*,*,#1981,.F.);
#2779=ORIENTED_EDGE('',*,*,#1982,.F.);
#2780=ORIENTED_EDGE('',*,*,#1983,.F.);
#2781=ORIENTED_EDGE('',*,*,#1880,.F.);
#2782=ORIENTED_EDGE('',*,*,#1867,.F.);
#2783=ORIENTED_EDGE('',*,*,#1984,.F.);
#2784=ORIENTED_EDGE('',*,*,#1985,.F.);
#2785=ORIENTED_EDGE('',*,*,#1986,.F.);
#2786=ORIENTED_EDGE('',*,*,#1987,.F.);
#2787=ORIENTED_EDGE('',*,*,#1988,.F.);
#2788=ORIENTED_EDGE('',*,*,#1951,.T.);
#2789=ORIENTED_EDGE('',*,*,#1878,.T.);
#2790=ORIENTED_EDGE('',*,*,#1871,.T.);
#2791=ORIENTED_EDGE('',*,*,#1989,.F.);
#2792=ORIENTED_EDGE('',*,*,#1875,.T.);
#2793=ORIENTED_EDGE('',*,*,#1990,.T.);
#2794=ORIENTED_EDGE('',*,*,#1983,.T.);
#2795=ORIENTED_EDGE('',*,*,#1991,.T.);
#2796=ORIENTED_EDGE('',*,*,#1881,.T.);
#2797=ORIENTED_EDGE('',*,*,#1982,.T.);
#2798=ORIENTED_EDGE('',*,*,#1992,.F.);
#2799=ORIENTED_EDGE('',*,*,#1952,.T.);
#2800=ORIENTED_EDGE('',*,*,#1990,.F.);
#2801=ORIENTED_EDGE('',*,*,#1874,.T.);
#2802=ORIENTED_EDGE('',*,*,#1882,.T.);
#2803=ORIENTED_EDGE('',*,*,#1991,.F.);
#2804=ORIENTED_EDGE('',*,*,#1981,.T.);
#2805=ORIENTED_EDGE('',*,*,#1993,.F.);
#2806=ORIENTED_EDGE('',*,*,#1953,.T.);
#2807=ORIENTED_EDGE('',*,*,#1992,.T.);
#2808=ORIENTED_EDGE('',*,*,#1956,.T.);
#2809=ORIENTED_EDGE('',*,*,#1994,.T.);
#2810=ORIENTED_EDGE('',*,*,#1995,.T.);
#2811=ORIENTED_EDGE('',*,*,#1996,.T.);
#2812=ORIENTED_EDGE('',*,*,#1924,.T.);
#2813=ORIENTED_EDGE('',*,*,#1997,.F.);
#2814=ORIENTED_EDGE('',*,*,#1978,.T.);
#2815=ORIENTED_EDGE('',*,*,#1998,.T.);
#2816=ORIENTED_EDGE('',*,*,#1998,.F.);
#2817=ORIENTED_EDGE('',*,*,#1977,.T.);
#2818=ORIENTED_EDGE('',*,*,#1999,.T.);
#2819=ORIENTED_EDGE('',*,*,#1972,.F.);
#2820=ORIENTED_EDGE('',*,*,#1918,.T.);
#2821=ORIENTED_EDGE('',*,*,#1906,.F.);
#2822=ORIENTED_EDGE('',*,*,#2000,.T.);
#2823=ORIENTED_EDGE('',*,*,#1921,.T.);
#2824=ORIENTED_EDGE('',*,*,#1911,.T.);
#2825=ORIENTED_EDGE('',*,*,#2001,.T.);
#2826=ORIENTED_EDGE('',*,*,#2002,.T.);
#2827=ORIENTED_EDGE('',*,*,#2003,.T.);
#2828=ORIENTED_EDGE('',*,*,#1966,.T.);
#2829=ORIENTED_EDGE('',*,*,#2004,.F.);
#2830=ORIENTED_EDGE('',*,*,#1909,.T.);
#2831=ORIENTED_EDGE('',*,*,#1948,.F.);
#2832=ORIENTED_EDGE('',*,*,#2005,.T.);
#2833=ORIENTED_EDGE('',*,*,#2006,.F.);
#2834=ORIENTED_EDGE('',*,*,#2007,.T.);
#2835=ORIENTED_EDGE('',*,*,#1933,.F.);
#2836=ORIENTED_EDGE('',*,*,#2007,.F.);
#2837=ORIENTED_EDGE('',*,*,#2008,.F.);
#2838=ORIENTED_EDGE('',*,*,#2009,.F.);
#2839=ORIENTED_EDGE('',*,*,#2010,.F.);
#2840=ORIENTED_EDGE('',*,*,#2011,.F.);
#2841=ORIENTED_EDGE('',*,*,#1947,.F.);
#2842=ORIENTED_EDGE('',*,*,#2012,.F.);
#2843=ORIENTED_EDGE('',*,*,#2013,.F.);
#2844=ORIENTED_EDGE('',*,*,#2014,.F.);
#2845=ORIENTED_EDGE('',*,*,#2015,.F.);
#2846=ORIENTED_EDGE('',*,*,#2005,.F.);
#2847=ORIENTED_EDGE('',*,*,#1989,.T.);
#2848=ORIENTED_EDGE('',*,*,#1870,.T.);
#2849=ORIENTED_EDGE('',*,*,#1928,.T.);
#2850=ORIENTED_EDGE('',*,*,#1941,.F.);
#2851=ORIENTED_EDGE('',*,*,#1940,.F.);
#2852=ORIENTED_EDGE('',*,*,#1930,.T.);
#2853=ORIENTED_EDGE('',*,*,#1912,.T.);
#2854=ORIENTED_EDGE('',*,*,#2003,.F.);
#2855=ORIENTED_EDGE('',*,*,#2016,.F.);
#2856=ORIENTED_EDGE('',*,*,#1994,.F.);
#2857=ORIENTED_EDGE('',*,*,#1955,.T.);
#2858=ORIENTED_EDGE('',*,*,#1954,.T.);
#2859=ORIENTED_EDGE('',*,*,#1993,.T.);
#2860=ORIENTED_EDGE('',*,*,#1980,.T.);
#2861=ORIENTED_EDGE('',*,*,#1988,.T.);
#2862=ORIENTED_EDGE('',*,*,#2017,.F.);
#2863=ORIENTED_EDGE('',*,*,#2018,.F.);
#2864=ORIENTED_EDGE('',*,*,#2019,.F.);
#2865=ORIENTED_EDGE('',*,*,#1973,.T.);
#2866=ORIENTED_EDGE('',*,*,#1984,.T.);
#2867=ORIENTED_EDGE('',*,*,#1866,.T.);
#2868=ORIENTED_EDGE('',*,*,#1950,.T.);
#2869=ORIENTED_EDGE('',*,*,#2020,.T.);
#2870=ORIENTED_EDGE('',*,*,#2010,.T.);
#2871=ORIENTED_EDGE('',*,*,#2021,.F.);
#2872=ORIENTED_EDGE('',*,*,#1935,.F.);
#2873=ORIENTED_EDGE('',*,*,#2022,.T.);
#2874=ORIENTED_EDGE('',*,*,#2009,.T.);
#2875=ORIENTED_EDGE('',*,*,#2023,.F.);
#2876=ORIENTED_EDGE('',*,*,#2024,.F.);
#2877=ORIENTED_EDGE('',*,*,#1936,.F.);
#2878=ORIENTED_EDGE('',*,*,#2021,.T.);
#2879=ORIENTED_EDGE('',*,*,#2008,.T.);
#2880=ORIENTED_EDGE('',*,*,#2006,.T.);
#2881=ORIENTED_EDGE('',*,*,#2015,.T.);
#2882=ORIENTED_EDGE('',*,*,#2025,.T.);
#2883=ORIENTED_EDGE('',*,*,#2026,.F.);
#2884=ORIENTED_EDGE('',*,*,#2027,.T.);
#2885=ORIENTED_EDGE('',*,*,#2028,.T.);
#2886=ORIENTED_EDGE('',*,*,#2029,.T.);
#2887=ORIENTED_EDGE('',*,*,#2030,.T.);
#2888=ORIENTED_EDGE('',*,*,#2023,.T.);
#2889=ORIENTED_EDGE('',*,*,#2012,.T.);
#2890=ORIENTED_EDGE('',*,*,#1946,.F.);
#2891=ORIENTED_EDGE('',*,*,#2031,.F.);
#2892=ORIENTED_EDGE('',*,*,#2014,.T.);
#2893=ORIENTED_EDGE('',*,*,#2032,.T.);
#2894=ORIENTED_EDGE('',*,*,#1944,.F.);
#2895=ORIENTED_EDGE('',*,*,#2033,.F.);
#2896=ORIENTED_EDGE('',*,*,#2025,.F.);
#2897=ORIENTED_EDGE('',*,*,#1974,.T.);
#2898=ORIENTED_EDGE('',*,*,#2019,.T.);
#2899=ORIENTED_EDGE('',*,*,#2034,.T.);
#2900=ORIENTED_EDGE('',*,*,#2035,.T.);
#2901=ORIENTED_EDGE('',*,*,#2018,.T.);
#2902=ORIENTED_EDGE('',*,*,#2036,.F.);
#2903=ORIENTED_EDGE('',*,*,#2037,.T.);
#2904=ORIENTED_EDGE('',*,*,#2034,.F.);
#2905=ORIENTED_EDGE('',*,*,#2013,.T.);
#2906=ORIENTED_EDGE('',*,*,#2031,.T.);
#2907=ORIENTED_EDGE('',*,*,#1945,.F.);
#2908=ORIENTED_EDGE('',*,*,#2032,.F.);
#2909=ORIENTED_EDGE('',*,*,#2011,.T.);
#2910=ORIENTED_EDGE('',*,*,#2022,.F.);
#2911=ORIENTED_EDGE('',*,*,#1934,.F.);
#2912=ORIENTED_EDGE('',*,*,#1963,.T.);
#2913=ORIENTED_EDGE('',*,*,#1969,.T.);
#2914=ORIENTED_EDGE('',*,*,#1975,.T.);
#2915=ORIENTED_EDGE('',*,*,#2035,.F.);
#2916=ORIENTED_EDGE('',*,*,#2037,.F.);
#2917=ORIENTED_EDGE('',*,*,#2038,.F.);
#2918=ORIENTED_EDGE('',*,*,#1986,.T.);
#2919=ORIENTED_EDGE('',*,*,#1985,.T.);
#2920=ORIENTED_EDGE('',*,*,#2020,.F.);
#2921=ORIENTED_EDGE('',*,*,#1949,.T.);
#2922=ORIENTED_EDGE('',*,*,#1957,.T.);
#2923=ORIENTED_EDGE('',*,*,#1996,.F.);
#2924=ORIENTED_EDGE('',*,*,#2039,.F.);
#2925=ORIENTED_EDGE('',*,*,#2001,.F.);
#2926=ORIENTED_EDGE('',*,*,#1910,.T.);
#2927=ORIENTED_EDGE('',*,*,#2004,.T.);
#2928=ORIENTED_EDGE('',*,*,#1965,.T.);
#2929=ORIENTED_EDGE('',*,*,#1964,.T.);
#2930=ORIENTED_EDGE('',*,*,#2040,.F.);
#2931=ORIENTED_EDGE('',*,*,#1942,.F.);
#2932=ORIENTED_EDGE('',*,*,#1938,.F.);
#2933=ORIENTED_EDGE('',*,*,#2041,.F.);
#2934=ORIENTED_EDGE('',*,*,#2029,.F.);
#2935=ORIENTED_EDGE('',*,*,#2028,.F.);
#2936=ORIENTED_EDGE('',*,*,#2027,.F.);
#2937=ORIENTED_EDGE('',*,*,#1987,.T.);
#2938=ORIENTED_EDGE('',*,*,#2038,.T.);
#2939=ORIENTED_EDGE('',*,*,#2036,.T.);
#2940=ORIENTED_EDGE('',*,*,#2017,.T.);
#2941=ORIENTED_EDGE('',*,*,#2016,.T.);
#2942=ORIENTED_EDGE('',*,*,#2002,.F.);
#2943=ORIENTED_EDGE('',*,*,#2039,.T.);
#2944=ORIENTED_EDGE('',*,*,#1995,.F.);
#2945=ORIENTED_EDGE('',*,*,#1922,.T.);
#2946=ORIENTED_EDGE('',*,*,#2000,.F.);
#2947=ORIENTED_EDGE('',*,*,#1971,.F.);
#2948=ORIENTED_EDGE('',*,*,#1999,.F.);
#2949=ORIENTED_EDGE('',*,*,#1976,.T.);
#2950=ORIENTED_EDGE('',*,*,#2042,.T.);
#2951=ORIENTED_EDGE('',*,*,#1923,.T.);
#2952=ORIENTED_EDGE('',*,*,#2042,.F.);
#2953=ORIENTED_EDGE('',*,*,#1979,.T.);
#2954=ORIENTED_EDGE('',*,*,#1997,.T.);
#2955=ORIENTED_EDGE('',*,*,#2030,.F.);
#2956=ORIENTED_EDGE('',*,*,#2041,.T.);
#2957=ORIENTED_EDGE('',*,*,#1937,.T.);
#2958=ORIENTED_EDGE('',*,*,#2024,.T.);
#2959=ORIENTED_EDGE('',*,*,#1943,.F.);
#2960=ORIENTED_EDGE('',*,*,#2040,.T.);
#2961=ORIENTED_EDGE('',*,*,#2026,.T.);
#2962=ORIENTED_EDGE('',*,*,#2033,.T.);
#2963=ORIENTED_EDGE('',*,*,#2043,.F.);
#2964=ORIENTED_EDGE('',*,*,#2044,.T.);
#2965=ORIENTED_EDGE('',*,*,#2045,.F.);
#2966=ORIENTED_EDGE('',*,*,#2046,.F.);
#2967=ORIENTED_EDGE('',*,*,#2047,.F.);
#2968=ORIENTED_EDGE('',*,*,#2048,.F.);
#2969=ORIENTED_EDGE('',*,*,#2044,.F.);
#2970=ORIENTED_EDGE('',*,*,#2047,.T.);
#2971=ORIENTED_EDGE('',*,*,#2043,.T.);
#2972=ORIENTED_EDGE('',*,*,#2049,.F.);
#2973=ORIENTED_EDGE('',*,*,#2050,.T.);
#2974=ORIENTED_EDGE('',*,*,#2051,.F.);
#2975=ORIENTED_EDGE('',*,*,#2052,.T.);
#2976=ORIENTED_EDGE('',*,*,#2046,.T.);
#2977=ORIENTED_EDGE('',*,*,#2053,.T.);
#2978=ORIENTED_EDGE('',*,*,#2054,.T.);
#2979=ORIENTED_EDGE('',*,*,#2055,.T.);
#2980=ORIENTED_EDGE('',*,*,#2049,.T.);
#2981=ORIENTED_EDGE('',*,*,#2048,.T.);
#2982=ORIENTED_EDGE('',*,*,#2052,.F.);
#2983=ORIENTED_EDGE('',*,*,#2056,.F.);
#2984=ORIENTED_EDGE('',*,*,#2057,.F.);
#2985=ORIENTED_EDGE('',*,*,#2053,.F.);
#2986=ORIENTED_EDGE('',*,*,#2045,.T.);
#2987=ORIENTED_EDGE('',*,*,#2057,.T.);
#2988=ORIENTED_EDGE('',*,*,#2058,.F.);
#2989=ORIENTED_EDGE('',*,*,#2059,.F.);
#2990=ORIENTED_EDGE('',*,*,#2054,.F.);
#2991=ORIENTED_EDGE('',*,*,#2055,.F.);
#2992=ORIENTED_EDGE('',*,*,#2059,.T.);
#2993=ORIENTED_EDGE('',*,*,#2060,.F.);
#2994=ORIENTED_EDGE('',*,*,#2050,.F.);
#2995=ORIENTED_EDGE('',*,*,#2056,.T.);
#2996=ORIENTED_EDGE('',*,*,#2051,.T.);
#2997=ORIENTED_EDGE('',*,*,#2060,.T.);
#2998=ORIENTED_EDGE('',*,*,#2058,.T.);
#2999=ORIENTED_EDGE('',*,*,#2061,.F.);
#3000=ORIENTED_EDGE('',*,*,#2062,.T.);
#3001=ORIENTED_EDGE('',*,*,#2063,.F.);
#3002=ORIENTED_EDGE('',*,*,#2064,.F.);
#3003=ORIENTED_EDGE('',*,*,#2065,.F.);
#3004=ORIENTED_EDGE('',*,*,#2066,.F.);
#3005=ORIENTED_EDGE('',*,*,#2062,.F.);
#3006=ORIENTED_EDGE('',*,*,#2065,.T.);
#3007=ORIENTED_EDGE('',*,*,#2061,.T.);
#3008=ORIENTED_EDGE('',*,*,#2067,.F.);
#3009=ORIENTED_EDGE('',*,*,#2068,.F.);
#3010=ORIENTED_EDGE('',*,*,#2069,.F.);
#3011=ORIENTED_EDGE('',*,*,#2070,.F.);
#3012=ORIENTED_EDGE('',*,*,#2064,.T.);
#3013=ORIENTED_EDGE('',*,*,#2071,.T.);
#3014=ORIENTED_EDGE('',*,*,#2072,.T.);
#3015=ORIENTED_EDGE('',*,*,#2073,.T.);
#3016=ORIENTED_EDGE('',*,*,#2067,.T.);
#3017=ORIENTED_EDGE('',*,*,#2072,.F.);
#3018=ORIENTED_EDGE('',*,*,#2074,.T.);
#3019=ORIENTED_EDGE('',*,*,#2075,.F.);
#3020=ORIENTED_EDGE('',*,*,#2076,.F.);
#3021=ORIENTED_EDGE('',*,*,#2068,.T.);
#3022=ORIENTED_EDGE('',*,*,#2073,.F.);
#3023=ORIENTED_EDGE('',*,*,#2076,.T.);
#3024=ORIENTED_EDGE('',*,*,#2077,.F.);
#3025=ORIENTED_EDGE('',*,*,#2069,.T.);
#3026=ORIENTED_EDGE('',*,*,#2077,.T.);
#3027=ORIENTED_EDGE('',*,*,#2075,.T.);
#3028=ORIENTED_EDGE('',*,*,#2078,.T.);
#3029=ORIENTED_EDGE('',*,*,#2066,.T.);
#3030=ORIENTED_EDGE('',*,*,#2070,.T.);
#3031=ORIENTED_EDGE('',*,*,#2078,.F.);
#3032=ORIENTED_EDGE('',*,*,#2074,.F.);
#3033=ORIENTED_EDGE('',*,*,#2071,.F.);
#3034=ORIENTED_EDGE('',*,*,#2063,.T.);
#3035=ORIENTED_EDGE('',*,*,#2079,.F.);
#3036=ORIENTED_EDGE('',*,*,#2080,.F.);
#3037=ORIENTED_EDGE('',*,*,#2081,.F.);
#3038=ORIENTED_EDGE('',*,*,#2082,.F.);
#3039=ORIENTED_EDGE('',*,*,#2083,.F.);
#3040=ORIENTED_EDGE('',*,*,#2084,.F.);
#3041=ORIENTED_EDGE('',*,*,#2085,.F.);
#3042=ORIENTED_EDGE('',*,*,#2086,.F.);
#3043=ORIENTED_EDGE('',*,*,#2087,.F.);
#3044=ORIENTED_EDGE('',*,*,#2088,.F.);
#3045=ORIENTED_EDGE('',*,*,#2082,.T.);
#3046=ORIENTED_EDGE('',*,*,#2089,.T.);
#3047=ORIENTED_EDGE('',*,*,#2090,.T.);
#3048=ORIENTED_EDGE('',*,*,#2091,.T.);
#3049=ORIENTED_EDGE('',*,*,#2081,.T.);
#3050=ORIENTED_EDGE('',*,*,#2092,.F.);
#3051=ORIENTED_EDGE('',*,*,#2093,.T.);
#3052=ORIENTED_EDGE('',*,*,#2089,.F.);
#3053=ORIENTED_EDGE('',*,*,#2080,.T.);
#3054=ORIENTED_EDGE('',*,*,#2094,.F.);
#3055=ORIENTED_EDGE('',*,*,#2095,.T.);
#3056=ORIENTED_EDGE('',*,*,#2096,.F.);
#3057=ORIENTED_EDGE('',*,*,#2092,.T.);
#3058=ORIENTED_EDGE('',*,*,#2079,.T.);
#3059=ORIENTED_EDGE('',*,*,#2097,.F.);
#3060=ORIENTED_EDGE('',*,*,#2098,.F.);
#3061=ORIENTED_EDGE('',*,*,#2099,.F.);
#3062=ORIENTED_EDGE('',*,*,#2100,.T.);
#3063=ORIENTED_EDGE('',*,*,#2094,.T.);
#3064=ORIENTED_EDGE('',*,*,#2083,.T.);
#3065=ORIENTED_EDGE('',*,*,#2091,.F.);
#3066=ORIENTED_EDGE('',*,*,#2101,.F.);
#3067=ORIENTED_EDGE('',*,*,#2102,.T.);
#3068=ORIENTED_EDGE('',*,*,#2086,.T.);
#3069=ORIENTED_EDGE('',*,*,#2103,.T.);
#3070=ORIENTED_EDGE('',*,*,#2104,.T.);
#3071=ORIENTED_EDGE('',*,*,#2097,.T.);
#3072=ORIENTED_EDGE('',*,*,#2085,.T.);
#3073=ORIENTED_EDGE('',*,*,#2105,.F.);
#3074=ORIENTED_EDGE('',*,*,#2106,.F.);
#3075=ORIENTED_EDGE('',*,*,#2107,.T.);
#3076=ORIENTED_EDGE('',*,*,#2108,.T.);
#3077=ORIENTED_EDGE('',*,*,#2103,.F.);
#3078=ORIENTED_EDGE('',*,*,#2087,.T.);
#3079=ORIENTED_EDGE('',*,*,#2109,.T.);
#3080=ORIENTED_EDGE('',*,*,#2110,.F.);
#3081=ORIENTED_EDGE('',*,*,#2109,.F.);
#3082=ORIENTED_EDGE('',*,*,#2088,.T.);
#3083=ORIENTED_EDGE('',*,*,#2111,.T.);
#3084=ORIENTED_EDGE('',*,*,#2112,.F.);
#3085=ORIENTED_EDGE('',*,*,#2111,.F.);
#3086=ORIENTED_EDGE('',*,*,#2113,.T.);
#3087=ORIENTED_EDGE('',*,*,#2114,.T.);
#3088=ORIENTED_EDGE('',*,*,#2115,.T.);
#3089=ORIENTED_EDGE('',*,*,#2116,.T.);
#3090=ORIENTED_EDGE('',*,*,#2117,.T.);
#3091=ORIENTED_EDGE('',*,*,#2118,.T.);
#3092=ORIENTED_EDGE('',*,*,#2119,.T.);
#3093=ORIENTED_EDGE('',*,*,#2120,.T.);
#3094=ORIENTED_EDGE('',*,*,#2107,.F.);
#3095=ORIENTED_EDGE('',*,*,#2121,.T.);
#3096=ORIENTED_EDGE('',*,*,#2122,.T.);
#3097=ORIENTED_EDGE('',*,*,#2123,.F.);
#3098=ORIENTED_EDGE('',*,*,#2124,.F.);
#3099=ORIENTED_EDGE('',*,*,#2123,.T.);
#3100=ORIENTED_EDGE('',*,*,#2125,.F.);
#3101=ORIENTED_EDGE('',*,*,#2126,.F.);
#3102=ORIENTED_EDGE('',*,*,#2127,.T.);
#3103=ORIENTED_EDGE('',*,*,#2126,.T.);
#3104=ORIENTED_EDGE('',*,*,#2128,.F.);
#3105=ORIENTED_EDGE('',*,*,#2129,.F.);
#3106=ORIENTED_EDGE('',*,*,#2106,.T.);
#3107=ORIENTED_EDGE('',*,*,#2129,.T.);
#3108=ORIENTED_EDGE('',*,*,#2130,.F.);
#3109=ORIENTED_EDGE('',*,*,#2131,.F.);
#3110=ORIENTED_EDGE('',*,*,#2121,.F.);
#3111=ORIENTED_EDGE('',*,*,#2132,.F.);
#3112=ORIENTED_EDGE('',*,*,#2133,.T.);
#3113=ORIENTED_EDGE('',*,*,#2099,.T.);
#3114=ORIENTED_EDGE('',*,*,#2134,.F.);
#3115=ORIENTED_EDGE('',*,*,#2135,.F.);
#3116=ORIENTED_EDGE('',*,*,#2134,.T.);
#3117=ORIENTED_EDGE('',*,*,#2136,.F.);
#3118=ORIENTED_EDGE('',*,*,#2137,.F.);
#3119=ORIENTED_EDGE('',*,*,#2138,.T.);
#3120=ORIENTED_EDGE('',*,*,#2137,.T.);
#3121=ORIENTED_EDGE('',*,*,#2095,.F.);
#3122=ORIENTED_EDGE('',*,*,#2139,.F.);
#3123=ORIENTED_EDGE('',*,*,#2140,.T.);
#3124=ORIENTED_EDGE('',*,*,#2139,.T.);
#3125=ORIENTED_EDGE('',*,*,#2100,.F.);
#3126=ORIENTED_EDGE('',*,*,#2133,.F.);
#3127=ORIENTED_EDGE('',*,*,#2141,.T.);
#3128=ORIENTED_EDGE('',*,*,#2142,.F.);
#3129=ORIENTED_EDGE('',*,*,#2143,.T.);
#3130=ORIENTED_EDGE('',*,*,#2144,.F.);
#3131=ORIENTED_EDGE('',*,*,#2145,.F.);
#3132=ORIENTED_EDGE('',*,*,#2146,.F.);
#3133=ORIENTED_EDGE('',*,*,#2145,.T.);
#3134=ORIENTED_EDGE('',*,*,#2147,.F.);
#3135=ORIENTED_EDGE('',*,*,#2148,.F.);
#3136=ORIENTED_EDGE('',*,*,#2149,.T.);
#3137=ORIENTED_EDGE('',*,*,#2148,.T.);
#3138=ORIENTED_EDGE('',*,*,#2150,.T.);
#3139=ORIENTED_EDGE('',*,*,#2151,.F.);
#3140=ORIENTED_EDGE('',*,*,#2152,.T.);
#3141=ORIENTED_EDGE('',*,*,#2151,.T.);
#3142=ORIENTED_EDGE('',*,*,#2153,.F.);
#3143=ORIENTED_EDGE('',*,*,#2143,.F.);
#3144=ORIENTED_EDGE('',*,*,#2154,.T.);
#3145=ORIENTED_EDGE('',*,*,#2142,.T.);
#3146=ORIENTED_EDGE('',*,*,#2155,.F.);
#3147=ORIENTED_EDGE('',*,*,#2138,.F.);
#3148=ORIENTED_EDGE('',*,*,#2156,.T.);
#3149=ORIENTED_EDGE('',*,*,#2132,.T.);
#3150=ORIENTED_EDGE('',*,*,#2157,.F.);
#3151=ORIENTED_EDGE('',*,*,#2149,.F.);
#3152=ORIENTED_EDGE('',*,*,#2152,.F.);
#3153=ORIENTED_EDGE('',*,*,#2154,.F.);
#3154=ORIENTED_EDGE('',*,*,#2140,.F.);
#3155=ORIENTED_EDGE('',*,*,#2141,.F.);
#3156=ORIENTED_EDGE('',*,*,#2156,.F.);
#3157=ORIENTED_EDGE('',*,*,#2146,.T.);
#3158=ORIENTED_EDGE('',*,*,#2157,.T.);
#3159=ORIENTED_EDGE('',*,*,#2135,.T.);
#3160=ORIENTED_EDGE('',*,*,#2155,.T.);
#3161=ORIENTED_EDGE('',*,*,#2158,.F.);
#3162=ORIENTED_EDGE('',*,*,#2147,.T.);
#3163=ORIENTED_EDGE('',*,*,#2159,.T.);
#3164=ORIENTED_EDGE('',*,*,#2119,.F.);
#3165=ORIENTED_EDGE('',*,*,#2160,.F.);
#3166=ORIENTED_EDGE('',*,*,#2153,.T.);
#3167=ORIENTED_EDGE('',*,*,#2161,.T.);
#3168=ORIENTED_EDGE('',*,*,#2117,.F.);
#3169=ORIENTED_EDGE('',*,*,#2159,.F.);
#3170=ORIENTED_EDGE('',*,*,#2144,.T.);
#3171=ORIENTED_EDGE('',*,*,#2160,.T.);
#3172=ORIENTED_EDGE('',*,*,#2120,.F.);
#3173=ORIENTED_EDGE('',*,*,#2150,.F.);
#3174=ORIENTED_EDGE('',*,*,#2158,.T.);
#3175=ORIENTED_EDGE('',*,*,#2118,.F.);
#3176=ORIENTED_EDGE('',*,*,#2161,.F.);
#3177=ORIENTED_EDGE('',*,*,#2084,.T.);
#3178=ORIENTED_EDGE('',*,*,#2102,.F.);
#3179=ORIENTED_EDGE('',*,*,#2162,.F.);
#3180=ORIENTED_EDGE('',*,*,#2127,.F.);
#3181=ORIENTED_EDGE('',*,*,#2105,.T.);
#3182=ORIENTED_EDGE('',*,*,#2124,.T.);
#3183=ORIENTED_EDGE('',*,*,#2162,.T.);
#3184=ORIENTED_EDGE('',*,*,#2101,.T.);
#3185=ORIENTED_EDGE('',*,*,#2090,.F.);
#3186=ORIENTED_EDGE('',*,*,#2093,.F.);
#3187=ORIENTED_EDGE('',*,*,#2096,.T.);
#3188=ORIENTED_EDGE('',*,*,#2136,.T.);
#3189=ORIENTED_EDGE('',*,*,#2098,.T.);
#3190=ORIENTED_EDGE('',*,*,#2104,.F.);
#3191=ORIENTED_EDGE('',*,*,#2108,.F.);
#3192=ORIENTED_EDGE('',*,*,#2110,.T.);
#3193=ORIENTED_EDGE('',*,*,#2112,.T.);
#3194=ORIENTED_EDGE('',*,*,#2163,.F.);
#3195=ORIENTED_EDGE('',*,*,#2164,.T.);
#3196=ORIENTED_EDGE('',*,*,#2165,.F.);
#3197=ORIENTED_EDGE('',*,*,#2166,.F.);
#3198=ORIENTED_EDGE('',*,*,#2167,.F.);
#3199=ORIENTED_EDGE('',*,*,#2166,.T.);
#3200=ORIENTED_EDGE('',*,*,#2168,.F.);
#3201=ORIENTED_EDGE('',*,*,#2169,.F.);
#3202=ORIENTED_EDGE('',*,*,#2170,.T.);
#3203=ORIENTED_EDGE('',*,*,#2169,.T.);
#3204=ORIENTED_EDGE('',*,*,#2171,.T.);
#3205=ORIENTED_EDGE('',*,*,#2172,.F.);
#3206=ORIENTED_EDGE('',*,*,#2173,.F.);
#3207=ORIENTED_EDGE('',*,*,#2172,.T.);
#3208=ORIENTED_EDGE('',*,*,#2174,.F.);
#3209=ORIENTED_EDGE('',*,*,#2164,.F.);
#3210=ORIENTED_EDGE('',*,*,#2175,.T.);
#3211=ORIENTED_EDGE('',*,*,#2115,.F.);
#3212=ORIENTED_EDGE('',*,*,#2176,.F.);
#3213=ORIENTED_EDGE('',*,*,#2168,.T.);
#3214=ORIENTED_EDGE('',*,*,#2177,.F.);
#3215=ORIENTED_EDGE('',*,*,#2174,.T.);
#3216=ORIENTED_EDGE('',*,*,#2178,.T.);
#3217=ORIENTED_EDGE('',*,*,#2113,.F.);
#3218=ORIENTED_EDGE('',*,*,#2171,.F.);
#3219=ORIENTED_EDGE('',*,*,#2176,.T.);
#3220=ORIENTED_EDGE('',*,*,#2114,.F.);
#3221=ORIENTED_EDGE('',*,*,#2178,.F.);
#3222=ORIENTED_EDGE('',*,*,#2175,.F.);
#3223=ORIENTED_EDGE('',*,*,#2165,.T.);
#3224=ORIENTED_EDGE('',*,*,#2177,.T.);
#3225=ORIENTED_EDGE('',*,*,#2116,.F.);
#3226=ORIENTED_EDGE('',*,*,#2179,.F.);
#3227=ORIENTED_EDGE('',*,*,#2128,.T.);
#3228=ORIENTED_EDGE('',*,*,#2180,.F.);
#3229=ORIENTED_EDGE('',*,*,#2170,.F.);
#3230=ORIENTED_EDGE('',*,*,#2181,.F.);
#3231=ORIENTED_EDGE('',*,*,#2163,.T.);
#3232=ORIENTED_EDGE('',*,*,#2182,.F.);
#3233=ORIENTED_EDGE('',*,*,#2122,.F.);
#3234=ORIENTED_EDGE('',*,*,#2181,.T.);
#3235=ORIENTED_EDGE('',*,*,#2131,.T.);
#3236=ORIENTED_EDGE('',*,*,#2130,.T.);
#3237=ORIENTED_EDGE('',*,*,#2179,.T.);
#3238=ORIENTED_EDGE('',*,*,#2173,.T.);
#3239=ORIENTED_EDGE('',*,*,#2182,.T.);
#3240=ORIENTED_EDGE('',*,*,#2167,.T.);
#3241=ORIENTED_EDGE('',*,*,#2180,.T.);
#3242=ORIENTED_EDGE('',*,*,#2125,.T.);
#3243=ORIENTED_EDGE('',*,*,#2183,.F.);
#3244=ORIENTED_EDGE('',*,*,#2184,.F.);
#3245=ORIENTED_EDGE('',*,*,#2185,.F.);
#3246=ORIENTED_EDGE('',*,*,#2186,.F.);
#3247=ORIENTED_EDGE('',*,*,#2184,.T.);
#3248=ORIENTED_EDGE('',*,*,#2187,.T.);
#3249=ORIENTED_EDGE('',*,*,#2188,.T.);
#3250=ORIENTED_EDGE('',*,*,#2189,.T.);
#3251=ORIENTED_EDGE('',*,*,#2183,.T.);
#3252=ORIENTED_EDGE('',*,*,#2190,.T.);
#3253=ORIENTED_EDGE('',*,*,#2191,.T.);
#3254=ORIENTED_EDGE('',*,*,#2187,.F.);
#3255=ORIENTED_EDGE('',*,*,#2186,.T.);
#3256=ORIENTED_EDGE('',*,*,#2192,.F.);
#3257=ORIENTED_EDGE('',*,*,#2193,.F.);
#3258=ORIENTED_EDGE('',*,*,#2190,.F.);
#3259=ORIENTED_EDGE('',*,*,#2185,.T.);
#3260=ORIENTED_EDGE('',*,*,#2189,.F.);
#3261=ORIENTED_EDGE('',*,*,#2194,.F.);
#3262=ORIENTED_EDGE('',*,*,#2192,.T.);
#3263=ORIENTED_EDGE('',*,*,#2193,.T.);
#3264=ORIENTED_EDGE('',*,*,#2194,.T.);
#3265=ORIENTED_EDGE('',*,*,#2188,.F.);
#3266=ORIENTED_EDGE('',*,*,#2191,.F.);
#3267=ORIENTED_EDGE('',*,*,#2195,.T.);
#3268=ORIENTED_EDGE('',*,*,#2196,.F.);
#3269=ORIENTED_EDGE('',*,*,#2197,.F.);
#3270=ORIENTED_EDGE('',*,*,#2198,.F.);
#3271=ORIENTED_EDGE('',*,*,#2199,.T.);
#3272=ORIENTED_EDGE('',*,*,#2198,.T.);
#3273=ORIENTED_EDGE('',*,*,#2200,.T.);
#3274=ORIENTED_EDGE('',*,*,#2201,.F.);
#3275=ORIENTED_EDGE('',*,*,#2197,.T.);
#3276=ORIENTED_EDGE('',*,*,#2202,.T.);
#3277=ORIENTED_EDGE('',*,*,#2203,.F.);
#3278=ORIENTED_EDGE('',*,*,#2200,.F.);
#3279=ORIENTED_EDGE('',*,*,#2204,.T.);
#3280=ORIENTED_EDGE('',*,*,#2205,.F.);
#3281=ORIENTED_EDGE('',*,*,#2202,.F.);
#3282=ORIENTED_EDGE('',*,*,#2196,.T.);
#3283=ORIENTED_EDGE('',*,*,#2206,.T.);
#3284=ORIENTED_EDGE('',*,*,#2201,.T.);
#3285=ORIENTED_EDGE('',*,*,#2203,.T.);
#3286=ORIENTED_EDGE('',*,*,#2205,.T.);
#3287=ORIENTED_EDGE('',*,*,#2204,.F.);
#3288=ORIENTED_EDGE('',*,*,#2195,.F.);
#3289=ORIENTED_EDGE('',*,*,#2199,.F.);
#3290=ORIENTED_EDGE('',*,*,#2206,.F.);
#3291=PLANE('',#3636);
#3292=PLANE('',#3645);
#3293=PLANE('',#3652);
#3294=PLANE('',#3655);
#3295=PLANE('',#3656);
#3296=PLANE('',#3660);
#3297=PLANE('',#3661);
#3298=PLANE('',#3665);
#3299=PLANE('',#3675);
#3300=PLANE('',#3687);
#3301=PLANE('',#3696);
#3302=PLANE('',#3701);
#3303=PLANE('',#3710);
#3304=PLANE('',#3712);
#3305=PLANE('',#3719);
#3306=PLANE('',#3728);
#3307=PLANE('',#3732);
#3308=PLANE('',#3734);
#3309=PLANE('',#3736);
#3310=PLANE('',#3740);
#3311=PLANE('',#3756);
#3312=PLANE('',#3757);
#3313=PLANE('',#3762);
#3314=PLANE('',#3764);
#3315=PLANE('',#3766);
#3316=PLANE('',#3767);
#3317=PLANE('',#3769);
#3318=PLANE('',#3775);
#3319=PLANE('',#3780);
#3320=PLANE('',#3781);
#3321=PLANE('',#3782);
#3322=PLANE('',#3784);
#3323=PLANE('',#3797);
#3324=PLANE('',#3804);
#3325=PLANE('',#3805);
#3326=PLANE('',#3808);
#3327=PLANE('',#3811);
#3328=PLANE('',#3812);
#3329=PLANE('',#3813);
#3330=PLANE('',#3829);
#3331=PLANE('',#3850);
#3332=PLANE('',#3854);
#3333=PLANE('',#3857);
#3334=PLANE('',#3864);
#3335=PLANE('',#3866);
#3336=PLANE('',#3872);
#3337=PLANE('',#3879);
#3338=PLANE('',#3882);
#3339=PLANE('',#3886);
#3340=PLANE('',#3899);
#3341=PLANE('',#3900);
#3342=PLANE('',#3904);
#3343=PLANE('',#3905);
#3344=PLANE('',#3906);
#3345=PLANE('',#3911);
#3346=PLANE('',#3912);
#3347=PLANE('',#3917);
#3348=PLANE('',#3921);
#3349=PLANE('',#3922);
#3350=PLANE('',#3923);
#3351=PLANE('',#3930);
#3352=PLANE('',#3932);
#3353=PLANE('',#3935);
#3354=PLANE('',#3936);
#3355=PLANE('',#3941);
#3356=PLANE('',#3942);
#3357=PLANE('',#3945);
#3358=PLANE('',#3948);
#3359=PLANE('',#3951);
#3360=PLANE('',#3954);
#3361=PLANE('',#3955);
#3362=PLANE('',#3956);
#3363=PLANE('',#3957);
#3364=PLANE('',#3958);
#3365=PLANE('',#3959);
#3366=PLANE('',#3960);
#3367=PLANE('',#3967);
#3368=PLANE('',#3968);
#3369=PLANE('',#3969);
#3370=PLANE('',#3970);
#3371=PLANE('',#3971);
#3372=PLANE('',#3972);
#3373=PLANE('',#3973);
#3374=PLANE('',#3974);
#3375=PLANE('',#3975);
#3376=PLANE('',#3976);
#3377=PLANE('',#3977);
#3378=PLANE('',#3978);
#3379=PLANE('',#3979);
#3380=PLANE('',#3980);
#3381=PLANE('',#3981);
#3382=PLANE('',#3982);
#3383=PLANE('',#3983);
#3384=PLANE('',#3984);
#3385=PLANE('',#3985);
#3386=PLANE('',#3986);
#3387=PLANE('',#3987);
#3388=PLANE('',#3988);
#3389=PLANE('',#3989);
#3390=PLANE('',#3990);
#3391=PLANE('',#3991);
#3392=PLANE('',#3992);
#3393=PLANE('',#3993);
#3394=PLANE('',#3994);
#3395=PLANE('',#3999);
#3396=PLANE('',#4002);
#3397=PLANE('',#4003);
#3398=PLANE('',#4008);
#3399=PLANE('',#4011);
#3400=PLANE('',#4012);
#3401=ADVANCED_FACE('',(#462),#3291,.T.);
#3402=ADVANCED_FACE('',(#463),#419,.T.);
#3403=ADVANCED_FACE('',(#464),#420,.F.);
#3404=ADVANCED_FACE('',(#465),#3292,.F.);
#3405=ADVANCED_FACE('',(#466),#421,.F.);
#3406=ADVANCED_FACE('',(#467),#422,.T.);
#3407=ADVANCED_FACE('',(#468),#423,.T.);
#3408=ADVANCED_FACE('',(#469),#3293,.F.);
#3409=ADVANCED_FACE('',(#470),#3294,.F.);
#3410=ADVANCED_FACE('',(#471),#3295,.T.);
#3411=ADVANCED_FACE('',(#472),#3296,.F.);
#3412=ADVANCED_FACE('',(#473),#3297,.F.);
#3413=ADVANCED_FACE('',(#474),#424,.T.);
#3414=ADVANCED_FACE('',(#475),#3298,.T.);
#3415=ADVANCED_FACE('',(#476),#89,.F.);
#3416=ADVANCED_FACE('',(#477),#3299,.T.);
#3417=ADVANCED_FACE('',(#478),#425,.T.);
#3418=ADVANCED_FACE('',(#479),#90,.F.);
#3419=ADVANCED_FACE('',(#480),#91,.F.);
#3420=ADVANCED_FACE('',(#481),#3300,.T.);
#3421=ADVANCED_FACE('',(#482),#92,.F.);
#3422=ADVANCED_FACE('',(#483),#93,.T.);
#3423=ADVANCED_FACE('',(#484),#3301,.T.);
#3424=ADVANCED_FACE('',(#485),#94,.F.);
#3425=ADVANCED_FACE('',(#486),#95,.F.);
#3426=ADVANCED_FACE('',(#487),#3302,.T.);
#3427=ADVANCED_FACE('',(#488),#96,.F.);
#3428=ADVANCED_FACE('',(#489),#97,.F.);
#3429=ADVANCED_FACE('',(#490),#98,.F.);
#3430=ADVANCED_FACE('',(#491),#3303,.T.);
#3431=ADVANCED_FACE('',(#492),#3304,.T.);
#3432=ADVANCED_FACE('',(#493),#99,.F.);
#3433=ADVANCED_FACE('',(#494),#100,.F.);
#3434=ADVANCED_FACE('',(#495),#101,.F.);
#3435=ADVANCED_FACE('',(#496),#3305,.F.);
#3436=ADVANCED_FACE('',(#497),#102,.F.);
#3437=ADVANCED_FACE('',(#498),#426,.F.);
#3438=ADVANCED_FACE('',(#499),#427,.F.);
#3439=ADVANCED_FACE('',(#500),#3306,.T.);
#3440=ADVANCED_FACE('',(#501),#3307,.T.);
#3441=ADVANCED_FACE('',(#502),#3308,.T.);
#3442=ADVANCED_FACE('',(#503),#428,.T.);
#3443=ADVANCED_FACE('',(#504),#3309,.F.);
#3444=ADVANCED_FACE('',(#505),#3310,.F.);
#3445=ADVANCED_FACE('',(#506),#429,.F.);
#3446=ADVANCED_FACE('',(#507),#430,.T.);
#3447=ADVANCED_FACE('',(#508),#431,.T.);
#3448=ADVANCED_FACE('',(#509),#432,.T.);
#3449=ADVANCED_FACE('',(#510,#47),#433,.F.);
#3450=ADVANCED_FACE('',(#511),#434,.T.);
#3451=ADVANCED_FACE('',(#512),#103,.F.);
#3452=ADVANCED_FACE('',(#513),#3311,.F.);
#3453=ADVANCED_FACE('',(#514),#3312,.T.);
#3454=ADVANCED_FACE('',(#515),#104,.T.);
#3455=ADVANCED_FACE('',(#516),#3313,.T.);
#3456=ADVANCED_FACE('',(#517),#3314,.T.);
#3457=ADVANCED_FACE('',(#518),#3315,.F.);
#3458=ADVANCED_FACE('',(#519),#3316,.T.);
#3459=ADVANCED_FACE('',(#520),#3317,.F.);
#3460=ADVANCED_FACE('',(#521,#48),#435,.T.);
#3461=ADVANCED_FACE('',(#522),#105,.F.);
#3462=ADVANCED_FACE('',(#523),#3318,.T.);
#3463=ADVANCED_FACE('',(#524),#106,.F.);
#3464=ADVANCED_FACE('',(#525),#436,.T.);
#3465=ADVANCED_FACE('',(#526),#3319,.T.);
#3466=ADVANCED_FACE('',(#527),#3320,.T.);
#3467=ADVANCED_FACE('',(#528),#3321,.T.);
#3468=ADVANCED_FACE('',(#529),#3322,.T.);
#3469=ADVANCED_FACE('',(#530),#437,.T.);
#3470=ADVANCED_FACE('',(#531),#438,.T.);
#3471=ADVANCED_FACE('',(#532),#439,.F.);
#3472=ADVANCED_FACE('',(#533),#3323,.F.);
#3473=ADVANCED_FACE('',(#534),#440,.F.);
#3474=ADVANCED_FACE('',(#535),#441,.T.);
#3475=ADVANCED_FACE('',(#536),#442,.T.);
#3476=ADVANCED_FACE('',(#537),#3324,.F.);
#3477=ADVANCED_FACE('',(#538),#3325,.F.);
#3478=ADVANCED_FACE('',(#539),#3326,.F.);
#3479=ADVANCED_FACE('',(#540),#3327,.F.);
#3480=ADVANCED_FACE('',(#541),#3328,.F.);
#3481=ADVANCED_FACE('',(#542),#3329,.F.);
#3482=ADVANCED_FACE('',(#543),#107,.F.);
#3483=ADVANCED_FACE('',(#544),#108,.F.);
#3484=ADVANCED_FACE('',(#545),#109,.F.);
#3485=ADVANCED_FACE('',(#546),#110,.F.);
#3486=ADVANCED_FACE('',(#547),#111,.T.);
#3487=ADVANCED_FACE('',(#548),#3330,.T.);
#3488=ADVANCED_FACE('',(#549),#112,.F.);
#3489=ADVANCED_FACE('',(#550),#113,.F.);
#3490=ADVANCED_FACE('',(#551),#114,.F.);
#3491=ADVANCED_FACE('',(#552),#443,.T.);
#3492=ADVANCED_FACE('',(#553),#3331,.T.);
#3493=ADVANCED_FACE('',(#554),#444,.T.);
#3494=ADVANCED_FACE('',(#555),#3332,.T.);
#3495=ADVANCED_FACE('',(#556),#115,.F.);
#3496=ADVANCED_FACE('',(#557),#3333,.F.);
#3497=ADVANCED_FACE('',(#558),#116,.F.);
#3498=ADVANCED_FACE('',(#559),#117,.F.);
#3499=ADVANCED_FACE('',(#560),#3334,.F.);
#3500=ADVANCED_FACE('',(#561),#3335,.F.);
#3501=ADVANCED_FACE('',(#562),#445,.F.);
#3502=ADVANCED_FACE('',(#563),#446,.F.);
#3503=ADVANCED_FACE('',(#564),#3336,.F.);
#3504=ADVANCED_FACE('',(#565),#447,.F.);
#3505=ADVANCED_FACE('',(#566),#3337,.F.);
#3506=ADVANCED_FACE('',(#567),#3338,.T.);
#3507=ADVANCED_FACE('',(#568),#3339,.F.);
#3508=ADVANCED_FACE('',(#569),#448,.T.);
#3509=ADVANCED_FACE('',(#570),#449,.T.);
#3510=ADVANCED_FACE('',(#571),#450,.T.);
#3511=ADVANCED_FACE('',(#572),#451,.F.);
#3512=ADVANCED_FACE('',(#573),#452,.F.);
#3513=ADVANCED_FACE('',(#574),#453,.T.);
#3514=ADVANCED_FACE('',(#575),#3340,.F.);
#3515=ADVANCED_FACE('',(#576),#3341,.F.);
#3516=ADVANCED_FACE('',(#577),#118,.T.);
#3517=ADVANCED_FACE('',(#578),#3342,.T.);
#3518=ADVANCED_FACE('',(#579),#3343,.F.);
#3519=ADVANCED_FACE('',(#580),#3344,.T.);
#3520=ADVANCED_FACE('',(#581),#119,.F.);
#3521=ADVANCED_FACE('',(#582),#3345,.F.);
#3522=ADVANCED_FACE('',(#583),#3346,.T.);
#3523=ADVANCED_FACE('',(#584,#49),#454,.T.);
#3524=ADVANCED_FACE('',(#585),#3347,.F.);
#3525=ADVANCED_FACE('',(#586),#120,.F.);
#3526=ADVANCED_FACE('',(#587),#455,.T.);
#3527=ADVANCED_FACE('',(#588),#3348,.F.);
#3528=ADVANCED_FACE('',(#589),#3349,.F.);
#3529=ADVANCED_FACE('',(#590),#3350,.F.);
#3530=ADVANCED_FACE('',(#591),#456,.T.);
#3531=ADVANCED_FACE('',(#592),#457,.F.);
#3532=ADVANCED_FACE('',(#593),#121,.T.);
#3533=ADVANCED_FACE('',(#594),#3351,.T.);
#3534=ADVANCED_FACE('',(#595),#3352,.F.);
#3535=ADVANCED_FACE('',(#596),#122,.F.);
#3536=ADVANCED_FACE('',(#597),#3353,.T.);
#3537=ADVANCED_FACE('',(#598),#3354,.F.);
#3538=ADVANCED_FACE('',(#599),#458,.T.);
#3539=ADVANCED_FACE('',(#600),#459,.F.);
#3540=ADVANCED_FACE('',(#601),#3355,.F.);
#3541=ADVANCED_FACE('',(#602),#3356,.T.);
#3542=ADVANCED_FACE('',(#603),#3357,.T.);
#3543=ADVANCED_FACE('',(#604),#123,.F.);
#3544=ADVANCED_FACE('',(#605),#3358,.F.);
#3545=ADVANCED_FACE('',(#606),#124,.T.);
#3546=ADVANCED_FACE('',(#607,#50,#51),#3359,.T.);
#3547=ADVANCED_FACE('',(#608),#3360,.T.);
#3548=ADVANCED_FACE('',(#609),#3361,.T.);
#3549=ADVANCED_FACE('',(#610),#3362,.T.);
#3550=ADVANCED_FACE('',(#611),#3363,.T.);
#3551=ADVANCED_FACE('',(#612),#3364,.T.);
#3552=ADVANCED_FACE('',(#613),#3365,.T.);
#3553=ADVANCED_FACE('',(#614),#3366,.T.);
#3554=ADVANCED_FACE('',(#615),#125,.F.);
#3555=ADVANCED_FACE('',(#616),#126,.F.);
#3556=ADVANCED_FACE('',(#617),#460,.F.);
#3557=ADVANCED_FACE('',(#618),#461,.F.);
#3558=ADVANCED_FACE('',(#619),#19,.F.);
#3559=ADVANCED_FACE('',(#620),#20,.F.);
#3560=ADVANCED_FACE('',(#621),#21,.F.);
#3561=ADVANCED_FACE('',(#622),#22,.F.);
#3562=ADVANCED_FACE('',(#623),#23,.F.);
#3563=ADVANCED_FACE('',(#624),#24,.F.);
#3564=ADVANCED_FACE('',(#625),#25,.F.);
#3565=ADVANCED_FACE('',(#626),#26,.F.);
#3566=ADVANCED_FACE('',(#627),#3367,.F.);
#3567=ADVANCED_FACE('',(#628),#3368,.F.);
#3568=ADVANCED_FACE('',(#629),#3369,.F.);
#3569=ADVANCED_FACE('',(#630),#3370,.F.);
#3570=ADVANCED_FACE('',(#631),#3371,.T.);
#3571=ADVANCED_FACE('',(#632),#3372,.T.);
#3572=ADVANCED_FACE('',(#633),#3373,.T.);
#3573=ADVANCED_FACE('',(#634),#3374,.T.);
#3574=ADVANCED_FACE('',(#635),#3375,.T.);
#3575=ADVANCED_FACE('',(#636),#3376,.T.);
#3576=ADVANCED_FACE('',(#637),#3377,.T.);
#3577=ADVANCED_FACE('',(#638),#3378,.T.);
#3578=ADVANCED_FACE('',(#639),#3379,.T.);
#3579=ADVANCED_FACE('',(#640,#52,#53),#3380,.F.);
#3580=ADVANCED_FACE('',(#641),#3381,.F.);
#3581=ADVANCED_FACE('',(#642),#3382,.F.);
#3582=ADVANCED_FACE('',(#643),#3383,.F.);
#3583=ADVANCED_FACE('',(#644),#3384,.F.);
#3584=ADVANCED_FACE('',(#645),#3385,.T.);
#3585=ADVANCED_FACE('',(#646),#3386,.T.);
#3586=ADVANCED_FACE('',(#647),#3387,.T.);
#3587=ADVANCED_FACE('',(#648),#3388,.T.);
#3588=ADVANCED_FACE('',(#649),#3389,.T.);
#3589=ADVANCED_FACE('',(#650),#3390,.T.);
#3590=ADVANCED_FACE('',(#651),#3391,.T.);
#3591=ADVANCED_FACE('',(#652),#3392,.T.);
#3592=ADVANCED_FACE('',(#653),#3393,.F.);
#3593=ADVANCED_FACE('',(#654),#3394,.T.);
#3594=ADVANCED_FACE('',(#655),#127,.F.);
#3595=ADVANCED_FACE('',(#656),#3395,.F.);
#3596=ADVANCED_FACE('',(#657),#128,.T.);
#3597=ADVANCED_FACE('',(#658),#3396,.T.);
#3598=ADVANCED_FACE('',(#659),#3397,.F.);
#3599=ADVANCED_FACE('',(#660),#129,.T.);
#3600=ADVANCED_FACE('',(#661),#3398,.T.);
#3601=ADVANCED_FACE('',(#662),#130,.F.);
#3602=ADVANCED_FACE('',(#663),#3399,.T.);
#3603=ADVANCED_FACE('',(#664),#3400,.F.);
#3604=CLOSED_SHELL('',(#3401,#3402,#3403,#3404,#3405,#3406,#3407,#3408,
#3409,#3410,#3411,#3412,#3413,#3414,#3415,#3416,#3417,#3418,#3419,#3420,
#3421,#3422,#3423,#3424,#3425,#3426,#3427,#3428,#3429,#3430,#3431,#3432,
#3433,#3434,#3435,#3436,#3437,#3438,#3439,#3440,#3441,#3442,#3443,#3444,
#3445,#3446,#3447,#3448,#3449,#3450,#3451,#3452,#3453,#3454,#3455,#3456,
#3457,#3458,#3459,#3460,#3461,#3462,#3463,#3464,#3465,#3466,#3467));
#3605=CLOSED_SHELL('',(#3468,#3469,#3470,#3471,#3472,#3473,#3474,#3475,
#3476,#3477,#3478,#3479,#3480,#3481,#3482,#3483,#3484,#3485,#3486,#3487,
#3488,#3489,#3490,#3491,#3492,#3493,#3494,#3495,#3496,#3497,#3498,#3499,
#3500,#3501,#3502,#3503,#3504,#3505,#3506,#3507,#3508,#3509,#3510,#3511,
#3512,#3513,#3514,#3515,#3516,#3517,#3518,#3519,#3520,#3521,#3522,#3523,
#3524,#3525,#3526,#3527,#3528,#3529));
#3606=CLOSED_SHELL('',(#3530,#3531,#3532,#3533,#3534,#3535,#3536,#3537));
#3607=CLOSED_SHELL('',(#3538,#3539,#3540,#3541,#3542,#3543,#3544,#3545));
#3608=CLOSED_SHELL('',(#3546,#3547,#3548,#3549,#3550,#3551,#3552,#3553,
#3554,#3555,#3556,#3557,#3558,#3559,#3560,#3561,#3562,#3563,#3564,#3565,
#3566,#3567,#3568,#3569,#3570,#3571,#3572,#3573,#3574,#3575,#3576,#3577,
#3578,#3579,#3580,#3581,#3582,#3583,#3584,#3585,#3586,#3587,#3588,#3589,
#3590,#3591));
#3609=CLOSED_SHELL('',(#3592,#3593,#3594,#3595,#3596,#3597));
#3610=CLOSED_SHELL('',(#3598,#3599,#3600,#3601,#3602,#3603));
#3611=DERIVED_UNIT_ELEMENT(#3615,1.);
#3612=DERIVED_UNIT_ELEMENT(#7061,-3.);
#3613=DERIVED_UNIT_ELEMENT(#3615,1.);
#3614=DERIVED_UNIT_ELEMENT(#7061,-3.);
#3615=(
MASS_UNIT()
NAMED_UNIT(*)
SI_UNIT(.KILO.,.GRAM.)
);
#3616=DERIVED_UNIT((#3611,#3612));
#3617=DERIVED_UNIT((#3613,#3614));
#3618=MEASURE_REPRESENTATION_ITEM('density measure',
POSITIVE_RATIO_MEASURE(7850.),#3616);
#3619=MEASURE_REPRESENTATION_ITEM('density measure',
POSITIVE_RATIO_MEASURE(7850.),#3617);
#3620=PROPERTY_DEFINITION_REPRESENTATION(#3630,#3624);
#3621=PROPERTY_DEFINITION_REPRESENTATION(#3631,#3625);
#3622=PROPERTY_DEFINITION_REPRESENTATION(#3632,#3626);
#3623=PROPERTY_DEFINITION_REPRESENTATION(#3633,#3627);
#3624=REPRESENTATION('material name',(#3628),#7057);
#3625=REPRESENTATION('density',(#3618),#7057);
#3626=REPRESENTATION('material name',(#3629),#7058);
#3627=REPRESENTATION('density',(#3619),#7058);
#3628=DESCRIPTIVE_REPRESENTATION_ITEM('Steel','Steel');
#3629=DESCRIPTIVE_REPRESENTATION_ITEM('Steel','Steel');
#3630=PROPERTY_DEFINITION('material property','material name',#7077);
#3631=PROPERTY_DEFINITION('material property','density of part',#7077);
#3632=PROPERTY_DEFINITION('material property','material name',#7078);
#3633=PROPERTY_DEFINITION('material property','density of part',#7078);
#3634=AXIS2_PLACEMENT_3D('',#4996,#4015,#4016);
#3635=AXIS2_PLACEMENT_3D('',#4997,#4017,#4018);
#3636=AXIS2_PLACEMENT_3D('',#4998,#4019,#4020);
#3637=AXIS2_PLACEMENT_3D('',#5009,#4026,#4027);
#3638=AXIS2_PLACEMENT_3D('',#5011,#4028,#4029);
#3639=AXIS2_PLACEMENT_3D('',#5079,#4030,#4031);
#3640=AXIS2_PLACEMENT_3D('',#5082,#4033,#4034);
#3641=AXIS2_PLACEMENT_3D('',#5083,#4035,#4036);
#3642=AXIS2_PLACEMENT_3D('',#5085,#4037,#4038);
#3643=AXIS2_PLACEMENT_3D('',#5089,#4040,#4041);
#3644=AXIS2_PLACEMENT_3D('',#5090,#4042,#4043);
#3645=AXIS2_PLACEMENT_3D('',#5091,#4044,#4045);
#3646=AXIS2_PLACEMENT_3D('',#5096,#4049,#4050);
#3647=AXIS2_PLACEMENT_3D('',#5097,#4051,#4052);
#3648=AXIS2_PLACEMENT_3D('',#5098,#4053,#4054);
#3649=AXIS2_PLACEMENT_3D('',#5099,#4055,#4056);
#3650=AXIS2_PLACEMENT_3D('',#5102,#4057,#4058);
#3651=AXIS2_PLACEMENT_3D('',#5107,#4059,#4060);
#3652=AXIS2_PLACEMENT_3D('',#5108,#4061,#4062);
#3653=AXIS2_PLACEMENT_3D('',#5111,#4063,#4064);
#3654=AXIS2_PLACEMENT_3D('',#5114,#4066,#4067);
#3655=AXIS2_PLACEMENT_3D('',#5115,#4068,#4069);
#3656=AXIS2_PLACEMENT_3D('',#5129,#4075,#4076);
#3657=AXIS2_PLACEMENT_3D('',#5131,#4077,#4078);
#3658=AXIS2_PLACEMENT_3D('',#5133,#4079,#4080);
#3659=AXIS2_PLACEMENT_3D('',#5134,#4081,#4082);
#3660=AXIS2_PLACEMENT_3D('',#5135,#4083,#4084);
#3661=AXIS2_PLACEMENT_3D('',#5148,#4089,#4090);
#3662=AXIS2_PLACEMENT_3D('',#5154,#4094,#4095);
#3663=AXIS2_PLACEMENT_3D('',#5163,#4096,#4097);
#3664=AXIS2_PLACEMENT_3D('',#5196,#4098,#4099);
#3665=AXIS2_PLACEMENT_3D('',#5197,#4100,#4101);
#3666=AXIS2_PLACEMENT_3D('',#5200,#4102,#4103);
#3667=AXIS2_PLACEMENT_3D('',#5202,#4104,#4105);
#3668=AXIS2_PLACEMENT_3D('',#5204,#4106,#4107);
#3669=AXIS2_PLACEMENT_3D('',#5206,#4108,#4109);
#3670=AXIS2_PLACEMENT_3D('',#5209,#4111,#4112);
#3671=AXIS2_PLACEMENT_3D('',#5211,#4113,#4114);
#3672=AXIS2_PLACEMENT_3D('',#5212,#4115,#4116);
#3673=AXIS2_PLACEMENT_3D('',#5213,#4117,#4118);
#3674=AXIS2_PLACEMENT_3D('',#5231,#4120,#4121);
#3675=AXIS2_PLACEMENT_3D('',#5232,#4122,#4123);
#3676=AXIS2_PLACEMENT_3D('',#5235,#4125,#4126);
#3677=AXIS2_PLACEMENT_3D('',#5236,#4127,#4128);
#3678=AXIS2_PLACEMENT_3D('',#5237,#4129,#4130);
#3679=AXIS2_PLACEMENT_3D('',#5239,#4131,#4132);
#3680=AXIS2_PLACEMENT_3D('',#5244,#4133,#4134);
#3681=AXIS2_PLACEMENT_3D('',#5249,#4135,#4136);
#3682=AXIS2_PLACEMENT_3D('',#5256,#4137,#4138);
#3683=AXIS2_PLACEMENT_3D('',#5258,#4139,#4140);
#3684=AXIS2_PLACEMENT_3D('',#5265,#4141,#4142);
#3685=AXIS2_PLACEMENT_3D('',#5272,#4143,#4144);
#3686=AXIS2_PLACEMENT_3D('',#5281,#4145,#4146);
#3687=AXIS2_PLACEMENT_3D('',#5293,#4147,#4148);
#3688=AXIS2_PLACEMENT_3D('',#5295,#4149,#4150);
#3689=AXIS2_PLACEMENT_3D('',#5298,#4152,#4153);
#3690=AXIS2_PLACEMENT_3D('',#5300,#4154,#4155);
#3691=AXIS2_PLACEMENT_3D('',#5301,#4156,#4157);
#3692=AXIS2_PLACEMENT_3D('',#5302,#4158,#4159);
#3693=AXIS2_PLACEMENT_3D('',#5306,#4161,#4162);
#3694=AXIS2_PLACEMENT_3D('',#5308,#4164,#4165);
#3695=AXIS2_PLACEMENT_3D('',#5326,#4167,#4168);
#3696=AXIS2_PLACEMENT_3D('',#5327,#4169,#4170);
#3697=AXIS2_PLACEMENT_3D('',#5333,#4172,#4173);
#3698=AXIS2_PLACEMENT_3D('',#5341,#4175,#4176);
#3699=AXIS2_PLACEMENT_3D('',#5342,#4177,#4178);
#3700=AXIS2_PLACEMENT_3D('',#5343,#4179,#4180);
#3701=AXIS2_PLACEMENT_3D('',#5344,#4181,#4182);
#3702=AXIS2_PLACEMENT_3D('',#5345,#4183,#4184);
#3703=AXIS2_PLACEMENT_3D('',#5346,#4185,#4186);
#3704=AXIS2_PLACEMENT_3D('',#5355,#4187,#4188);
#3705=AXIS2_PLACEMENT_3D('',#5362,#4189,#4190);
#3706=AXIS2_PLACEMENT_3D('',#5363,#4191,#4192);
#3707=AXIS2_PLACEMENT_3D('',#5364,#4193,#4194);
#3708=AXIS2_PLACEMENT_3D('',#5386,#4195,#4196);
#3709=AXIS2_PLACEMENT_3D('',#5411,#4197,#4198);
#3710=AXIS2_PLACEMENT_3D('',#5418,#4199,#4200);
#3711=AXIS2_PLACEMENT_3D('',#5419,#4201,#4202);
#3712=AXIS2_PLACEMENT_3D('',#5420,#4203,#4204);
#3713=AXIS2_PLACEMENT_3D('',#5422,#4205,#4206);
#3714=AXIS2_PLACEMENT_3D('',#5424,#4208,#4209);
#3715=AXIS2_PLACEMENT_3D('',#5438,#4210,#4211);
#3716=AXIS2_PLACEMENT_3D('',#5466,#4212,#4213);
#3717=AXIS2_PLACEMENT_3D('',#5473,#4214,#4215);
#3718=AXIS2_PLACEMENT_3D('',#5477,#4216,#4217);
#3719=AXIS2_PLACEMENT_3D('',#5479,#4219,#4220);
#3720=AXIS2_PLACEMENT_3D('',#5480,#4221,#4222);
#3721=AXIS2_PLACEMENT_3D('',#5489,#4223,#4224);
#3722=AXIS2_PLACEMENT_3D('',#5494,#4225,#4226);
#3723=AXIS2_PLACEMENT_3D('',#5495,#4227,#4228);
#3724=AXIS2_PLACEMENT_3D('',#5496,#4229,#4230);
#3725=AXIS2_PLACEMENT_3D('',#5497,#4231,#4232);
#3726=AXIS2_PLACEMENT_3D('',#5498,#4233,#4234);
#3727=AXIS2_PLACEMENT_3D('',#5499,#4235,#4236);
#3728=AXIS2_PLACEMENT_3D('',#5500,#4237,#4238);
#3729=AXIS2_PLACEMENT_3D('',#5502,#4239,#4240);
#3730=AXIS2_PLACEMENT_3D('',#5504,#4241,#4242);
#3731=AXIS2_PLACEMENT_3D('',#5505,#4243,#4244);
#3732=AXIS2_PLACEMENT_3D('',#5506,#4245,#4246);
#3733=AXIS2_PLACEMENT_3D('',#5507,#4247,#4248);
#3734=AXIS2_PLACEMENT_3D('',#5508,#4249,#4250);
#3735=AXIS2_PLACEMENT_3D('',#5509,#4251,#4252);
#3736=AXIS2_PLACEMENT_3D('',#5510,#4253,#4254);
#3737=AXIS2_PLACEMENT_3D('',#5512,#4255,#4256);
#3738=AXIS2_PLACEMENT_3D('',#5514,#4257,#4258);
#3739=AXIS2_PLACEMENT_3D('',#5515,#4259,#4260);
#3740=AXIS2_PLACEMENT_3D('',#5516,#4261,#4262);
#3741=AXIS2_PLACEMENT_3D('',#5518,#4263,#4264);
#3742=AXIS2_PLACEMENT_3D('',#5520,#4265,#4266);
#3743=AXIS2_PLACEMENT_3D('',#5521,#4267,#4268);
#3744=AXIS2_PLACEMENT_3D('',#5522,#4269,#4270);
#3745=AXIS2_PLACEMENT_3D('',#5523,#4271,#4272);
#3746=AXIS2_PLACEMENT_3D('',#5524,#4273,#4274);
#3747=AXIS2_PLACEMENT_3D('',#5546,#4275,#4276);
#3748=AXIS2_PLACEMENT_3D('',#5566,#4277,#4278);
#3749=AXIS2_PLACEMENT_3D('',#5567,#4279,#4280);
#3750=AXIS2_PLACEMENT_3D('',#5591,#4281,#4282);
#3751=AXIS2_PLACEMENT_3D('',#5615,#4283,#4284);
#3752=AXIS2_PLACEMENT_3D('',#5621,#4285,#4286);
#3753=AXIS2_PLACEMENT_3D('',#5674,#4287,#4288);
#3754=AXIS2_PLACEMENT_3D('',#5675,#4289,#4290);
#3755=AXIS2_PLACEMENT_3D('',#5676,#4291,#4292);
#3756=AXIS2_PLACEMENT_3D('',#5681,#4293,#4294);
#3757=AXIS2_PLACEMENT_3D('',#5687,#4298,#4299);
#3758=AXIS2_PLACEMENT_3D('',#5689,#4300,#4301);
#3759=AXIS2_PLACEMENT_3D('',#5692,#4303,#4304);
#3760=AXIS2_PLACEMENT_3D('',#5693,#4305,#4306);
#3761=AXIS2_PLACEMENT_3D('',#5695,#4307,#4308);
#3762=AXIS2_PLACEMENT_3D('',#5736,#4311,#4312);
#3763=AXIS2_PLACEMENT_3D('',#5738,#4313,#4314);
#3764=AXIS2_PLACEMENT_3D('',#5740,#4316,#4317);
#3765=AXIS2_PLACEMENT_3D('',#5744,#4319,#4320);
#3766=AXIS2_PLACEMENT_3D('',#5746,#4322,#4323);
#3767=AXIS2_PLACEMENT_3D('',#5748,#4325,#4326);
#3768=AXIS2_PLACEMENT_3D('',#5749,#4327,#4328);
#3769=AXIS2_PLACEMENT_3D('',#5750,#4329,#4330);
#3770=AXIS2_PLACEMENT_3D('',#5751,#4331,#4332);
#3771=AXIS2_PLACEMENT_3D('',#5753,#4333,#4334);
#3772=AXIS2_PLACEMENT_3D('',#5759,#4335,#4336);
#3773=AXIS2_PLACEMENT_3D('',#5761,#4337,#4338);
#3774=AXIS2_PLACEMENT_3D('',#5788,#4339,#4340);
#3775=AXIS2_PLACEMENT_3D('',#5792,#4344,#4345);
#3776=AXIS2_PLACEMENT_3D('',#5793,#4346,#4347);
#3777=AXIS2_PLACEMENT_3D('',#5794,#4348,#4349);
#3778=AXIS2_PLACEMENT_3D('',#5795,#4350,#4351);
#3779=AXIS2_PLACEMENT_3D('',#5796,#4352,#4353);
#3780=AXIS2_PLACEMENT_3D('',#5797,#4354,#4355);
#3781=AXIS2_PLACEMENT_3D('',#5798,#4356,#4357);
#3782=AXIS2_PLACEMENT_3D('',#5799,#4358,#4359);
#3783=AXIS2_PLACEMENT_3D('',#5800,#4360,#4361);
#3784=AXIS2_PLACEMENT_3D('',#5801,#4362,#4363);
#3785=AXIS2_PLACEMENT_3D('',#5812,#4369,#4370);
#3786=AXIS2_PLACEMENT_3D('',#5814,#4371,#4372);
#3787=AXIS2_PLACEMENT_3D('',#5816,#4373,#4374);
#3788=AXIS2_PLACEMENT_3D('',#5820,#4376,#4377);
#3789=AXIS2_PLACEMENT_3D('',#5886,#4378,#4379);
#3790=AXIS2_PLACEMENT_3D('',#5888,#4380,#4381);
#3791=AXIS2_PLACEMENT_3D('',#5890,#4383,#4384);
#3792=AXIS2_PLACEMENT_3D('',#5893,#4385,#4386);
#3793=AXIS2_PLACEMENT_3D('',#5895,#4387,#4388);
#3794=AXIS2_PLACEMENT_3D('',#5898,#4390,#4391);
#3795=AXIS2_PLACEMENT_3D('',#5900,#4392,#4393);
#3796=AXIS2_PLACEMENT_3D('',#5901,#4394,#4395);
#3797=AXIS2_PLACEMENT_3D('',#5902,#4396,#4397);
#3798=AXIS2_PLACEMENT_3D('',#5905,#4400,#4401);
#3799=AXIS2_PLACEMENT_3D('',#5906,#4402,#4403);
#3800=AXIS2_PLACEMENT_3D('',#5908,#4404,#4405);
#3801=AXIS2_PLACEMENT_3D('',#5913,#4406,#4407);
#3802=AXIS2_PLACEMENT_3D('',#5920,#4408,#4409);
#3803=AXIS2_PLACEMENT_3D('',#5921,#4410,#4411);
#3804=AXIS2_PLACEMENT_3D('',#5922,#4412,#4413);
#3805=AXIS2_PLACEMENT_3D('',#5935,#4420,#4421);
#3806=AXIS2_PLACEMENT_3D('',#5937,#4422,#4423);
#3807=AXIS2_PLACEMENT_3D('',#5939,#4424,#4425);
#3808=AXIS2_PLACEMENT_3D('',#5941,#4427,#4428);
#3809=AXIS2_PLACEMENT_3D('',#5944,#4429,#4430);
#3810=AXIS2_PLACEMENT_3D('',#5949,#4433,#4434);
#3811=AXIS2_PLACEMENT_3D('',#5950,#4435,#4436);
#3812=AXIS2_PLACEMENT_3D('',#5960,#4442,#4443);
#3813=AXIS2_PLACEMENT_3D('',#5968,#4446,#4447);
#3814=AXIS2_PLACEMENT_3D('',#5978,#4451,#4452);
#3815=AXIS2_PLACEMENT_3D('',#5987,#4453,#4454);
#3816=AXIS2_PLACEMENT_3D('',#5996,#4455,#4456);
#3817=AXIS2_PLACEMENT_3D('',#6005,#4457,#4458);
#3818=AXIS2_PLACEMENT_3D('',#6007,#4460,#4461);
#3819=AXIS2_PLACEMENT_3D('',#6009,#4462,#4463);
#3820=AXIS2_PLACEMENT_3D('',#6011,#4465,#4466);
#3821=AXIS2_PLACEMENT_3D('',#6012,#4467,#4468);
#3822=AXIS2_PLACEMENT_3D('',#6014,#4469,#4470);
#3823=AXIS2_PLACEMENT_3D('',#6017,#4472,#4473);
#3824=AXIS2_PLACEMENT_3D('',#6018,#4474,#4475);
#3825=AXIS2_PLACEMENT_3D('',#6021,#4476,#4477);
#3826=AXIS2_PLACEMENT_3D('',#6030,#4478,#4479);
#3827=AXIS2_PLACEMENT_3D('',#6035,#4480,#4481);
#3828=AXIS2_PLACEMENT_3D('',#6043,#4482,#4483);
#3829=AXIS2_PLACEMENT_3D('',#6048,#4484,#4485);
#3830=AXIS2_PLACEMENT_3D('',#6051,#4486,#4487);
#3831=AXIS2_PLACEMENT_3D('',#6052,#4488,#4489);
#3832=AXIS2_PLACEMENT_3D('',#6054,#4490,#4491);
#3833=AXIS2_PLACEMENT_3D('',#6055,#4492,#4493);
#3834=AXIS2_PLACEMENT_3D('',#6056,#4494,#4495);
#3835=AXIS2_PLACEMENT_3D('',#6057,#4496,#4497);
#3836=AXIS2_PLACEMENT_3D('',#6065,#4498,#4499);
#3837=AXIS2_PLACEMENT_3D('',#6069,#4501,#4502);
#3838=AXIS2_PLACEMENT_3D('',#6144,#4506,#4507);
#3839=AXIS2_PLACEMENT_3D('',#6148,#4509,#4510);
#3840=AXIS2_PLACEMENT_3D('',#6172,#4511,#4512);
#3841=AXIS2_PLACEMENT_3D('',#6186,#4513,#4514);
#3842=AXIS2_PLACEMENT_3D('',#6214,#4515,#4516);
#3843=AXIS2_PLACEMENT_3D('',#6221,#4517,#4518);
#3844=AXIS2_PLACEMENT_3D('',#6222,#4519,#4520);
#3845=AXIS2_PLACEMENT_3D('',#6223,#4521,#4522);
#3846=AXIS2_PLACEMENT_3D('',#6224,#4523,#4524);
#3847=AXIS2_PLACEMENT_3D('',#6226,#4525,#4526);
#3848=AXIS2_PLACEMENT_3D('',#6259,#4527,#4528);
#3849=AXIS2_PLACEMENT_3D('',#6267,#4529,#4530);
#3850=AXIS2_PLACEMENT_3D('',#6268,#4531,#4532);
#3851=AXIS2_PLACEMENT_3D('',#6270,#4534,#4535);
#3852=AXIS2_PLACEMENT_3D('',#6278,#4536,#4537);
#3853=AXIS2_PLACEMENT_3D('',#6283,#4538,#4539);
#3854=AXIS2_PLACEMENT_3D('',#6284,#4540,#4541);
#3855=AXIS2_PLACEMENT_3D('',#6286,#4543,#4544);
#3856=AXIS2_PLACEMENT_3D('',#6295,#4545,#4546);
#3857=AXIS2_PLACEMENT_3D('',#6302,#4547,#4548);
#3858=AXIS2_PLACEMENT_3D('',#6303,#4549,#4550);
#3859=AXIS2_PLACEMENT_3D('',#6313,#4551,#4552);
#3860=AXIS2_PLACEMENT_3D('',#6319,#4553,#4554);
#3861=AXIS2_PLACEMENT_3D('',#6320,#4555,#4556);
#3862=AXIS2_PLACEMENT_3D('',#6341,#4557,#4558);
#3863=AXIS2_PLACEMENT_3D('',#6362,#4559,#4560);
#3864=AXIS2_PLACEMENT_3D('',#6369,#4561,#4562);
#3865=AXIS2_PLACEMENT_3D('',#6371,#4564,#4565);
#3866=AXIS2_PLACEMENT_3D('',#6372,#4566,#4567);
#3867=AXIS2_PLACEMENT_3D('',#6373,#4568,#4569);
#3868=AXIS2_PLACEMENT_3D('',#6374,#4570,#4571);
#3869=AXIS2_PLACEMENT_3D('',#6375,#4572,#4573);
#3870=AXIS2_PLACEMENT_3D('',#6376,#4574,#4575);
#3871=AXIS2_PLACEMENT_3D('',#6377,#4576,#4577);
#3872=AXIS2_PLACEMENT_3D('',#6378,#4578,#4579);
#3873=AXIS2_PLACEMENT_3D('',#6380,#4580,#4581);
#3874=AXIS2_PLACEMENT_3D('',#6382,#4582,#4583);
#3875=AXIS2_PLACEMENT_3D('',#6383,#4584,#4585);
#3876=AXIS2_PLACEMENT_3D('',#6384,#4586,#4587);
#3877=AXIS2_PLACEMENT_3D('',#6385,#4588,#4589);
#3878=AXIS2_PLACEMENT_3D('',#6386,#4590,#4591);
#3879=AXIS2_PLACEMENT_3D('',#6387,#4592,#4593);
#3880=AXIS2_PLACEMENT_3D('',#6388,#4594,#4595);
#3881=AXIS2_PLACEMENT_3D('',#6389,#4596,#4597);
#3882=AXIS2_PLACEMENT_3D('',#6390,#4598,#4599);
#3883=AXIS2_PLACEMENT_3D('',#6392,#4600,#4601);
#3884=AXIS2_PLACEMENT_3D('',#6394,#4602,#4603);
#3885=AXIS2_PLACEMENT_3D('',#6395,#4604,#4605);
#3886=AXIS2_PLACEMENT_3D('',#6396,#4606,#4607);
#3887=AXIS2_PLACEMENT_3D('',#6397,#4608,#4609);
#3888=AXIS2_PLACEMENT_3D('',#6398,#4610,#4611);
#3889=AXIS2_PLACEMENT_3D('',#6400,#4612,#4613);
#3890=AXIS2_PLACEMENT_3D('',#6420,#4614,#4615);
#3891=AXIS2_PLACEMENT_3D('',#6421,#4616,#4617);
#3892=AXIS2_PLACEMENT_3D('',#6438,#4618,#4619);
#3893=AXIS2_PLACEMENT_3D('',#6455,#4620,#4621);
#3894=AXIS2_PLACEMENT_3D('',#6456,#4622,#4623);
#3895=AXIS2_PLACEMENT_3D('',#6462,#4624,#4625);
#3896=AXIS2_PLACEMENT_3D('',#6468,#4626,#4627);
#3897=AXIS2_PLACEMENT_3D('',#6469,#4628,#4629);
#3898=AXIS2_PLACEMENT_3D('',#6470,#4630,#4631);
#3899=AXIS2_PLACEMENT_3D('',#6471,#4632,#4633);
#3900=AXIS2_PLACEMENT_3D('',#6474,#4636,#4637);
#3901=AXIS2_PLACEMENT_3D('',#6476,#4638,#4639);
#3902=AXIS2_PLACEMENT_3D('',#6478,#4641,#4642);
#3903=AXIS2_PLACEMENT_3D('',#6480,#4643,#4644);
#3904=AXIS2_PLACEMENT_3D('',#6521,#4647,#4648);
#3905=AXIS2_PLACEMENT_3D('',#6523,#4650,#4651);
#3906=AXIS2_PLACEMENT_3D('',#6526,#4654,#4655);
#3907=AXIS2_PLACEMENT_3D('',#6528,#4656,#4657);
#3908=AXIS2_PLACEMENT_3D('',#6529,#4658,#4659);
#3909=AXIS2_PLACEMENT_3D('',#6530,#4660,#4661);
#3910=AXIS2_PLACEMENT_3D('',#6532,#4662,#4663);
#3911=AXIS2_PLACEMENT_3D('',#6537,#4664,#4665);
#3912=AXIS2_PLACEMENT_3D('',#6538,#4666,#4667);
#3913=AXIS2_PLACEMENT_3D('',#6539,#4668,#4669);
#3914=AXIS2_PLACEMENT_3D('',#6540,#4670,#4671);
#3915=AXIS2_PLACEMENT_3D('',#6545,#4672,#4673);
#3916=AXIS2_PLACEMENT_3D('',#6546,#4674,#4675);
#3917=AXIS2_PLACEMENT_3D('',#6547,#4676,#4677);
#3918=AXIS2_PLACEMENT_3D('',#6548,#4678,#4679);
#3919=AXIS2_PLACEMENT_3D('',#6549,#4680,#4681);
#3920=AXIS2_PLACEMENT_3D('',#6550,#4682,#4683);
#3921=AXIS2_PLACEMENT_3D('',#6551,#4684,#4685);
#3922=AXIS2_PLACEMENT_3D('',#6552,#4686,#4687);
#3923=AXIS2_PLACEMENT_3D('',#6553,#4688,#4689);
#3924=AXIS2_PLACEMENT_3D('',#6554,#4690,#4691);
#3925=AXIS2_PLACEMENT_3D('',#6562,#4692,#4693);
#3926=AXIS2_PLACEMENT_3D('',#6570,#4694,#4695);
#3927=AXIS2_PLACEMENT_3D('',#6579,#4696,#4697);
#3928=AXIS2_PLACEMENT_3D('',#6581,#4698,#4699);
#3929=AXIS2_PLACEMENT_3D('',#6585,#4701,#4702);
#3930=AXIS2_PLACEMENT_3D('',#6587,#4704,#4705);
#3931=AXIS2_PLACEMENT_3D('',#6591,#4707,#4708);
#3932=AXIS2_PLACEMENT_3D('',#6593,#4710,#4711);
#3933=AXIS2_PLACEMENT_3D('',#6597,#4714,#4715);
#3934=AXIS2_PLACEMENT_3D('',#6599,#4716,#4717);
#3935=AXIS2_PLACEMENT_3D('',#6601,#4719,#4720);
#3936=AXIS2_PLACEMENT_3D('',#6603,#4722,#4723);
#3937=AXIS2_PLACEMENT_3D('',#6604,#4724,#4725);
#3938=AXIS2_PLACEMENT_3D('',#6611,#4726,#4727);
#3939=AXIS2_PLACEMENT_3D('',#6620,#4728,#4729);
#3940=AXIS2_PLACEMENT_3D('',#6622,#4730,#4731);
#3941=AXIS2_PLACEMENT_3D('',#6627,#4732,#4733);
#3942=AXIS2_PLACEMENT_3D('',#6635,#4738,#4739);
#3943=AXIS2_PLACEMENT_3D('',#6637,#4740,#4741);
#3944=AXIS2_PLACEMENT_3D('',#6640,#4743,#4744);
#3945=AXIS2_PLACEMENT_3D('',#6641,#4745,#4746);
#3946=AXIS2_PLACEMENT_3D('',#6647,#4750,#4751);
#3947=AXIS2_PLACEMENT_3D('',#6648,#4752,#4753);
#3948=AXIS2_PLACEMENT_3D('',#6649,#4754,#4755);
#3949=AXIS2_PLACEMENT_3D('',#6650,#4756,#4757);
#3950=AXIS2_PLACEMENT_3D('',#6651,#4758,#4759);
#3951=AXIS2_PLACEMENT_3D('',#6652,#4760,#4761);
#3952=AXIS2_PLACEMENT_3D('',#6670,#4770,#4771);
#3953=AXIS2_PLACEMENT_3D('',#6672,#4772,#4773);
#3954=AXIS2_PLACEMENT_3D('',#6673,#4774,#4775);
#3955=AXIS2_PLACEMENT_3D('',#6679,#4779,#4780);
#3956=AXIS2_PLACEMENT_3D('',#6683,#4783,#4784);
#3957=AXIS2_PLACEMENT_3D('',#6689,#4788,#4789);
#3958=AXIS2_PLACEMENT_3D('',#6697,#4794,#4795);
#3959=AXIS2_PLACEMENT_3D('',#6701,#4798,#4799);
#3960=AXIS2_PLACEMENT_3D('',#6705,#4802,#4803);
#3961=AXIS2_PLACEMENT_3D('',#6713,#4808,#4809);
#3962=AXIS2_PLACEMENT_3D('',#6716,#4811,#4812);
#3963=AXIS2_PLACEMENT_3D('',#6717,#4813,#4814);
#3964=AXIS2_PLACEMENT_3D('',#6720,#4816,#4817);
#3965=AXIS2_PLACEMENT_3D('',#6721,#4818,#4819);
#3966=AXIS2_PLACEMENT_3D('',#6738,#4820,#4821);
#3967=AXIS2_PLACEMENT_3D('',#6915,#4843,#4844);
#3968=AXIS2_PLACEMENT_3D('',#6924,#4849,#4850);
#3969=AXIS2_PLACEMENT_3D('',#6930,#4854,#4855);
#3970=AXIS2_PLACEMENT_3D('',#6936,#4859,#4860);
#3971=AXIS2_PLACEMENT_3D('',#6939,#4863,#4864);
#3972=AXIS2_PLACEMENT_3D('',#6942,#4867,#4868);
#3973=AXIS2_PLACEMENT_3D('',#6945,#4871,#4872);
#3974=AXIS2_PLACEMENT_3D('',#6946,#4873,#4874);
#3975=AXIS2_PLACEMENT_3D('',#6947,#4875,#4876);
#3976=AXIS2_PLACEMENT_3D('',#6950,#4879,#4880);
#3977=AXIS2_PLACEMENT_3D('',#6953,#4883,#4884);
#3978=AXIS2_PLACEMENT_3D('',#6954,#4885,#4886);
#3979=AXIS2_PLACEMENT_3D('',#6955,#4887,#4888);
#3980=AXIS2_PLACEMENT_3D('',#6957,#4890,#4891);
#3981=AXIS2_PLACEMENT_3D('',#6958,#4892,#4893);
#3982=AXIS2_PLACEMENT_3D('',#6967,#4898,#4899);
#3983=AXIS2_PLACEMENT_3D('',#6973,#4903,#4904);
#3984=AXIS2_PLACEMENT_3D('',#6979,#4908,#4909);
#3985=AXIS2_PLACEMENT_3D('',#6982,#4912,#4913);
#3986=AXIS2_PLACEMENT_3D('',#6985,#4916,#4917);
#3987=AXIS2_PLACEMENT_3D('',#6988,#4920,#4921);
#3988=AXIS2_PLACEMENT_3D('',#6989,#4922,#4923);
#3989=AXIS2_PLACEMENT_3D('',#6990,#4924,#4925);
#3990=AXIS2_PLACEMENT_3D('',#6993,#4928,#4929);
#3991=AXIS2_PLACEMENT_3D('',#6996,#4932,#4933);
#3992=AXIS2_PLACEMENT_3D('',#6997,#4934,#4935);
#3993=AXIS2_PLACEMENT_3D('',#6998,#4936,#4937);
#3994=AXIS2_PLACEMENT_3D('',#7007,#4942,#4943);
#3995=AXIS2_PLACEMENT_3D('',#7009,#4944,#4945);
#3996=AXIS2_PLACEMENT_3D('',#7012,#4947,#4948);
#3997=AXIS2_PLACEMENT_3D('',#7013,#4949,#4950);
#3998=AXIS2_PLACEMENT_3D('',#7015,#4951,#4952);
#3999=AXIS2_PLACEMENT_3D('',#7017,#4954,#4955);
#4000=AXIS2_PLACEMENT_3D('',#7019,#4956,#4957);
#4001=AXIS2_PLACEMENT_3D('',#7021,#4959,#4960);
#4002=AXIS2_PLACEMENT_3D('',#7023,#4962,#4963);
#4003=AXIS2_PLACEMENT_3D('',#7024,#4964,#4965);
#4004=AXIS2_PLACEMENT_3D('',#7029,#4967,#4968);
#4005=AXIS2_PLACEMENT_3D('',#7032,#4970,#4971);
#4006=AXIS2_PLACEMENT_3D('',#7033,#4972,#4973);
#4007=AXIS2_PLACEMENT_3D('',#7038,#4976,#4977);
#4008=AXIS2_PLACEMENT_3D('',#7039,#4978,#4979);
#4009=AXIS2_PLACEMENT_3D('',#7043,#4982,#4983);
#4010=AXIS2_PLACEMENT_3D('',#7046,#4985,#4986);
#4011=AXIS2_PLACEMENT_3D('',#7047,#4987,#4988);
#4012=AXIS2_PLACEMENT_3D('',#7049,#4990,#4991);
#4013=AXIS2_PLACEMENT_3D('',#7050,#4992,#4993);
#4014=AXIS2_PLACEMENT_3D('',#7051,#4994,#4995);
#4015=DIRECTION('axis',(0.,0.,1.));
#4016=DIRECTION('refdir',(1.,0.,0.));
#4017=DIRECTION('axis',(0.,0.,1.));
#4018=DIRECTION('refdir',(1.,0.,0.));
#4019=DIRECTION('center_axis',(-0.726574495744486,0.000504608986646147,
0.687087510804423));
#4020=DIRECTION('ref_axis',(0.563500525516965,0.572616178433627,0.59546441534165));
#4021=DIRECTION('',(-0.00258862925215773,0.999990622728261,-0.00347180848266866));
#4022=DIRECTION('',(-0.471587022314998,-0.727631422589824,-0.498154788438275));
#4023=DIRECTION('',(0.00258862925215824,-0.999990622728261,0.0034718084826692));
#4024=DIRECTION('',(0.687082819703885,0.00430114232687747,0.726566376212416));
#4025=DIRECTION('',(-0.00258862925215725,0.999990622728261,-0.00347180848266814));
#4026=DIRECTION('center_axis',(0.000694503960579483,0.999999758832095,-5.17499151669954E-17));
#4027=DIRECTION('ref_axis',(0.999999754841823,-0.000694503957808248,-8.93339092567237E-5));
#4028=DIRECTION('center_axis',(-0.000694503960579483,-0.999999758832095,
5.17499151669954E-17));
#4029=DIRECTION('ref_axis',(0.999999758832095,-0.000694503960579483,3.59405297108328E-20));
#4030=DIRECTION('center_axis',(-0.000694503960579483,-0.999999758832095,
5.17499151669954E-17));
#4031=DIRECTION('ref_axis',(0.999999758832095,-0.000694503960579483,3.59405297108328E-20));
#4032=DIRECTION('',(-0.497649098053089,0.728304561076496,-0.471081565678513));
#4033=DIRECTION('center_axis',(-0.000694503960579369,-0.999999758832095,
1.60717829444188E-16));
#4034=DIRECTION('ref_axis',(-0.999999758832095,0.000694503960579349,-9.91800554481913E-17));
#4035=DIRECTION('center_axis',(-0.000694503960579483,-0.999999758832095,
5.17499151669954E-17));
#4036=DIRECTION('ref_axis',(0.707106610655087,-0.000491088460086762,-0.707106781186547));
#4037=DIRECTION('center_axis',(-0.000694503960579337,-0.999999758832095,
2.49593064221853E-16));
#4038=DIRECTION('ref_axis',(-0.999999758832095,0.000694503960579323,-1.0421815980306E-16));
#4039=DIRECTION('',(-0.00416630367732745,-0.999985931399456,-0.00328312607589008));
#4040=DIRECTION('center_axis',(0.,1.,0.));
#4041=DIRECTION('ref_axis',(1.,0.,1.15085158071927E-9));
#4042=DIRECTION('center_axis',(-0.000694503960579483,-0.999999758832095,
5.17499151669954E-17));
#4043=DIRECTION('ref_axis',(0.999999758832095,-0.000694503960579483,3.59405297108328E-20));
#4044=DIRECTION('center_axis',(0.687087345100968,-0.000477184997518369,
-0.726574670970976));
#4045=DIRECTION('ref_axis',(-0.595066315830389,0.57342080788759,-0.56310270541491));
#4046=DIRECTION('',(0.726562882423656,-0.00528292510263566,0.687079666841181));
#4047=DIRECTION('',(0.00416630367732851,0.999985931399456,0.00328312607589108));
#4048=DIRECTION('',(-0.0041663036773275,-0.999985931399456,-0.00328312607589012));
#4049=DIRECTION('center_axis',(0.000694503960579483,0.999999758832095,-5.17499151669954E-17));
#4050=DIRECTION('ref_axis',(0.707106610655087,-0.000491088460086762,-0.707106781186547));
#4051=DIRECTION('center_axis',(-0.000694503960579396,-0.999999758832095,
2.15538390226486E-16));
#4052=DIRECTION('ref_axis',(-0.999999758832095,0.000694503960579341,-1.65755312027898E-16));
#4053=DIRECTION('center_axis',(-0.000694503960579483,-0.999999758832095,
5.17499151669954E-17));
#4054=DIRECTION('ref_axis',(0.707106610655087,-0.000491088460086762,-0.707106781186547));
#4055=DIRECTION('center_axis',(-0.000694503960579483,-0.999999758832095,
5.17499151669954E-17));
#4056=DIRECTION('ref_axis',(-0.999999758832095,0.000694503960579457,-4.21664726882565E-17));
#4057=DIRECTION('center_axis',(0.,1.,0.));
#4058=DIRECTION('ref_axis',(1.,0.,1.15085158071927E-9));
#4059=DIRECTION('center_axis',(-0.000694503960579483,-0.999999758832095,
5.17499151669954E-17));
#4060=DIRECTION('ref_axis',(0.999999758832095,-0.000694503960579483,3.59405297108328E-20));
#4061=DIRECTION('center_axis',(4.07681061131981E-9,1.,0.));
#4062=DIRECTION('ref_axis',(0.,0.,1.));
#4063=DIRECTION('center_axis',(0.,-1.,0.));
#4064=DIRECTION('ref_axis',(1.,0.,0.));
#4065=DIRECTION('',(1.,-4.07681072234212E-9,2.56507508407055E-18));
#4066=DIRECTION('center_axis',(-4.07681061131981E-9,-1.,0.));
#4067=DIRECTION('ref_axis',(1.,-4.07681066683096E-9,2.56507508407055E-18));
#4068=DIRECTION('center_axis',(-2.56507508407055E-18,1.04573253215709E-26,
1.));
#4069=DIRECTION('ref_axis',(1.,-4.07681072234212E-9,2.56507508407055E-18));
#4070=DIRECTION('',(-4.07681066683096E-9,-1.,-1.54866337944111E-26));
#4071=DIRECTION('',(0.,1.,0.));
#4072=DIRECTION('',(4.07681061131981E-9,1.,0.));
#4073=DIRECTION('',(0.,1.,0.));
#4074=DIRECTION('',(1.,-4.07681072234212E-9,2.56507508407055E-18));
#4075=DIRECTION('center_axis',(4.07681061131981E-9,1.,1.54866310499609E-26));
#4076=DIRECTION('ref_axis',(-1.,4.07681061131981E-9,-2.56507508407055E-18));
#4077=DIRECTION('center_axis',(0.,-1.,0.));
#4078=DIRECTION('ref_axis',(1.,0.,0.));
#4079=DIRECTION('center_axis',(4.07681061131981E-9,1.,1.54866310499609E-26));
#4080=DIRECTION('ref_axis',(1.,-4.07681066683096E-9,2.56507508407055E-18));
#4081=DIRECTION('center_axis',(0.,-1.,0.));
#4082=DIRECTION('ref_axis',(1.,0.,0.));
#4083=DIRECTION('center_axis',(2.56507508407055E-18,-1.04573253215709E-26,
-1.));
#4084=DIRECTION('ref_axis',(-1.,4.07681061131981E-9,-2.56507508407055E-18));
#4085=DIRECTION('',(4.07681088887557E-9,1.,1.54866214684594E-26));
#4086=DIRECTION('',(-0.999999758832095,0.000694503960579483,-2.56507446546403E-18));
#4087=DIRECTION('',(-0.000694503960579483,-0.999999758832095,5.17499151669954E-17));
#4088=DIRECTION('',(0.999999758832095,-0.000694503960579483,2.56507446546403E-18));
#4089=DIRECTION('center_axis',(1.,-4.07681061131981E-9,2.56507508407056E-18));
#4090=DIRECTION('ref_axis',(2.56507543920074E-18,8.71098062349042E-17,-1.));
#4091=DIRECTION('',(-2.56507487308865E-18,5.17517091025052E-17,1.));
#4092=DIRECTION('',(4.07681061133048E-9,0.999999999999995,-9.90937797486956E-8));
#4093=DIRECTION('',(2.56507487308865E-18,-5.17517091025052E-17,-1.));
#4094=DIRECTION('center_axis',(0.000694503960579483,0.999999758832095,-5.17499151669954E-17));
#4095=DIRECTION('ref_axis',(0.999999758832095,-0.000694503960579523,4.21628920281033E-17));
#4096=DIRECTION('center_axis',(0.000694503960579483,0.999999758832095,-5.17499151669954E-17));
#4097=DIRECTION('ref_axis',(0.999999758832095,-0.000694503960579483,3.59405297108328E-20));
#4098=DIRECTION('center_axis',(0.000694503960579483,0.999999758832095,-5.17499151669954E-17));
#4099=DIRECTION('ref_axis',(0.999999758832095,-0.000694503960579483,3.59405297108328E-20));
#4100=DIRECTION('center_axis',(0.,-1.,0.));
#4101=DIRECTION('ref_axis',(0.,0.,-1.));
#4102=DIRECTION('center_axis',(0.,-1.,0.));
#4103=DIRECTION('ref_axis',(1.,0.,0.));
#4104=DIRECTION('center_axis',(0.,-1.,0.));
#4105=DIRECTION('ref_axis',(1.,0.,2.56507508407055E-18));
#4106=DIRECTION('center_axis',(0.,1.,0.));
#4107=DIRECTION('ref_axis',(1.,0.,2.56507508407055E-18));
#4108=DIRECTION('center_axis',(0.,-1.,0.));
#4109=DIRECTION('ref_axis',(1.,0.,0.));
#4110=DIRECTION('',(0.,0.,-1.));
#4111=DIRECTION('center_axis',(0.,-1.,0.));
#4112=DIRECTION('ref_axis',(1.,0.,0.));
#4113=DIRECTION('center_axis',(0.,1.,0.));
#4114=DIRECTION('ref_axis',(1.,0.,2.56507508407055E-18));
#4115=DIRECTION('center_axis',(0.,-1.,0.));
#4116=DIRECTION('ref_axis',(1.,0.,2.56507508407055E-18));
#4117=DIRECTION('center_axis',(0.,-1.,0.));
#4118=DIRECTION('ref_axis',(1.,0.,0.));
#4119=DIRECTION('',(0.,-1.,0.));
#4120=DIRECTION('center_axis',(-0.000694503960579483,-0.999999758832095,
5.17499151669954E-17));
#4121=DIRECTION('ref_axis',(0.999999758832095,-0.000694503960579483,0.));
#4122=DIRECTION('center_axis',(-0.000694503960579483,-0.999999758832095,
5.17499151669954E-17));
#4123=DIRECTION('ref_axis',(0.,-5.1749927647417E-17,-1.));
#4124=DIRECTION('',(0.,-5.1749927647417E-17,-1.));
#4125=DIRECTION('center_axis',(0.000694503960579483,0.999999758832095,-5.17499151669954E-17));
#4126=DIRECTION('ref_axis',(0.999999758832095,-0.000694503960579483,0.));
#4127=DIRECTION('center_axis',(0.000694503960579483,0.999999758832095,-5.17499151669954E-17));
#4128=DIRECTION('ref_axis',(0.999999758832095,-0.000694503960579483,3.59405297108328E-20));
#4129=DIRECTION('center_axis',(0.,1.,0.));
#4130=DIRECTION('ref_axis',(1.,0.,0.));
#4131=DIRECTION('center_axis',(0.,-1.,0.));
#4132=DIRECTION('ref_axis',(1.,0.,0.));
#4133=DIRECTION('center_axis',(0.000694503960579483,0.999999758832095,-5.17499151669954E-17));
#4134=DIRECTION('ref_axis',(0.999999758832095,-0.000694503960579502,-4.37565202693907E-10));
#4135=DIRECTION('center_axis',(0.,-1.,0.));
#4136=DIRECTION('ref_axis',(1.,0.,0.));
#4137=DIRECTION('center_axis',(4.07681066683096E-9,1.,1.54866337944111E-26));
#4138=DIRECTION('ref_axis',(1.,-4.07681066683096E-9,2.56507508407055E-18));
#4139=DIRECTION('center_axis',(0.,-1.,0.));
#4140=DIRECTION('ref_axis',(1.,0.,2.56507508407055E-18));
#4141=DIRECTION('center_axis',(0.,1.,0.));
#4142=DIRECTION('ref_axis',(1.,0.,2.56507508407055E-18));
#4143=DIRECTION('center_axis',(4.07681066683096E-9,1.,1.54866337944111E-26));
#4144=DIRECTION('ref_axis',(1.,-4.07681066683096E-9,2.56507508407055E-18));
#4145=DIRECTION('center_axis',(0.573576436351046,-0.819152044288992,0.));
#4146=DIRECTION('ref_axis',(0.819152044288992,0.573576436351046,2.10118650175584E-18));
#4147=DIRECTION('center_axis',(0.,1.,0.));
#4148=DIRECTION('ref_axis',(0.,0.,1.));
#4149=DIRECTION('center_axis',(0.,-1.,0.));
#4150=DIRECTION('ref_axis',(1.,0.,0.));
#4151=DIRECTION('',(0.,0.,-1.));
#4152=DIRECTION('center_axis',(0.,-1.,0.));
#4153=DIRECTION('ref_axis',(1.,0.,0.));
#4154=DIRECTION('center_axis',(0.,-1.,0.));
#4155=DIRECTION('ref_axis',(1.,0.,2.56507508407055E-18));
#4156=DIRECTION('center_axis',(0.,-1.,0.));
#4157=DIRECTION('ref_axis',(1.,0.,0.));
#4158=DIRECTION('center_axis',(0.,1.,0.));
#4159=DIRECTION('ref_axis',(1.,0.,2.56507508407055E-18));
#4160=DIRECTION('',(0.,1.,0.));
#4161=DIRECTION('center_axis',(0.,-1.,0.));
#4162=DIRECTION('ref_axis',(1.,0.,2.56507508407055E-18));
#4163=DIRECTION('',(0.,1.,0.));
#4164=DIRECTION('center_axis',(0.,1.,0.));
#4165=DIRECTION('ref_axis',(1.,0.,0.));
#4166=DIRECTION('',(0.,1.,0.));
#4167=DIRECTION('center_axis',(0.,1.,0.));
#4168=DIRECTION('ref_axis',(1.,0.,0.));
#4169=DIRECTION('center_axis',(1.,0.,0.));
#4170=DIRECTION('ref_axis',(0.,0.,-1.));
#4171=DIRECTION('',(0.,0.,-1.));
#4172=DIRECTION('center_axis',(0.,1.,0.));
#4173=DIRECTION('ref_axis',(1.,0.,2.56507508407055E-18));
#4174=DIRECTION('',(0.,1.,0.));
#4175=DIRECTION('center_axis',(0.,-1.,0.));
#4176=DIRECTION('ref_axis',(1.,0.,2.56507508407055E-18));
#4177=DIRECTION('center_axis',(0.,1.,0.));
#4178=DIRECTION('ref_axis',(1.,0.,0.));
#4179=DIRECTION('center_axis',(0.,-1.,0.));
#4180=DIRECTION('ref_axis',(1.,0.,0.));
#4181=DIRECTION('center_axis',(0.,1.,0.));
#4182=DIRECTION('ref_axis',(0.,0.,1.));
#4183=DIRECTION('center_axis',(0.,-1.,0.));
#4184=DIRECTION('ref_axis',(1.,-7.99223494462852E-17,3.05041736547005E-10));
#4185=DIRECTION('center_axis',(4.07681066683096E-9,1.,1.54866337944111E-26));
#4186=DIRECTION('ref_axis',(1.,-4.07681066683096E-9,2.56507508407055E-18));
#4187=DIRECTION('center_axis',(0.573576436351046,-0.819152044288992,0.));
#4188=DIRECTION('ref_axis',(0.819152044288992,0.573576436351046,2.10118650175584E-18));
#4189=DIRECTION('center_axis',(4.07681088887557E-9,1.,1.54866214684594E-26));
#4190=DIRECTION('ref_axis',(1.,-4.07681088887557E-9,2.56507508407055E-18));
#4191=DIRECTION('center_axis',(-0.000694503960579483,-0.999999758832095,
5.17499151669954E-17));
#4192=DIRECTION('ref_axis',(0.999999758832095,-0.000694503960579483,2.56507446545327E-18));
#4193=DIRECTION('center_axis',(4.07681066683096E-9,1.,1.54866337944111E-26));
#4194=DIRECTION('ref_axis',(1.,-4.07681066683096E-9,2.56507508407055E-18));
#4195=DIRECTION('center_axis',(0.,-1.,0.));
#4196=DIRECTION('ref_axis',(1.,0.,2.56507508407055E-18));
#4197=DIRECTION('center_axis',(-0.573576436351046,0.819152044288992,0.));
#4198=DIRECTION('ref_axis',(0.819152044288992,0.573576436351046,2.10118650175584E-18));
#4199=DIRECTION('center_axis',(0.000694503960579483,0.999999758832095,-5.17499151669954E-17));
#4200=DIRECTION('ref_axis',(0.,5.1749927647417E-17,1.));
#4201=DIRECTION('center_axis',(0.000694503960579483,0.999999758832095,-5.17499151669954E-17));
#4202=DIRECTION('ref_axis',(0.999999758832095,-0.000694503960579483,3.59405297108328E-20));
#4203=DIRECTION('center_axis',(0.000694503960579483,0.999999758832095,-5.17499151669954E-17));
#4204=DIRECTION('ref_axis',(0.,5.1749927647417E-17,1.));
#4205=DIRECTION('center_axis',(0.000694503960579483,0.999999758832095,-5.17499151669954E-17));
#4206=DIRECTION('ref_axis',(0.999999758832095,-0.000694503960579483,3.59405297108328E-20));
#4207=DIRECTION('',(0.,5.1749927647417E-17,1.));
#4208=DIRECTION('center_axis',(4.07681066683096E-9,1.,1.54866337944111E-26));
#4209=DIRECTION('ref_axis',(1.,-4.07681066683096E-9,2.56507508407055E-18));
#4210=DIRECTION('center_axis',(0.,-1.,0.));
#4211=DIRECTION('ref_axis',(1.,0.,2.56507508407055E-18));
#4212=DIRECTION('center_axis',(-0.573576436351046,0.819152044288992,0.));
#4213=DIRECTION('ref_axis',(0.819152044288992,0.573576436351046,2.10118650175584E-18));
#4214=DIRECTION('center_axis',(0.000694503960579483,0.999999758832095,-5.17499151669954E-17));
#4215=DIRECTION('ref_axis',(0.999999758832095,-0.000694503960579523,4.21628920281033E-17));
#4216=DIRECTION('center_axis',(0.,-1.,0.));
#4217=DIRECTION('ref_axis',(1.,0.,0.));
#4218=DIRECTION('',(0.,-1.,0.));
#4219=DIRECTION('center_axis',(1.,0.,0.));
#4220=DIRECTION('ref_axis',(0.,0.,-1.));
#4221=DIRECTION('center_axis',(4.07681066683096E-9,1.,1.54866337944111E-26));
#4222=DIRECTION('ref_axis',(1.,-4.07681066683096E-9,2.56507508407055E-18));
#4223=DIRECTION('center_axis',(0.,1.,0.));
#4224=DIRECTION('ref_axis',(1.,0.,2.56507508407055E-18));
#4225=DIRECTION('center_axis',(-0.000694503960579483,-0.999999758832095,
5.17499151669954E-17));
#4226=DIRECTION('ref_axis',(0.999999754841837,-0.000694503957808258,-8.93337451337869E-5));
#4227=DIRECTION('center_axis',(-0.000694503960579483,-0.999999758832095,
5.17499151669954E-17));
#4228=DIRECTION('ref_axis',(0.999999758832095,-0.000694503960579483,3.59405297108328E-20));
#4229=DIRECTION('center_axis',(-0.000694503960579483,-0.999999758832095,
5.17499151669954E-17));
#4230=DIRECTION('ref_axis',(0.999999758832095,-0.000694503960579483,3.59405297108328E-20));
#4231=DIRECTION('center_axis',(0.000694503960579483,0.999999758832095,-5.17499151669954E-17));
#4232=DIRECTION('ref_axis',(0.999999755404458,-0.000694503958199,-8.27965970036588E-5));
#4233=DIRECTION('center_axis',(0.,-1.,0.));
#4234=DIRECTION('ref_axis',(1.,0.,3.05030538357494E-12));
#4235=DIRECTION('center_axis',(0.,-1.,0.));
#4236=DIRECTION('ref_axis',(1.,0.,3.05030538357494E-12));
#4237=DIRECTION('center_axis',(0.573576436351046,-0.819152044288992,0.));
#4238=DIRECTION('ref_axis',(0.819152044288992,0.573576436351046,0.));
#4239=DIRECTION('center_axis',(-0.573576436351046,0.819152044288992,0.));
#4240=DIRECTION('ref_axis',(0.819152044288992,0.573576436351046,6.12323399573677E-17));
#4241=DIRECTION('center_axis',(-0.573576436351046,0.819152044288992,0.));
#4242=DIRECTION('ref_axis',(0.819152044288992,0.573576436351046,0.));
#4243=DIRECTION('center_axis',(-0.573576436351046,0.819152044288992,0.));
#4244=DIRECTION('ref_axis',(-0.819152044288992,-0.573576436351046,2.83266457761482E-16));
#4245=DIRECTION('center_axis',(0.,1.,0.));
#4246=DIRECTION('ref_axis',(0.,0.,1.));
#4247=DIRECTION('center_axis',(0.,1.,0.));
#4248=DIRECTION('ref_axis',(1.,0.,1.15085158071927E-9));
#4249=DIRECTION('center_axis',(0.,1.,0.));
#4250=DIRECTION('ref_axis',(0.,0.,1.));
#4251=DIRECTION('center_axis',(-0.000694503960579483,-0.999999758832095,
5.17499151669954E-17));
#4252=DIRECTION('ref_axis',(-0.999999758832095,0.000694503960579457,-4.21664726882565E-17));
#4253=DIRECTION('center_axis',(0.573576436351046,-0.819152044288992,0.));
#4254=DIRECTION('ref_axis',(0.819152044288992,0.573576436351046,0.));
#4255=DIRECTION('center_axis',(0.573576436351046,-0.819152044288992,0.));
#4256=DIRECTION('ref_axis',(-0.819152044288992,-0.573576436351046,5.0532154980743E-16));
#4257=DIRECTION('center_axis',(0.573576436351046,-0.819152044288992,0.));
#4258=DIRECTION('ref_axis',(0.819152044288992,0.573576436351046,0.));
#4259=DIRECTION('center_axis',(0.573576436351046,-0.819152044288992,0.));
#4260=DIRECTION('ref_axis',(0.819152044288992,0.573576436351046,1.83757822954231E-15));
#4261=DIRECTION('center_axis',(0.573576436351046,-0.819152044288992,0.));
#4262=DIRECTION('ref_axis',(0.819152044288992,0.573576436351046,0.));
#4263=DIRECTION('center_axis',(0.573576436351046,-0.819152044288992,0.));
#4264=DIRECTION('ref_axis',(0.819152044288992,0.573576436351046,1.83757822954231E-15));
#4265=DIRECTION('center_axis',(0.573576436351046,-0.819152044288992,0.));
#4266=DIRECTION('ref_axis',(0.819152044288992,0.573576436351046,0.));
#4267=DIRECTION('center_axis',(0.573576436351046,-0.819152044288992,0.));
#4268=DIRECTION('ref_axis',(-0.819152044288992,-0.573576436351046,5.0532154980743E-16));
#4269=DIRECTION('center_axis',(0.,1.,0.));
#4270=DIRECTION('ref_axis',(1.,0.,0.));
#4271=DIRECTION('center_axis',(0.,-1.,0.));
#4272=DIRECTION('ref_axis',(1.,0.,0.));
#4273=DIRECTION('center_axis',(0.000694503960579483,0.999999758832095,-5.17499151669954E-17));
#4274=DIRECTION('ref_axis',(0.999999754957304,-0.000694503957888451,8.80317227275718E-5));
#4275=DIRECTION('center_axis',(-0.000694503960579483,-0.999999758832095,
5.17499151669954E-17));
#4276=DIRECTION('ref_axis',(0.999999758832095,-0.000694503960579483,3.59405297108328E-20));
#4277=DIRECTION('center_axis',(-0.000694503960579483,-0.999999758832095,
5.17499151669954E-17));
#4278=DIRECTION('ref_axis',(0.999999758832095,-0.000694503960579483,3.59405297108328E-20));
#4279=DIRECTION('center_axis',(-0.000694503960579483,-0.999999758832095,
5.17499151669954E-17));
#4280=DIRECTION('ref_axis',(-0.999999758832095,0.000694503960579457,-4.21664726882565E-17));
#4281=DIRECTION('center_axis',(-0.000694503960579483,-0.999999758832095,
5.17499151669954E-17));
#4282=DIRECTION('ref_axis',(-0.999999758832095,0.000694503960579457,-4.21664726882565E-17));
#4283=DIRECTION('center_axis',(0.000694503960579483,0.999999758832095,-5.17499151669954E-17));
#4284=DIRECTION('ref_axis',(0.999999754841837,-0.000694503957808258,-8.93337451337869E-5));
#4285=DIRECTION('center_axis',(-0.573576436351046,0.819152044288992,0.));
#4286=DIRECTION('ref_axis',(-0.819152044288992,-0.573576436351046,2.83266457761482E-16));
#4287=DIRECTION('center_axis',(0.,1.,0.));
#4288=DIRECTION('ref_axis',(1.,0.,0.));
#4289=DIRECTION('center_axis',(0.,-1.,0.));
#4290=DIRECTION('ref_axis',(1.,0.,0.));
#4291=DIRECTION('center_axis',(-0.573576436351046,0.819152044288992,0.));
#4292=DIRECTION('ref_axis',(0.819152044288992,0.573576436351046,0.));
#4293=DIRECTION('center_axis',(-0.146168170605317,-0.751970049094617,0.642787609686539));
#4294=DIRECTION('ref_axis',(0.122649658044779,0.630977790851654,0.766044443118978));
#4295=DIRECTION('',(0.122649658044779,0.630977790851654,0.766044443118978));
#4296=DIRECTION('',(0.981627183447664,-0.190808995376545,0.));
#4297=DIRECTION('',(0.122649658044779,0.630977790851654,0.766044443118978));
#4298=DIRECTION('center_axis',(0.981627183447664,-0.190808995376545,0.));
#4299=DIRECTION('ref_axis',(0.190808995376545,0.981627183447664,0.));
#4300=DIRECTION('center_axis',(0.981627183447664,-0.190808995376545,0.));
#4301=DIRECTION('ref_axis',(0.190808995376545,0.981627183447664,0.));
#4302=DIRECTION('',(0.,0.,-1.));
#4303=DIRECTION('center_axis',(-0.981627183447664,0.190808995376545,0.));
#4304=DIRECTION('ref_axis',(0.190808995376545,0.981627183447664,0.));
#4305=DIRECTION('center_axis',(0.981627183447664,-0.190808995376545,0.));
#4306=DIRECTION('ref_axis',(0.190808995376545,0.981627183447664,0.));
#4307=DIRECTION('center_axis',(0.981627183447664,-0.190808995376545,0.));
#4308=DIRECTION('ref_axis',(0.190808995376545,0.981627183447664,0.));
#4309=DIRECTION('',(0.981627183447664,-0.190808995376545,0.));
#4310=DIRECTION('',(0.981627183447664,-0.190808995376545,0.));
#4311=DIRECTION('center_axis',(0.981627183447664,-0.190808995376545,2.45534745354607E-18));
#4312=DIRECTION('ref_axis',(0.190808995376545,0.981627183447664,8.11488794426467E-19));
#4313=DIRECTION('center_axis',(0.981627183447664,-0.190808995376545,2.45534745354607E-18));
#4314=DIRECTION('ref_axis',(0.190808995376545,0.981627183447664,0.));
#4315=DIRECTION('',(-0.122649658044779,-0.630977790851654,0.766044443118978));
#4316=DIRECTION('center_axis',(0.981627183447664,-0.190808995376545,0.));
#4317=DIRECTION('ref_axis',(0.190808995376545,0.981627183447664,0.));
#4318=DIRECTION('',(-0.122649658044779,-0.630977790851654,0.766044443118978));
#4319=DIRECTION('center_axis',(-0.981627183447664,0.190808995376545,0.));
#4320=DIRECTION('ref_axis',(0.190808995376545,0.981627183447664,0.));
#4321=DIRECTION('',(0.,0.,-1.));
#4322=DIRECTION('center_axis',(-0.146168170605317,-0.751970049094617,-0.642787609686539));
#4323=DIRECTION('ref_axis',(-0.122649658044779,-0.630977790851654,0.766044443118978));
#4324=DIRECTION('',(-0.981627183447664,0.190808995376545,0.));
#4325=DIRECTION('center_axis',(0.981627183447664,-0.190808995376545,2.45534745354607E-18));
#4326=DIRECTION('ref_axis',(0.190808995376545,0.981627183447664,8.11488794426467E-19));
#4327=DIRECTION('center_axis',(0.981627183447664,-0.190808995376545,2.45534745354607E-18));
#4328=DIRECTION('ref_axis',(0.190808995376545,0.981627183447664,0.));
#4329=DIRECTION('center_axis',(1.,0.,0.));
#4330=DIRECTION('ref_axis',(0.,0.,-1.));
#4331=DIRECTION('center_axis',(0.,1.,0.));
#4332=DIRECTION('ref_axis',(1.,0.,0.));
#4333=DIRECTION('center_axis',(-0.573576436351046,0.819152044288992,0.));
#4334=DIRECTION('ref_axis',(0.819152044288992,0.573576436351046,6.12323399573677E-17));
#4335=DIRECTION('center_axis',(-0.190808995376545,-0.981627183447664,0.));
#4336=DIRECTION('ref_axis',(-0.981627183447664,0.190808995376545,-1.72367230294237E-14));
#4337=DIRECTION('center_axis',(-0.190808995376545,-0.981627183447664,0.));
#4338=DIRECTION('ref_axis',(-0.981627183447664,0.190808995376545,-1.07626428485157E-14));
#4339=DIRECTION('center_axis',(-0.981627183447664,0.190808995376545,0.));
#4340=DIRECTION('ref_axis',(0.190808995376545,0.981627183447664,0.));
#4341=DIRECTION('',(0.981627183447664,-0.190808995376545,0.));
#4342=DIRECTION('',(-0.981627183447664,0.190808995376545,0.));
#4343=DIRECTION('',(0.981627183447664,-0.190808995376545,0.));
#4344=DIRECTION('center_axis',(0.573576436351046,-0.819152044288992,0.));
#4345=DIRECTION('ref_axis',(0.819152044288992,0.573576436351046,0.));
#4346=DIRECTION('center_axis',(-0.573576436351046,0.819152044288992,0.));
#4347=DIRECTION('ref_axis',(0.819152044288992,0.573576436351046,0.));
#4348=DIRECTION('center_axis',(-0.573576436351046,0.819152044288992,0.));
#4349=DIRECTION('ref_axis',(0.819152044288992,0.573576436351046,0.));
#4350=DIRECTION('center_axis',(0.,1.,0.));
#4351=DIRECTION('ref_axis',(1.,0.,0.));
#4352=DIRECTION('center_axis',(0.,-1.,0.));
#4353=DIRECTION('ref_axis',(1.,0.,0.));
#4354=DIRECTION('center_axis',(0.,-1.,0.));
#4355=DIRECTION('ref_axis',(0.,0.,-1.));
#4356=DIRECTION('center_axis',(-0.190808995376545,-0.981627183447664,0.));
#4357=DIRECTION('ref_axis',(0.,0.,-1.));
#4358=DIRECTION('center_axis',(-0.190808995376545,-0.981627183447664,0.));
#4359=DIRECTION('ref_axis',(0.,0.,-1.));
#4360=DIRECTION('axis',(0.,0.,1.));
#4361=DIRECTION('refdir',(1.,0.,0.));
#4362=DIRECTION('center_axis',(-0.726574637591792,0.000220238366958297,
-0.687087510804423));
#4363=DIRECTION('ref_axis',(0.563122332062457,0.573157443125046,-0.595301423249517));
#4364=DIRECTION('',(0.00298001068932794,-0.999989532986296,-0.00347180848265689));
#4365=DIRECTION('',(-0.687081083675462,-0.00457005611677405,0.726566376212416));
#4366=DIRECTION('',(-0.00298001068932621,0.999989532986296,0.00347180848265507));
#4367=DIRECTION('',(0.471302201948892,0.727815939090471,-0.498154788438275));
#4368=DIRECTION('',(0.00298001068934004,-0.999989532986296,-0.0034718084826697));
#4369=DIRECTION('center_axis',(0.00030311869620218,0.999999954059527,-6.15886568987815E-32));
#4370=DIRECTION('ref_axis',(0.999999954059527,-0.000303118696202173,-1.22464679914735E-16));
#4371=DIRECTION('center_axis',(0.00030311869620218,0.999999954059527,-6.15886568987815E-32));
#4372=DIRECTION('ref_axis',(0.999999954059527,-0.00030311869620218,1.86686742376498E-35));
#4373=DIRECTION('center_axis',(0.000303118696202255,0.999999954059527,-5.89560433987062E-17));
#4374=DIRECTION('ref_axis',(-0.999999954059527,0.00030311869620225,2.64973580973526E-16));
#4375=DIRECTION('',(0.49793410764072,-0.728109732750441,-0.471081565678514));
#4376=DIRECTION('center_axis',(0.00030311869620218,0.999999954059527,-6.15886568987815E-32));
#4377=DIRECTION('ref_axis',(0.999999954059527,-0.00030311869620218,1.86686742376498E-35));
#4378=DIRECTION('center_axis',(-0.00030311869620218,-0.999999954059527,
6.15886568987815E-32));
#4379=DIRECTION('ref_axis',(0.707106748701728,-0.000214337285588973,0.707106781186548));
#4380=DIRECTION('center_axis',(0.000303118696202207,0.999999954059527,-1.13027551212832E-16));
#4381=DIRECTION('ref_axis',(-0.999999954059527,0.000303118696202254,9.94522628529044E-17));
#4382=DIRECTION('',(-0.00377492355888168,-0.99998748543934,0.00328312607587777));
#4383=DIRECTION('center_axis',(-0.00030311869620218,-0.999999954059527,
6.15886568987815E-32));
#4384=DIRECTION('ref_axis',(0.707106748701728,-0.000214337285588973,0.707106781186547));
#4385=DIRECTION('center_axis',(0.00030311869620218,0.999999954059527,-6.15886568987815E-32));
#4386=DIRECTION('ref_axis',(0.999999954059527,-0.00030311869620218,1.86686742376498E-35));
#4387=DIRECTION('center_axis',(0.,1.,0.));
#4388=DIRECTION('ref_axis',(1.,0.,6.04149226395846E-9));
#4389=DIRECTION('',(0.00377492355888351,0.99998748543934,-0.0032831260758795));
#4390=DIRECTION('center_axis',(0.00030311869620222,0.999999954059527,1.28480124108488E-17));
#4391=DIRECTION('ref_axis',(-0.999999954059527,0.000303118696202256,1.04216708664347E-16));
#4392=DIRECTION('center_axis',(0.00030311869620218,0.999999954059527,-6.15886568987815E-32));
#4393=DIRECTION('ref_axis',(0.999999954059527,-0.00030311869620218,1.86686742376498E-35));
#4394=DIRECTION('center_axis',(0.,1.,0.));
#4395=DIRECTION('ref_axis',(1.,0.,6.04149226395846E-9));
#4396=DIRECTION('center_axis',(0.687087479239298,-0.000208269070451847,
0.726574670970976));
#4397=DIRECTION('ref_axis',(-0.595127609431979,0.573508530353317,0.562948571455472));
#4398=DIRECTION('',(0.00377492355889639,0.99998748543934,-0.00328312607589168));
#4399=DIRECTION('',(-0.726564894434566,0.00499855866223588,0.687079666841181));
#4400=DIRECTION('center_axis',(0.00030311869620218,0.999999954059527,-6.15886568987815E-32));
#4401=DIRECTION('ref_axis',(0.707106748701728,-0.000214337285588973,0.707106781186547));
#4402=DIRECTION('center_axis',(-0.00030311869620218,-0.999999954059527,
6.15886568987815E-32));
#4403=DIRECTION('ref_axis',(-0.999999954059527,0.000303118696202187,-1.16292957286483E-31));
#4404=DIRECTION('center_axis',(0.,1.,0.));
#4405=DIRECTION('ref_axis',(1.,0.,6.04149226395846E-9));
#4406=DIRECTION('center_axis',(-0.00030311869620218,-0.999999954059527,
6.15886568987815E-32));
#4407=DIRECTION('ref_axis',(-0.999999954059527,0.000303118696202187,-1.16292957286483E-31));
#4408=DIRECTION('center_axis',(0.,1.,0.));
#4409=DIRECTION('ref_axis',(1.,0.,6.04149226395846E-9));
#4410=DIRECTION('center_axis',(0.00030311869620218,0.999999954059527,-6.15886568987815E-32));
#4411=DIRECTION('ref_axis',(0.999999954059527,-0.00030311869620218,1.86686742376498E-35));
#4412=DIRECTION('center_axis',(1.,-6.30808536718839E-16,6.25027119604332E-17));
#4413=DIRECTION('ref_axis',(6.25027119604334E-17,3.41413444869919E-16,-1.));
#4414=DIRECTION('',(6.25027119604332E-17,-1.89457414289848E-20,-1.));
#4415=DIRECTION('',(-6.30829688082907E-16,-1.,-6.60258391552304E-10));
#4416=DIRECTION('',(6.25027119604332E-17,0.,-1.));
#4417=DIRECTION('',(0.,-1.,0.));
#4418=DIRECTION('',(6.25027119604334E-17,3.41413444869919E-16,-1.));
#4419=DIRECTION('',(6.30808536718839E-16,1.,0.));
#4420=DIRECTION('center_axis',(6.30808536718839E-16,1.,0.));
#4421=DIRECTION('ref_axis',(0.,0.,1.));
#4422=DIRECTION('center_axis',(-6.30808536718839E-16,-1.,0.));
#4423=DIRECTION('ref_axis',(1.,0.,0.));
#4424=DIRECTION('center_axis',(-6.30808536718839E-16,-1.,0.));
#4425=DIRECTION('ref_axis',(-1.,-1.66533453693773E-16,-6.25027119604334E-17));
#4426=DIRECTION('',(-1.,-1.66533453693773E-16,-6.25027119604334E-17));
#4427=DIRECTION('center_axis',(6.30808536718839E-16,1.,0.));
#4428=DIRECTION('ref_axis',(0.,0.,1.));
#4429=DIRECTION('center_axis',(-6.30808536718839E-16,-1.,0.));
#4430=DIRECTION('ref_axis',(1.,0.,0.));
#4431=DIRECTION('',(6.25027119604334E-17,3.41413444869919E-16,-1.));
#4432=DIRECTION('',(1.,-4.44089209850063E-16,6.25027119604334E-17));
#4433=DIRECTION('center_axis',(-6.30808536718839E-16,-1.,0.));
#4434=DIRECTION('ref_axis',(-1.,-1.66533453693773E-16,-6.25027119604334E-17));
#4435=DIRECTION('center_axis',(1.,-6.30808536718839E-16,6.25027119604332E-17));
#4436=DIRECTION('ref_axis',(6.25027119604334E-17,3.41413444869919E-16,-1.));
#4437=DIRECTION('',(0.,1.,0.));
#4438=DIRECTION('',(6.25027119604332E-17,0.,-1.));
#4439=DIRECTION('',(6.30829688082907E-16,1.,-6.60258391552304E-10));
#4440=DIRECTION('',(6.25027119604332E-17,-1.89457414289848E-20,-1.));
#4441=DIRECTION('',(6.30808536718839E-16,1.,0.));
#4442=DIRECTION('center_axis',(-6.25027119604334E-17,3.94272442727201E-32,
1.));
#4443=DIRECTION('ref_axis',(1.,-4.44089209850063E-16,6.25027119604334E-17));
#4444=DIRECTION('',(0.999999954059527,-0.00030311869620218,6.25027090890293E-17));
#4445=DIRECTION('',(1.66533453693773E-16,-1.,6.16297582203915E-32));
#4446=DIRECTION('center_axis',(6.25027119604334E-17,-3.94272442727201E-32,
-1.));
#4447=DIRECTION('ref_axis',(-1.,-1.66533453693773E-16,-6.25027119604334E-17));
#4448=DIRECTION('',(-1.66533453693773E-16,1.,-6.16297582203915E-32));
#4449=DIRECTION('',(1.,1.66533453693773E-16,6.25027119604334E-17));
#4450=DIRECTION('',(0.,-1.,0.));
#4451=DIRECTION('center_axis',(-1.66533453693773E-16,1.,-6.16297582203915E-32));
#4452=DIRECTION('ref_axis',(-1.,-1.66533453693773E-16,-6.25027119604334E-17));
#4453=DIRECTION('center_axis',(0.,1.,0.));
#4454=DIRECTION('ref_axis',(-1.,-1.66533453693773E-16,-6.25027119604334E-17));
#4455=DIRECTION('center_axis',(0.573576436351046,-0.819152044288992,0.));
#4456=DIRECTION('ref_axis',(-0.819152044288992,-0.573576436351046,-5.1199224275995E-17));
#4457=DIRECTION('center_axis',(0.,-1.,0.));
#4458=DIRECTION('ref_axis',(-1.,-1.66533453693773E-16,-6.25027119604334E-17));
#4459=DIRECTION('',(0.,1.,0.));
#4460=DIRECTION('center_axis',(0.,1.,0.));
#4461=DIRECTION('ref_axis',(1.,0.,0.));
#4462=DIRECTION('center_axis',(0.,-1.,0.));
#4463=DIRECTION('ref_axis',(1.,0.,0.));
#4464=DIRECTION('',(0.,1.,0.));
#4465=DIRECTION('center_axis',(0.,-1.,0.));
#4466=DIRECTION('ref_axis',(1.,0.,0.));
#4467=DIRECTION('center_axis',(0.,1.,0.));
#4468=DIRECTION('ref_axis',(1.,0.,0.));
#4469=DIRECTION('center_axis',(0.,1.,0.));
#4470=DIRECTION('ref_axis',(1.,0.,0.));
#4471=DIRECTION('',(0.,-1.,0.));
#4472=DIRECTION('center_axis',(0.00030311869620218,0.999999954059527,-6.15886568987815E-32));
#4473=DIRECTION('ref_axis',(0.999999954059527,-0.00030311869620218,0.));
#4474=DIRECTION('center_axis',(-1.66533453693773E-16,1.,-6.16297582203915E-32));
#4475=DIRECTION('ref_axis',(-1.,-1.66533453693773E-16,-6.25027119604334E-17));
#4476=DIRECTION('center_axis',(0.,-1.,0.));
#4477=DIRECTION('ref_axis',(-1.,-1.66533453693773E-16,-6.25027119604334E-17));
#4478=DIRECTION('center_axis',(0.,1.,0.));
#4479=DIRECTION('ref_axis',(-1.,-1.66533453693773E-16,-6.25027119604334E-17));
#4480=DIRECTION('center_axis',(0.,1.,0.));
#4481=DIRECTION('ref_axis',(1.,0.,0.));
#4482=DIRECTION('center_axis',(0.,1.,0.));
#4483=DIRECTION('ref_axis',(1.,0.,0.));
#4484=DIRECTION('center_axis',(0.,1.,0.));
#4485=DIRECTION('ref_axis',(0.,0.,1.));
#4486=DIRECTION('center_axis',(0.,-1.,0.));
#4487=DIRECTION('ref_axis',(1.,0.,5.12239217286818E-9));
#4488=DIRECTION('center_axis',(0.,-1.,0.));
#4489=DIRECTION('ref_axis',(-1.,-1.66533453693773E-16,-6.25027119604334E-17));
#4490=DIRECTION('center_axis',(0.,-1.,0.));
#4491=DIRECTION('ref_axis',(1.,0.,5.12239217286818E-9));
#4492=DIRECTION('center_axis',(0.,-1.,0.));
#4493=DIRECTION('ref_axis',(1.,0.,0.));
#4494=DIRECTION('center_axis',(0.,-1.,0.));
#4495=DIRECTION('ref_axis',(1.,0.,0.));
#4496=DIRECTION('center_axis',(0.981627183447664,-0.190808995376545,0.));
#4497=DIRECTION('ref_axis',(0.190808995376545,0.981627183447664,0.));
#4498=DIRECTION('center_axis',(0.981627183447664,-0.190808995376545,1.72563323017096E-31));
#4499=DIRECTION('ref_axis',(0.190808995376545,0.981627183447664,0.));
#4500=DIRECTION('',(0.981627183447664,-0.190808995376545,0.));
#4501=DIRECTION('center_axis',(0.981627183447664,-0.190808995376545,0.));
#4502=DIRECTION('ref_axis',(0.190808995376545,0.981627183447664,0.));
#4503=DIRECTION('',(0.981627183447664,-0.190808995376545,0.));
#4504=DIRECTION('',(-0.981627183447664,0.190808995376545,0.));
#4505=DIRECTION('',(0.981627183447664,-0.190808995376545,0.));
#4506=DIRECTION('center_axis',(0.981627183447664,-0.190808995376545,0.));
#4507=DIRECTION('ref_axis',(0.190808995376545,0.981627183447664,0.));
#4508=DIRECTION('',(-0.981627183447664,0.190808995376545,0.));
#4509=DIRECTION('center_axis',(0.981627183447664,-0.190808995376545,1.72563323017096E-31));
#4510=DIRECTION('ref_axis',(0.190808995376545,0.981627183447664,0.));
#4511=DIRECTION('center_axis',(-1.66533453693773E-16,1.,-6.16297582203915E-32));
#4512=DIRECTION('ref_axis',(-1.,-1.66533453693773E-16,-6.25027119604334E-17));
#4513=DIRECTION('center_axis',(0.,-1.,0.));
#4514=DIRECTION('ref_axis',(-1.,-1.66533453693773E-16,-6.25027119604334E-17));
#4515=DIRECTION('center_axis',(-0.573576436351046,0.819152044288992,0.));
#4516=DIRECTION('ref_axis',(-0.819152044288992,-0.573576436351046,-5.1199224275995E-17));
#4517=DIRECTION('center_axis',(-0.00030311869620218,-0.999999954059527,
6.15886568987815E-32));
#4518=DIRECTION('ref_axis',(0.999999954059527,-0.000303118696202376,5.59749046565465E-31));
#4519=DIRECTION('center_axis',(0.,-1.,0.));
#4520=DIRECTION('ref_axis',(1.,0.,5.59730352176949E-31));
#4521=DIRECTION('center_axis',(-0.00030311869620218,-0.999999954059527,
6.15886568987815E-32));
#4522=DIRECTION('ref_axis',(0.999999954059527,-0.00030311869620218,1.86686742376498E-35));
#4523=DIRECTION('center_axis',(0.00030311869620218,0.999999954059527,-6.15886568987815E-32));
#4524=DIRECTION('ref_axis',(0.999999954059527,-0.000303118696202376,5.59749046565465E-31));
#4525=DIRECTION('center_axis',(-0.00030311869620218,-0.999999954059527,
6.15886568987815E-32));
#4526=DIRECTION('ref_axis',(0.999999954059527,-0.00030311869620218,1.86686742376498E-35));
#4527=DIRECTION('center_axis',(0.00030311869620218,0.999999954059527,-6.15886568987815E-32));
#4528=DIRECTION('ref_axis',(0.999999954059527,-0.000303118696202138,3.20464620885093E-9));
#4529=DIRECTION('center_axis',(0.,1.,0.));
#4530=DIRECTION('ref_axis',(1.,0.,2.29422774752836E-9));
#4531=DIRECTION('center_axis',(-0.00030311869620218,-0.999999954059527,
6.15886568987815E-32));
#4532=DIRECTION('ref_axis',(0.,-6.15886597281936E-32,-1.));
#4533=DIRECTION('',(0.,-6.15886597281936E-32,-1.));
#4534=DIRECTION('center_axis',(0.,1.,0.));
#4535=DIRECTION('ref_axis',(1.,0.,0.));
#4536=DIRECTION('center_axis',(0.,1.,0.));
#4537=DIRECTION('ref_axis',(1.,0.,0.));
#4538=DIRECTION('center_axis',(0.,1.,0.));
#4539=DIRECTION('ref_axis',(1.,0.,0.));
#4540=DIRECTION('center_axis',(-1.,0.,0.));
#4541=DIRECTION('ref_axis',(0.,0.,1.));
#4542=DIRECTION('',(0.,0.,1.));
#4543=DIRECTION('center_axis',(-1.66533453693773E-16,1.,-6.16297582203915E-32));
#4544=DIRECTION('ref_axis',(-1.,-1.66533453693773E-16,-6.25027119604334E-17));
#4545=DIRECTION('center_axis',(0.573576436351046,-0.819152044288992,0.));
#4546=DIRECTION('ref_axis',(-0.819152044288992,-0.573576436351046,-5.1199224275995E-17));
#4547=DIRECTION('center_axis',(0.,1.,0.));
#4548=DIRECTION('ref_axis',(0.,0.,1.));
#4549=DIRECTION('center_axis',(-1.66533453693773E-16,1.,-6.16297582203915E-32));
#4550=DIRECTION('ref_axis',(-1.,-1.66533453693773E-16,-6.25027119604334E-17));
#4551=DIRECTION('center_axis',(0.,-1.,0.));
#4552=DIRECTION('ref_axis',(-1.,-1.66533453693773E-16,-6.25027119604334E-17));
#4553=DIRECTION('center_axis',(0.,1.,0.));
#4554=DIRECTION('ref_axis',(-1.,-1.66533453693773E-16,-6.25027119604334E-17));
#4555=DIRECTION('center_axis',(-1.66533453693773E-16,1.,-6.16297582203915E-32));
#4556=DIRECTION('ref_axis',(-1.,-1.66533453693773E-16,-6.25027119604334E-17));
#4557=DIRECTION('center_axis',(0.,-1.,0.));
#4558=DIRECTION('ref_axis',(-1.,-1.66533453693773E-16,-6.25027119604334E-17));
#4559=DIRECTION('center_axis',(-0.573576436351046,0.819152044288992,0.));
#4560=DIRECTION('ref_axis',(-0.819152044288992,-0.573576436351046,-5.1199224275995E-17));
#4561=DIRECTION('center_axis',(0.,-1.,0.));
#4562=DIRECTION('ref_axis',(0.,0.,-1.));
#4563=DIRECTION('',(-1.,0.,5.50825002083355E-16));
#4564=DIRECTION('center_axis',(0.,-1.,0.));
#4565=DIRECTION('ref_axis',(1.,0.,1.6941057371729E-12));
#4566=DIRECTION('center_axis',(0.,-1.,0.));
#4567=DIRECTION('ref_axis',(0.,0.,-1.));
#4568=DIRECTION('center_axis',(0.,-1.,0.));
#4569=DIRECTION('ref_axis',(1.,0.,1.6941057371729E-12));
#4570=DIRECTION('center_axis',(0.00030311869620218,0.999999954059527,-6.15886568987815E-32));
#4571=DIRECTION('ref_axis',(0.999999954059527,-0.000303118696202173,-2.78699993901511E-15));
#4572=DIRECTION('center_axis',(0.00030311869620218,0.999999954059527,-6.15886568987815E-32));
#4573=DIRECTION('ref_axis',(0.999999954059527,-0.00030311869620218,1.86686742376498E-35));
#4574=DIRECTION('center_axis',(-0.00030311869620218,-0.999999954059527,
6.15886568987815E-32));
#4575=DIRECTION('ref_axis',(0.999999954059527,-0.000303118696202173,-1.22464679914735E-16));
#4576=DIRECTION('center_axis',(0.00030311869620218,0.999999954059527,-6.15886568987815E-32));
#4577=DIRECTION('ref_axis',(0.999999954059527,-0.00030311869620218,1.86686742376498E-35));
#4578=DIRECTION('center_axis',(-0.573576436351046,0.819152044288992,0.));
#4579=DIRECTION('ref_axis',(0.819152044288992,0.573576436351046,0.));
#4580=DIRECTION('center_axis',(-0.573576436351046,0.819152044288992,0.));
#4581=DIRECTION('ref_axis',(-0.819152044288992,-0.573576436351046,-2.83276944882399E-16));
#4582=DIRECTION('center_axis',(0.573576436351046,-0.819152044288992,0.));
#4583=DIRECTION('ref_axis',(0.819152044288992,0.573576436351046,0.));
#4584=DIRECTION('center_axis',(0.573576436351046,-0.819152044288992,0.));
#4585=DIRECTION('ref_axis',(0.819152044288992,0.573576436351046,-6.12323399573677E-17));
#4586=DIRECTION('center_axis',(0.,1.,0.));
#4587=DIRECTION('ref_axis',(1.,0.,0.));
#4588=DIRECTION('center_axis',(0.,1.,0.));
#4589=DIRECTION('ref_axis',(1.,0.,0.));
#4590=DIRECTION('center_axis',(0.,1.,0.));
#4591=DIRECTION('ref_axis',(1.,0.,0.));
#4592=DIRECTION('center_axis',(0.,-1.,0.));
#4593=DIRECTION('ref_axis',(0.,0.,-1.));
#4594=DIRECTION('center_axis',(0.,1.,0.));
#4595=DIRECTION('ref_axis',(1.,0.,0.));
#4596=DIRECTION('center_axis',(0.,1.,0.));
#4597=DIRECTION('ref_axis',(1.,0.,0.));
#4598=DIRECTION('center_axis',(-0.573576436351046,0.819152044288992,0.));
#4599=DIRECTION('ref_axis',(0.819152044288992,0.573576436351046,0.));
#4600=DIRECTION('center_axis',(-0.573576436351046,0.819152044288992,0.));
#4601=DIRECTION('ref_axis',(-0.819152044288992,-0.573576436351046,-5.0532154980743E-16));
#4602=DIRECTION('center_axis',(-0.573576436351046,0.819152044288992,0.));
#4603=DIRECTION('ref_axis',(0.819152044288992,0.573576436351046,0.));
#4604=DIRECTION('center_axis',(0.573576436351046,-0.819152044288992,0.));
#4605=DIRECTION('ref_axis',(-0.819152044288992,-0.573576436351046,-9.49410759657493E-16));
#4606=DIRECTION('center_axis',(0.,1.,0.));
#4607=DIRECTION('ref_axis',(0.,0.,1.));
#4608=DIRECTION('center_axis',(0.,1.,0.));
#4609=DIRECTION('ref_axis',(1.,0.,0.));
#4610=DIRECTION('center_axis',(0.00030311869620218,0.999999954059527,-6.15886568987815E-32));
#4611=DIRECTION('ref_axis',(0.999999954059527,-0.000303118696202173,1.22464679914735E-16));
#4612=DIRECTION('center_axis',(0.00030311869620218,0.999999954059527,-6.15886568987815E-32));
#4613=DIRECTION('ref_axis',(0.999999954059527,-0.00030311869620218,1.86686742376498E-35));
#4614=DIRECTION('center_axis',(0.00030311869620218,0.999999954059527,-6.15886568987815E-32));
#4615=DIRECTION('ref_axis',(0.999999954059527,-0.00030311869620218,1.86686742376498E-35));
#4616=DIRECTION('center_axis',(-0.00030311869620218,-0.999999954059527,
6.15886568987815E-32));
#4617=DIRECTION('ref_axis',(-0.999999954059527,0.000303118696202187,-1.16292957286483E-31));
#4618=DIRECTION('center_axis',(-0.00030311869620218,-0.999999954059527,
6.15886568987815E-32));
#4619=DIRECTION('ref_axis',(-0.999999954059527,0.000303118696202187,-1.16292957286483E-31));
#4620=DIRECTION('center_axis',(0.00030311869620218,0.999999954059527,-6.15886568987815E-32));
#4621=DIRECTION('ref_axis',(-0.999999954059527,0.000303118696202187,-1.16292957286483E-31));
#4622=DIRECTION('center_axis',(0.00030311869620218,0.999999954059527,-6.15886568987815E-32));
#4623=DIRECTION('ref_axis',(0.999999954059527,-0.000303118696202172,-1.22464679914735E-16));
#4624=DIRECTION('center_axis',(-0.573576436351046,0.819152044288992,0.));
#4625=DIRECTION('ref_axis',(-0.819152044288992,-0.573576436351046,-2.83276944882399E-16));
#4626=DIRECTION('center_axis',(0.573576436351046,-0.819152044288992,0.));
#4627=DIRECTION('ref_axis',(-0.819152044288992,-0.573576436351046,-9.49410759657493E-16));
#4628=DIRECTION('center_axis',(0.,1.,0.));
#4629=DIRECTION('ref_axis',(1.,0.,0.));
#4630=DIRECTION('center_axis',(0.,1.,0.));
#4631=DIRECTION('ref_axis',(1.,0.,0.));
#4632=DIRECTION('center_axis',(-0.146168170605317,-0.751970049094617,0.642787609686539));
#4633=DIRECTION('ref_axis',(0.122649658044779,0.630977790851654,0.766044443118978));
#4634=DIRECTION('',(0.122649658044779,0.630977790851654,0.766044443118978));
#4635=DIRECTION('',(0.122649658044779,0.630977790851654,0.766044443118978));
#4636=DIRECTION('center_axis',(-0.981627183447664,0.190808995376545,0.));
#4637=DIRECTION('ref_axis',(0.190808995376545,0.981627183447664,0.));
#4638=DIRECTION('center_axis',(-0.981627183447664,0.190808995376545,0.));
#4639=DIRECTION('ref_axis',(0.190808995376545,0.981627183447664,0.));
#4640=DIRECTION('',(0.,0.,1.));
#4641=DIRECTION('center_axis',(-0.981627183447664,0.190808995376545,0.));
#4642=DIRECTION('ref_axis',(0.190808995376545,0.981627183447664,0.));
#4643=DIRECTION('center_axis',(-0.981627183447664,0.190808995376545,0.));
#4644=DIRECTION('ref_axis',(0.190808995376545,0.981627183447664,0.));
#4645=DIRECTION('',(0.981627183447664,-0.190808995376545,0.));
#4646=DIRECTION('',(0.981627183447664,-0.190808995376545,0.));
#4647=DIRECTION('center_axis',(0.981627183447664,-0.190808995376545,1.72563323017096E-31));
#4648=DIRECTION('ref_axis',(-0.190808995376545,-0.981627183447664,7.09128462088651E-18));
#4649=DIRECTION('',(-0.122649658044779,-0.630977790851654,0.766044443118978));
#4650=DIRECTION('center_axis',(-0.981627183447664,0.190808995376545,0.));
#4651=DIRECTION('ref_axis',(0.190808995376545,0.981627183447664,0.));
#4652=DIRECTION('',(-0.122649658044779,-0.630977790851654,0.766044443118978));
#4653=DIRECTION('',(0.,0.,1.));
#4654=DIRECTION('center_axis',(-0.573576436351046,0.819152044288992,0.));
#4655=DIRECTION('ref_axis',(0.819152044288992,0.573576436351046,0.));
#4656=DIRECTION('center_axis',(-0.573576436351046,0.819152044288992,0.));
#4657=DIRECTION('ref_axis',(0.819152044288992,0.573576436351046,0.));
#4658=DIRECTION('center_axis',(-0.573576436351046,0.819152044288992,0.));
#4659=DIRECTION('ref_axis',(-0.819152044288992,-0.573576436351046,-5.0532154980743E-16));
#4660=DIRECTION('center_axis',(0.573576436351046,-0.819152044288992,0.));
#4661=DIRECTION('ref_axis',(0.819152044288992,0.573576436351046,0.));
#4662=DIRECTION('center_axis',(0.573576436351046,-0.819152044288992,0.));
#4663=DIRECTION('ref_axis',(0.819152044288992,0.573576436351046,0.));
#4664=DIRECTION('center_axis',(-0.146168170605317,-0.751970049094617,-0.642787609686539));
#4665=DIRECTION('ref_axis',(-0.122649658044779,-0.630977790851654,0.766044443118978));
#4666=DIRECTION('center_axis',(0.981627183447664,-0.190808995376545,1.72563323017096E-31));
#4667=DIRECTION('ref_axis',(-0.190808995376545,-0.981627183447664,7.09128462088651E-18));
#4668=DIRECTION('center_axis',(0.,1.,0.));
#4669=DIRECTION('ref_axis',(1.,0.,0.));
#4670=DIRECTION('center_axis',(0.573576436351046,-0.819152044288992,0.));
#4671=DIRECTION('ref_axis',(0.819152044288992,0.573576436351046,-6.12323399573677E-17));
#4672=DIRECTION('center_axis',(0.190808995376545,0.981627183447664,0.));
#4673=DIRECTION('ref_axis',(-0.981627183447664,0.190808995376545,1.72367230294237E-14));
#4674=DIRECTION('center_axis',(0.190808995376545,0.981627183447664,0.));
#4675=DIRECTION('ref_axis',(-0.981627183447664,0.190808995376545,1.07626428485157E-14));
#4676=DIRECTION('center_axis',(-0.573576436351046,0.819152044288992,0.));
#4677=DIRECTION('ref_axis',(0.819152044288992,0.573576436351046,0.));
#4678=DIRECTION('center_axis',(0.573576436351046,-0.819152044288992,0.));
#4679=DIRECTION('ref_axis',(0.819152044288992,0.573576436351046,0.));
#4680=DIRECTION('center_axis',(0.,1.,0.));
#4681=DIRECTION('ref_axis',(1.,0.,0.));
#4682=DIRECTION('center_axis',(0.,1.,0.));
#4683=DIRECTION('ref_axis',(1.,0.,0.));
#4684=DIRECTION('center_axis',(0.,1.,0.));
#4685=DIRECTION('ref_axis',(0.,0.,1.));
#4686=DIRECTION('center_axis',(0.190808995376545,0.981627183447664,0.));
#4687=DIRECTION('ref_axis',(0.,0.,1.));
#4688=DIRECTION('center_axis',(0.190808995376545,0.981627183447664,0.));
#4689=DIRECTION('ref_axis',(0.,0.,1.));
#4690=DIRECTION('center_axis',(-0.00030311869620218,-0.999999954059527,
6.15886568987815E-32));
#4691=DIRECTION('ref_axis',(-0.999999954059527,0.000303118696202187,-1.16292957286483E-31));
#4692=DIRECTION('center_axis',(0.00030311869620218,0.999999954059527,-6.15886568987815E-32));
#4693=DIRECTION('ref_axis',(0.999999954059527,-0.00030311869620218,1.86686742376498E-35));
#4694=DIRECTION('center_axis',(-0.00030311869620218,-0.999999954059527,
6.15886568987815E-32));
#4695=DIRECTION('ref_axis',(-0.999999954059527,0.000303118696202187,-1.16292957286483E-31));
#4696=DIRECTION('center_axis',(0.981627183447664,-0.190808995376545,0.));
#4697=DIRECTION('ref_axis',(0.190808995376545,0.981627183447664,0.));
#4698=DIRECTION('center_axis',(-0.981627183447664,0.190808995376545,0.));
#4699=DIRECTION('ref_axis',(0.190808995376545,0.981627183447664,0.));
#4700=DIRECTION('',(0.981627183447664,-0.190808995376545,0.));
#4701=DIRECTION('center_axis',(0.981627183447664,-0.190808995376545,0.));
#4702=DIRECTION('ref_axis',(0.190808995376545,0.981627183447664,0.));
#4703=DIRECTION('',(-0.981627183447664,0.190808995376545,0.));
#4704=DIRECTION('center_axis',(-0.981627183447664,0.190808995376545,0.));
#4705=DIRECTION('ref_axis',(0.190808995376545,0.981627183447664,0.));
#4706=DIRECTION('',(-0.122649658044779,-0.630977790851654,-0.766044443118978));
#4707=DIRECTION('center_axis',(0.981627183447664,-0.190808995376545,0.));
#4708=DIRECTION('ref_axis',(0.190808995376545,0.981627183447664,0.));
#4709=DIRECTION('',(0.,0.,1.));
#4710=DIRECTION('center_axis',(-0.146168170605317,-0.751970049094617,0.642787609686539));
#4711=DIRECTION('ref_axis',(0.122649658044779,0.630977790851654,0.766044443118978));
#4712=DIRECTION('',(0.122649658044779,0.630977790851654,0.766044443118978));
#4713=DIRECTION('',(0.981627183447664,-0.190808995376545,0.));
#4714=DIRECTION('center_axis',(0.981627183447664,-0.190808995376545,0.));
#4715=DIRECTION('ref_axis',(0.190808995376545,0.981627183447664,0.));
#4716=DIRECTION('center_axis',(-0.981627183447664,0.190808995376545,0.));
#4717=DIRECTION('ref_axis',(0.190808995376545,0.981627183447664,0.));
#4718=DIRECTION('',(0.981627183447664,-0.190808995376545,0.));
#4719=DIRECTION('center_axis',(-0.190808995376545,-0.981627183447664,0.));
#4720=DIRECTION('ref_axis',(0.,0.,-1.));
#4721=DIRECTION('',(0.,0.,-1.));
#4722=DIRECTION('center_axis',(-0.981627183447664,0.190808995376545,0.));
#4723=DIRECTION('ref_axis',(0.190808995376545,0.981627183447664,0.));
#4724=DIRECTION('center_axis',(-0.00030311869620218,-0.999999954059527,
6.15886568987815E-32));
#4725=DIRECTION('ref_axis',(-0.999999954059527,0.000303118696202187,-1.16292957286483E-31));
#4726=DIRECTION('center_axis',(0.00030311869620218,0.999999954059527,-6.15886568987815E-32));
#4727=DIRECTION('ref_axis',(0.999999954059527,-0.00030311869620218,1.86686742376498E-35));
#4728=DIRECTION('center_axis',(-0.00030311869620218,-0.999999954059527,
6.15886568987815E-32));
#4729=DIRECTION('ref_axis',(-0.999999954059527,0.000303118696202187,-1.16292957286483E-31));
#4730=DIRECTION('center_axis',(-0.146168170605317,-0.751970049094617,-0.642787609686539));
#4731=DIRECTION('ref_axis',(-0.166302019885583,0.659197207129876,-0.733350312125212));
#4732=DIRECTION('center_axis',(-0.146168170605317,-0.751970049094617,-0.642787609686539));
#4733=DIRECTION('ref_axis',(-0.122649658044779,-0.630977790851654,0.766044443118978));
#4734=DIRECTION('',(0.122649658044779,0.630977790851654,-0.766044443118978));
#4735=DIRECTION('',(-0.981627183447664,0.190808995376545,0.));
#4736=DIRECTION('',(-0.122649658044779,-0.630977790851654,0.766044443118978));
#4737=DIRECTION('',(0.981627183447664,-0.190808995376545,0.));
#4738=DIRECTION('center_axis',(-0.981627183447664,0.190808995376545,0.));
#4739=DIRECTION('ref_axis',(0.190808995376545,0.981627183447664,0.));
#4740=DIRECTION('center_axis',(-0.981627183447664,0.190808995376545,0.));
#4741=DIRECTION('ref_axis',(0.190808995376545,0.981627183447664,0.));
#4742=DIRECTION('',(0.,0.,1.));
#4743=DIRECTION('center_axis',(0.981627183447664,-0.190808995376545,0.));
#4744=DIRECTION('ref_axis',(0.190808995376545,0.981627183447664,0.));
#4745=DIRECTION('center_axis',(-0.190808995376545,-0.981627183447664,0.));
#4746=DIRECTION('ref_axis',(0.,0.,-1.));
#4747=DIRECTION('',(0.981627183447664,-0.190808995376545,0.));
#4748=DIRECTION('',(0.,0.,-1.));
#4749=DIRECTION('',(0.981627183447664,-0.190808995376545,0.));
#4750=DIRECTION('center_axis',(0.981627183447664,-0.190808995376545,0.));
#4751=DIRECTION('ref_axis',(0.190808995376545,0.981627183447664,0.));
#4752=DIRECTION('center_axis',(-0.981627183447664,0.190808995376545,0.));
#4753=DIRECTION('ref_axis',(0.190808995376545,0.981627183447664,0.));
#4754=DIRECTION('center_axis',(-0.981627183447664,0.190808995376545,0.));
#4755=DIRECTION('ref_axis',(0.190808995376545,0.981627183447664,0.));
#4756=DIRECTION('center_axis',(0.981627183447664,-0.190808995376545,0.));
#4757=DIRECTION('ref_axis',(0.190808995376545,0.981627183447664,0.));
#4758=DIRECTION('center_axis',(0.981627183447664,-0.190808995376545,0.));
#4759=DIRECTION('ref_axis',(0.190808995376545,0.981627183447664,0.));
#4760=DIRECTION('center_axis',(-0.17364817766693,0.,0.984807753012208));
#4761=DIRECTION('ref_axis',(0.984807753012208,0.,0.17364817766693));
#4762=DIRECTION('',(-0.984807753012208,0.,-0.17364817766693));
#4763=DIRECTION('',(-0.923502249938293,-0.347314355823594,-0.162838363409093));
#4764=DIRECTION('',(-0.984807753012208,0.,-0.17364817766693));
#4765=DIRECTION('',(0.,-1.,0.));
#4766=DIRECTION('',(0.984807753012208,0.,0.17364817766693));
#4767=DIRECTION('',(0.923502249938293,-0.347314355823594,0.162838363409093));
#4768=DIRECTION('',(0.984807753012208,0.,0.17364817766693));
#4769=DIRECTION('',(0.,1.,0.));
#4770=DIRECTION('center_axis',(-0.17364817766693,0.,0.984807753012208));
#4771=DIRECTION('ref_axis',(0.,-1.,0.));
#4772=DIRECTION('center_axis',(-0.17364817766693,0.,0.984807753012208));
#4773=DIRECTION('ref_axis',(0.,-1.,0.));
#4774=DIRECTION('center_axis',(0.984807753012207,0.,0.173648177666939));
#4775=DIRECTION('ref_axis',(0.173648177666939,0.,-0.984807753012207));
#4776=DIRECTION('',(0.173648177666929,0.,-0.984807753012208));
#4777=DIRECTION('',(0.,1.,0.));
#4778=DIRECTION('',(-0.173648177666929,0.,0.984807753012208));
#4779=DIRECTION('center_axis',(0.,-1.,0.));
#4780=DIRECTION('ref_axis',(0.173648177666929,0.,-0.984807753012208));
#4781=DIRECTION('',(-0.173648177666929,0.,0.984807753012208));
#4782=DIRECTION('',(0.984807753012207,0.,0.173648177666939));
#4783=DIRECTION('center_axis',(0.342037870347516,-0.937748760723704,0.0603105049663309));
#4784=DIRECTION('ref_axis',(-0.923502249938293,-0.347314355823594,-0.162838363409093));
#4785=DIRECTION('',(-0.173648177666929,0.,0.984807753012208));
#4786=DIRECTION('',(0.17364817766693,0.,-0.984807753012208));
#4787=DIRECTION('',(-0.923502249938293,-0.347314355823594,-0.162838363409093));
#4788=DIRECTION('center_axis',(0.,-1.,0.));
#4789=DIRECTION('ref_axis',(0.984807753012208,0.,0.17364817766693));
#4790=DIRECTION('',(-0.17364817766693,0.,0.984807753012208));
#4791=DIRECTION('',(-0.984807753012207,0.,-0.173648177666939));
#4792=DIRECTION('',(0.17364817766693,0.,-0.984807753012208));
#4793=DIRECTION('',(0.984807753012208,0.,0.17364817766693));
#4794=DIRECTION('center_axis',(0.,1.,0.));
#4795=DIRECTION('ref_axis',(-0.173648177666929,0.,0.984807753012208));
#4796=DIRECTION('',(0.984807753012207,0.,0.173648177666939));
#4797=DIRECTION('',(-0.173648177666929,0.,0.984807753012208));
#4798=DIRECTION('center_axis',(-0.984807753012207,0.,-0.173648177666939));
#4799=DIRECTION('ref_axis',(-0.173648177666939,0.,0.984807753012207));
#4800=DIRECTION('',(0.17364817766693,0.,-0.984807753012208));
#4801=DIRECTION('',(0.,-1.,0.));
#4802=DIRECTION('center_axis',(0.,1.,0.));
#4803=DIRECTION('ref_axis',(-0.984807753012208,0.,-0.17364817766693));
#4804=DIRECTION('',(-0.173648177666929,0.,0.984807753012208));
#4805=DIRECTION('',(0.984807753012208,0.,0.17364817766693));
#4806=DIRECTION('',(0.17364817766693,0.,-0.984807753012208));
#4807=DIRECTION('',(-0.984807753012207,0.,-0.173648177666939));
#4808=DIRECTION('center_axis',(0.17364817766693,0.,-0.984807753012208));
#4809=DIRECTION('ref_axis',(0.,-1.,0.));
#4810=DIRECTION('',(0.17364817766693,0.,-0.984807753012208));
#4811=DIRECTION('center_axis',(-0.17364817766693,0.,0.984807753012208));
#4812=DIRECTION('ref_axis',(0.,-1.,0.));
#4813=DIRECTION('center_axis',(0.17364817766693,0.,-0.984807753012208));
#4814=DIRECTION('ref_axis',(0.,-1.,0.));
#4815=DIRECTION('',(0.17364817766693,0.,-0.984807753012208));
#4816=DIRECTION('center_axis',(-0.17364817766693,0.,0.984807753012208));
#4817=DIRECTION('ref_axis',(0.,-1.,0.));
#4818=DIRECTION('center_axis',(-0.573576436351046,0.819152044288992,-3.28077078760709E-19));
#4819=DIRECTION('ref_axis',(0.819152044288992,0.573576436351046,-2.56507516683366E-18));
#4820=DIRECTION('center_axis',(-0.573576436351048,-0.81915204428899,-1.9373306504791E-17));
#4821=DIRECTION('ref_axis',(0.81915204428899,-0.573576436351048,6.25027119604333E-17));
#4822=DIRECTION('',(-0.735759620269355,0.677235862930967,0.00306057857990059));
#4823=DIRECTION('',(0.,0.,-1.));
#4824=DIRECTION('',(-0.751205026403082,0.660068942086162,0.));
#4825=DIRECTION('',(0.984807753012208,0.,0.17364817766693));
#4826=DIRECTION('',(-0.819152044288992,-0.573576436351046,0.));
#4827=DIRECTION('',(-0.645922113149761,0.759424450333856,-0.0778404006879942));
#4828=DIRECTION('',(0.17364817766693,0.,-0.984807753012208));
#4829=DIRECTION('',(0.,0.,-1.));
#4830=DIRECTION('',(-0.630528586910551,0.772351439735124,-0.0768567149159061));
#4831=DIRECTION('',(0.819152044288992,0.573576436351046,0.));
#4832=DIRECTION('',(0.819152044288992,0.573576436351046,0.));
#4833=DIRECTION('',(0.,0.,-1.));
#4834=DIRECTION('',(0.655950744335756,0.754796756167516,-0.00323695603367681));
#4835=DIRECTION('',(0.67628249455298,0.736642374263929,0.));
#4836=DIRECTION('',(0.819152044288992,-0.573576436351046,0.));
#4837=DIRECTION('',(-0.984807753012208,0.,-0.17364817766693));
#4838=DIRECTION('',(0.578311993223377,0.811848740963653,0.080354590968628));
#4839=DIRECTION('',(0.,0.,-1.));
#4840=DIRECTION('',(0.560173965495501,0.824576896090393,0.0792342780302744));
#4841=DIRECTION('',(0.819152044288992,-0.573576436351046,0.));
#4842=DIRECTION('',(0.819152044288992,-0.573576436351046,0.));
#4843=DIRECTION('center_axis',(-0.173648177666931,0.984807753012208,5.74847638086088E-17));
#4844=DIRECTION('ref_axis',(6.65935655577723E-17,-4.66293165998147E-17,
1.));
#4845=DIRECTION('',(0.,0.,-1.));
#4846=DIRECTION('',(-0.804092163205584,-0.141783143349379,0.577350269189626));
#4847=DIRECTION('',(0.,0.,1.));
#4848=DIRECTION('',(-0.804092163205584,-0.141783143349379,-0.577350269189626));
#4849=DIRECTION('center_axis',(-0.405579787672639,-0.579227965339569,0.707106781186548));
#4850=DIRECTION('ref_axis',(0.819152044288992,-0.573576436351046,2.24986717573623E-16));
#4851=DIRECTION('',(-0.819152044288992,0.573576436351046,0.));
#4852=DIRECTION('',(0.819152044288992,-0.573576436351046,0.));
#4853=DIRECTION('',(0.141783143349379,-0.804092163205585,-0.577350269189626));
#4854=DIRECTION('center_axis',(0.984807753012208,0.17364817766693,-5.74847638086088E-17));
#4855=DIRECTION('ref_axis',(-6.65935655577723E-17,4.66293165998147E-17,
-1.));
#4856=DIRECTION('',(0.,0.,-1.));
#4857=DIRECTION('',(0.,0.,1.));
#4858=DIRECTION('',(0.141783143349379,-0.804092163205585,0.577350269189626));
#4859=DIRECTION('center_axis',(-0.405579787672639,-0.579227965339569,-0.707106781186548));
#4860=DIRECTION('ref_axis',(-0.819152044288992,0.573576436351046,2.24986717573623E-16));
#4861=DIRECTION('',(-0.819152044288992,0.573576436351046,0.));
#4862=DIRECTION('',(-0.819152044288992,0.573576436351046,0.));
#4863=DIRECTION('center_axis',(0.819152044288992,-0.573576436351046,0.));
#4864=DIRECTION('ref_axis',(-0.573576436351046,-0.819152044288992,0.));
#4865=DIRECTION('',(-0.573576436351046,-0.819152044288992,0.));
#4866=DIRECTION('',(-0.573576436351046,-0.819152044288992,0.));
#4867=DIRECTION('center_axis',(-0.819152044288992,0.573576436351046,0.));
#4868=DIRECTION('ref_axis',(0.573576436351046,0.819152044288992,0.));
#4869=DIRECTION('',(0.573576436351046,0.819152044288992,0.));
#4870=DIRECTION('',(0.573576436351046,0.819152044288992,0.));
#4871=DIRECTION('center_axis',(0.,0.,1.));
#4872=DIRECTION('ref_axis',(0.819152044288992,-0.573576436351046,0.));
#4873=DIRECTION('center_axis',(0.,0.,-1.));
#4874=DIRECTION('ref_axis',(-0.819152044288992,0.573576436351046,0.));
#4875=DIRECTION('center_axis',(0.,0.,-1.));
#4876=DIRECTION('ref_axis',(-0.819152044288992,0.573576436351046,0.));
#4877=DIRECTION('',(-0.573576436351046,-0.819152044288992,0.));
#4878=DIRECTION('',(-0.573576436351046,-0.819152044288992,0.));
#4879=DIRECTION('center_axis',(0.,0.,1.));
#4880=DIRECTION('ref_axis',(0.819152044288992,-0.573576436351046,0.));
#4881=DIRECTION('',(-0.573576436351046,-0.819152044288992,0.));
#4882=DIRECTION('',(-0.573576436351046,-0.819152044288992,0.));
#4883=DIRECTION('center_axis',(0.819152044288992,-0.573576436351046,0.));
#4884=DIRECTION('ref_axis',(-0.573576436351046,-0.819152044288992,0.));
#4885=DIRECTION('center_axis',(-0.819152044288992,0.573576436351046,0.));
#4886=DIRECTION('ref_axis',(0.573576436351046,0.819152044288992,0.));
#4887=DIRECTION('center_axis',(0.342037870347516,0.937748760723704,0.0603105049663308));
#4888=DIRECTION('ref_axis',(0.923502249938293,-0.347314355823594,0.162838363409093));
#4889=DIRECTION('',(0.923502249938293,-0.347314355823594,0.162838363409093));
#4890=DIRECTION('center_axis',(-0.17364817766693,0.,0.984807753012208));
#4891=DIRECTION('ref_axis',(0.984807753012208,0.,0.17364817766693));
#4892=DIRECTION('center_axis',(0.984807749421969,-0.173648198028186,0.));
#4893=DIRECTION('ref_axis',(0.,0.,-1.));
#4894=DIRECTION('',(0.,0.,-1.));
#4895=DIRECTION('',(0.141783160951414,0.804092165815798,0.577350261231676));
#4896=DIRECTION('',(0.,0.,1.));
#4897=DIRECTION('',(0.141783160951414,0.804092165815798,-0.577350261231676));
#4898=DIRECTION('center_axis',(-0.405579787672639,0.579227965339569,0.707106781186548));
#4899=DIRECTION('ref_axis',(0.819152044288992,0.573576436351046,0.));
#4900=DIRECTION('',(0.819152044288992,0.573576436351046,0.));
#4901=DIRECTION('',(-0.819152044288992,-0.573576436351046,0.));
#4902=DIRECTION('',(-0.804092154732534,0.141783158997136,-0.577350277147576));
#4903=DIRECTION('center_axis',(-0.173648198028187,-0.984807749421969,0.));
#4904=DIRECTION('ref_axis',(0.,0.,1.));
#4905=DIRECTION('',(0.,0.,-1.));
#4906=DIRECTION('',(0.,0.,1.));
#4907=DIRECTION('',(-0.804092154732534,0.141783158997136,0.577350277147576));
#4908=DIRECTION('center_axis',(-0.405579787672639,0.579227965339569,-0.707106781186548));
#4909=DIRECTION('ref_axis',(-0.819152044288992,-0.573576436351046,0.));
#4910=DIRECTION('',(-0.819152044288992,-0.573576436351046,0.));
#4911=DIRECTION('',(0.819152044288992,0.573576436351046,0.));
#4912=DIRECTION('center_axis',(0.,0.,-1.));
#4913=DIRECTION('ref_axis',(-0.819152044288992,-0.573576436351046,0.));
#4914=DIRECTION('',(-0.573576436351046,0.819152044288992,0.));
#4915=DIRECTION('',(-0.573576436351046,0.819152044288992,0.));
#4916=DIRECTION('center_axis',(0.,0.,1.));
#4917=DIRECTION('ref_axis',(0.819152044288992,0.573576436351046,0.));
#4918=DIRECTION('',(-0.573576436351046,0.819152044288992,0.));
#4919=DIRECTION('',(-0.573576436351046,0.819152044288992,0.));
#4920=DIRECTION('center_axis',(0.819152044288992,0.573576436351046,0.));
#4921=DIRECTION('ref_axis',(0.573576436351046,-0.819152044288992,0.));
#4922=DIRECTION('center_axis',(-0.819152044288992,-0.573576436351046,0.));
#4923=DIRECTION('ref_axis',(-0.573576436351046,0.819152044288992,0.));
#4924=DIRECTION('center_axis',(0.819152044288992,0.573576436351046,0.));
#4925=DIRECTION('ref_axis',(0.573576436351046,-0.819152044288992,0.));
#4926=DIRECTION('',(-0.573576436351046,0.819152044288992,0.));
#4927=DIRECTION('',(0.573576436351046,-0.819152044288992,0.));
#4928=DIRECTION('center_axis',(-0.819152044288992,-0.573576436351046,0.));
#4929=DIRECTION('ref_axis',(-0.573576436351046,0.819152044288992,0.));
#4930=DIRECTION('',(0.573576436351046,-0.819152044288992,0.));
#4931=DIRECTION('',(-0.573576436351046,0.819152044288992,0.));
#4932=DIRECTION('center_axis',(0.,0.,1.));
#4933=DIRECTION('ref_axis',(0.819152044288992,0.573576436351046,0.));
#4934=DIRECTION('center_axis',(0.,0.,-1.));
#4935=DIRECTION('ref_axis',(-0.819152044288992,-0.573576436351046,0.));
#4936=DIRECTION('center_axis',(0.311578345241084,-0.699816421363698,-0.642787609686539));
#4937=DIRECTION('ref_axis',(0.261445274574621,-0.587215701058083,0.766044443118978));
#4938=DIRECTION('',(-0.913545457642601,-0.4067366430758,0.));
#4939=DIRECTION('',(0.261445274574621,-0.587215701058083,0.766044443118978));
#4940=DIRECTION('',(0.913545457642601,0.4067366430758,0.));
#4941=DIRECTION('',(-0.261445274574621,0.587215701058083,-0.766044443118978));
#4942=DIRECTION('center_axis',(0.913545457642601,0.4067366430758,-2.45534745354607E-18));
#4943=DIRECTION('ref_axis',(-0.4067366430758,0.913545457642601,-8.11488794426467E-19));
#4944=DIRECTION('center_axis',(-0.913545457642601,-0.4067366430758,2.45534745354607E-18));
#4945=DIRECTION('ref_axis',(-0.4067366430758,0.913545457642601,-8.11488794426467E-19));
#4946=DIRECTION('',(-1.91300928498269E-18,-1.74001168291621E-18,-1.));
#4947=DIRECTION('center_axis',(0.913545457642601,0.4067366430758,-2.45534745354607E-18));
#4948=DIRECTION('ref_axis',(-0.4067366430758,0.913545457642601,-8.11488794426467E-19));
#4949=DIRECTION('center_axis',(0.913545457642601,0.4067366430758,0.));
#4950=DIRECTION('ref_axis',(-0.4067366430758,0.913545457642601,-8.11488794426467E-19));
#4951=DIRECTION('center_axis',(-0.913545457642601,-0.4067366430758,2.45534745354607E-18));
#4952=DIRECTION('ref_axis',(-0.4067366430758,0.913545457642601,-8.11488794426467E-19));
#4953=DIRECTION('',(0.913545457642601,0.4067366430758,0.));
#4954=DIRECTION('center_axis',(0.913545457642601,0.4067366430758,-2.45534745354607E-18));
#4955=DIRECTION('ref_axis',(-0.4067366430758,0.913545457642601,-8.11488794426467E-19));
#4956=DIRECTION('center_axis',(0.913545457642601,0.4067366430758,-2.45534745354607E-18));
#4957=DIRECTION('ref_axis',(-0.4067366430758,0.913545457642601,-8.11488794426467E-19));
#4958=DIRECTION('',(-1.91300928498269E-18,-1.74001168291621E-18,-1.));
#4959=DIRECTION('center_axis',(0.913545457642601,0.4067366430758,0.));
#4960=DIRECTION('ref_axis',(-0.4067366430758,0.913545457642601,-8.11488794426467E-19));
#4961=DIRECTION('',(0.913545457642601,0.4067366430758,0.));
#4962=DIRECTION('center_axis',(0.4067366430758,-0.913545457642601,8.11488794426467E-19));
#4963=DIRECTION('ref_axis',(-1.91300928498269E-18,-1.74001168291621E-18,
-1.));
#4964=DIRECTION('center_axis',(0.913545457642601,0.4067366430758,-2.45534745354607E-18));
#4965=DIRECTION('ref_axis',(-0.4067366430758,0.913545457642601,-8.11488794426467E-19));
#4966=DIRECTION('',(0.261445274574621,-0.587215701058083,-0.766044443118978));
#4967=DIRECTION('center_axis',(-0.913545457642601,-0.4067366430758,2.45534745354607E-18));
#4968=DIRECTION('ref_axis',(-0.4067366430758,0.913545457642601,-8.11488794426467E-19));
#4969=DIRECTION('',(-1.91300928498269E-18,-1.74001168291621E-18,-1.));
#4970=DIRECTION('center_axis',(0.913545457642601,0.4067366430758,-2.45534745354607E-18));
#4971=DIRECTION('ref_axis',(-0.4067366430758,0.913545457642601,-8.11488794426467E-19));
#4972=DIRECTION('center_axis',(0.913545457642601,0.4067366430758,0.));
#4973=DIRECTION('ref_axis',(-0.4067366430758,0.913545457642601,-8.11488794426467E-19));
#4974=DIRECTION('',(-0.913545457642601,-0.4067366430758,0.));
#4975=DIRECTION('',(0.913545457642601,0.4067366430758,0.));
#4976=DIRECTION('center_axis',(0.913545457642601,0.4067366430758,-2.45534745354607E-18));
#4977=DIRECTION('ref_axis',(-0.4067366430758,0.913545457642601,-8.11488794426467E-19));
#4978=DIRECTION('center_axis',(0.4067366430758,-0.913545457642601,8.11488794426467E-19));
#4979=DIRECTION('ref_axis',(-1.91300928498269E-18,-1.74001168291621E-18,
-1.));
#4980=DIRECTION('',(0.913545457642601,0.4067366430758,0.));
#4981=DIRECTION('',(-1.91300928498269E-18,-1.74001168291621E-18,-1.));
#4982=DIRECTION('center_axis',(0.913545457642601,0.4067366430758,0.));
#4983=DIRECTION('ref_axis',(-0.4067366430758,0.913545457642601,-8.11488794426467E-19));
#4984=DIRECTION('',(0.913545457642601,0.4067366430758,0.));
#4985=DIRECTION('center_axis',(-0.913545457642601,-0.4067366430758,2.45534745354607E-18));
#4986=DIRECTION('ref_axis',(-0.4067366430758,0.913545457642601,-8.11488794426467E-19));
#4987=DIRECTION('center_axis',(0.913545457642601,0.4067366430758,-2.45534745354607E-18));
#4988=DIRECTION('ref_axis',(-0.4067366430758,0.913545457642601,-8.11488794426467E-19));
#4989=DIRECTION('',(-0.261445274574621,0.587215701058083,0.766044443118978));
#4990=DIRECTION('center_axis',(0.311578345241084,-0.699816421363698,0.642787609686539));
#4991=DIRECTION('ref_axis',(-0.261445274574621,0.587215701058083,0.766044443118978));
#4992=DIRECTION('',(9.27918915955628E-19,5.32875855608441E-19,1.));
#4993=DIRECTION('',(0.819152044288992,0.573576436351046,-2.56507516683366E-18));
#4994=DIRECTION('',(1.02634178570404E-17,1.01864450604148E-18,-0.999999999999998));
#4995=DIRECTION('',(0.819152044288991,-0.573576436351048,6.25027119604333E-17));
#4996=CARTESIAN_POINT('',(0.,0.,0.));
#4997=CARTESIAN_POINT('',(0.,0.,0.));
#4998=CARTESIAN_POINT('Origin',(11.1768724737636,10.552552173576,11.8087616563032));
#4999=CARTESIAN_POINT('',(11.0066326615815,9.0169174948874,11.6298659425842));
#5000=CARTESIAN_POINT('',(11.0041264614962,9.98506563035981,11.6265046861556));
#5001=CARTESIAN_POINT('',(11.0041264614962,9.98506563035981,11.6265046861556));
#5002=CARTESIAN_POINT('',(11.519903052035,9.80886393680938,12.1720524122475));
#5003=CARTESIAN_POINT('',(10.0682136639445,7.56899141141726,10.6385792974609));
#5004=CARTESIAN_POINT('',(11.5149084750829,11.7382750768794,12.1653538034702));
#5005=CARTESIAN_POINT('',(11.5174057635589,10.7735695068444,12.1687031078589));
#5006=CARTESIAN_POINT('',(10.999596360305,11.7350492201343,11.6204290213109));
#5007=CARTESIAN_POINT('',(11.2572524176939,11.7366621485068,11.8928914123905));
#5008=CARTESIAN_POINT('',(11.0031145109432,10.3759833575108,11.6251474819475));
#5009=CARTESIAN_POINT('Origin',(0.00679735157526431,7.57597910658044,-0.00107270426155865));
#5010=CARTESIAN_POINT('',(-11.6269943361871,9.03263664227058,10.9936739450394));
#5011=CARTESIAN_POINT('Origin',(0.00780339436537675,9.02455622721743,-0.00107270426155873));
#5012=CARTESIAN_POINT('',(-10.9701077287115,8.50042048062629,10.9516812435849));
#5013=CARTESIAN_POINT('Ctrl Pts',(-11.6269943361871,9.03263664227058,10.9936739450394));
#5014=CARTESIAN_POINT('Ctrl Pts',(-11.4068188252805,8.85703297546877,10.9862035850008));
#5015=CARTESIAN_POINT('Ctrl Pts',(-11.1877529039037,8.67960041746998,10.9721485161289));
#5016=CARTESIAN_POINT('Ctrl Pts',(-10.9701077307398,8.50042047844937,10.951681241074));
#5017=CARTESIAN_POINT('',(-10.9732415114344,8.50139081680439,-10.9519755210344));
#5018=CARTESIAN_POINT('Ctrl Pts',(-10.9732415260912,8.50139081679073,-10.9519755356226));
#5019=CARTESIAN_POINT('Ctrl Pts',(-10.9697062028628,8.50139354674821,-10.9555273847938));
#5020=CARTESIAN_POINT('Ctrl Pts',(-10.9661697806936,8.50139627740134,-10.9590768978335));
#5021=CARTESIAN_POINT('Ctrl Pts',(-10.2749101318219,8.50193000462255,-11.6522240744703));
#5022=CARTESIAN_POINT('Ctrl Pts',(-9.49773664930959,8.5025242025994,-12.2996255487768));
#5023=CARTESIAN_POINT('Ctrl Pts',(-7.80506647551861,8.50380642488774,-13.4412852942555));
#5024=CARTESIAN_POINT('Ctrl Pts',(-6.88961749575439,8.50449441765002,-13.9356143028591));
#5025=CARTESIAN_POINT('Ctrl Pts',(-4.9797769824254,8.50591921601612,-14.7302583492402));
#5026=CARTESIAN_POINT('Ctrl Pts',(-3.98386606977801,8.50665715521682,-15.0312055782403));
#5027=CARTESIAN_POINT('Ctrl Pts',(-1.98094235362929,8.5081319687972,-15.427204275189));
#5028=CARTESIAN_POINT('Ctrl Pts',(-0.973913002276907,8.50886885164605,-15.5221720410547));
#5029=CARTESIAN_POINT('Ctrl Pts',(0.975296889586459,8.51028716816365,-15.5257178319683));
#5030=CARTESIAN_POINT('Ctrl Pts',(1.98405145115847,8.51101703167662,-15.4341523538292));
#5031=CARTESIAN_POINT('Ctrl Pts',(3.99100562192469,8.51245992150518,-15.0443819691431));
#5032=CARTESIAN_POINT('Ctrl Pts',(4.98922160832627,8.51317296362243,-14.7462613947408));
#5033=CARTESIAN_POINT('Ctrl Pts',(6.90405402748897,8.51453111185075,-13.9565069771881));
#5034=CARTESIAN_POINT('Ctrl Pts',(7.82219742006036,8.51517730110459,-13.464243362224));
#5035=CARTESIAN_POINT('Ctrl Pts',(9.52039290101947,8.51636240496778,-12.3258598059615));
#5036=CARTESIAN_POINT('Ctrl Pts',(10.3003971530363,8.51690128164877,-11.679668505842));
#5037=CARTESIAN_POINT('Ctrl Pts',(11.6819951773266,8.51784543742731,-10.3014075447612));
#5038=CARTESIAN_POINT('Ctrl Pts',(12.3305982051185,8.51828283068364,-9.52219363593646));
#5039=CARTESIAN_POINT('Ctrl Pts',(13.4738069638739,8.51903944076179,-7.82503440254725));
#5040=CARTESIAN_POINT('Ctrl Pts',(13.9684842674726,8.51935871177049,-6.90713729052787));
#5041=CARTESIAN_POINT('Ctrl Pts',(14.7628859453857,8.51985191590113,-4.99225810910498));
#5042=CARTESIAN_POINT('Ctrl Pts',(15.0632448060023,8.52002624285011,-3.99374663843323));
#5043=CARTESIAN_POINT('Ctrl Pts',(15.4571531889032,8.52022393975217,-1.9857348347286));
#5044=CARTESIAN_POINT('Ctrl Pts',(15.5506180269092,8.52024724720862,-0.976217890240763));
#5045=CARTESIAN_POINT('Ctrl Pts',(15.5505097667974,8.52020394315928,-3.89635155736978E-19));
#5046=CARTESIAN_POINT('Ctrl Pts',(15.5504015160417,8.52016064285233,0.976133524251659));
#5047=CARTESIAN_POINT('Ctrl Pts',(15.4567289405469,8.52004778960947,1.98554524374618));
#5048=CARTESIAN_POINT('Ctrl Pts',(15.0624402962644,8.51967198748684,3.99331113543935));
#5049=CARTESIAN_POINT('Ctrl Pts',(14.7619088733062,8.51940909931596,4.99168192962171));
#5050=CARTESIAN_POINT('Ctrl Pts',(13.9672087441315,8.51874604999798,6.90625640522369));
#5051=CARTESIAN_POINT('Ctrl Pts',(13.4724054046171,8.51834535924804,7.82398902451067));
#5052=CARTESIAN_POINT('Ctrl Pts',(12.3289968036389,8.51743818742609,9.520810929918));
#5053=CARTESIAN_POINT('Ctrl Pts',(11.680320007567,8.51693165639728,10.2998520111021));
#5054=CARTESIAN_POINT('Ctrl Pts',(10.2987098649198,8.51586525272495,11.6776928788518));
#5055=CARTESIAN_POINT('Ctrl Pts',(9.51877622552898,8.51526909022336,12.3236454403375));
#5056=CARTESIAN_POINT('Ctrl Pts',(7.82078410823916,8.5139830598092,13.4616035908669));
#5057=CARTESIAN_POINT('Ctrl Pts',(6.90277341031612,8.51329322353024,13.9536804727097));
#5058=CARTESIAN_POINT('Ctrl Pts',(4.98825192751316,8.51186504428051,14.7431310701379));
#5059=CARTESIAN_POINT('Ctrl Pts',(3.99021496132924,8.51112556291549,15.0411340964513));
#5060=CARTESIAN_POINT('Ctrl Pts',(1.98364379177285,8.50964810503347,15.4307482920673));
#5061=CARTESIAN_POINT('Ctrl Pts',(0.975093230921314,8.50891012049202,15.5222752131585));
#5062=CARTESIAN_POINT('Ctrl Pts',(-0.973709370789473,8.50749212726494,15.5187302304712));
#5063=CARTESIAN_POINT('Ctrl Pts',(-1.98053487974457,8.50676366635975,15.4238017729938));
#5064=CARTESIAN_POINT('Ctrl Pts',(-3.98307613498711,8.50532397199043,15.0279605728363));
#5065=CARTESIAN_POINT('Ctrl Pts',(-4.978808409132,8.50461272293596,14.727131448423));
#5066=CARTESIAN_POINT('Ctrl Pts',(-6.88833889509927,8.50325840925957,13.9327920826116));
#5067=CARTESIAN_POINT('Ctrl Pts',(-7.8036557110904,8.50261426768842,13.4386501120981));
#5068=CARTESIAN_POINT('Ctrl Pts',(-9.49612363704361,8.50143333018828,12.2974160961532));
#5069=CARTESIAN_POINT('Ctrl Pts',(-10.2732270918956,8.50089657211286,11.6502533789993));
#5070=CARTESIAN_POINT('Ctrl Pts',(-10.9639791026134,8.50042466720988,10.9578324158604));
#5071=CARTESIAN_POINT('Ctrl Pts',(-10.9670438272711,8.50042257357945,10.9547577084767));
#5072=CARTESIAN_POINT('Ctrl Pts',(-10.9701077284597,8.50042048062629,10.9516812462628));
#5073=CARTESIAN_POINT('',(-11.6289585574003,9.03263800643032,-10.9937404136519));
#5074=CARTESIAN_POINT('Ctrl Pts',(-10.9732415359378,8.50139079049482,-10.9519754906856));
#5075=CARTESIAN_POINT('Ctrl Pts',(-11.1905029041199,8.68024128113776,-10.9723439566202));
#5076=CARTESIAN_POINT('Ctrl Pts',(-11.4091786529306,8.85735090338031,-10.9863227887424));
#5077=CARTESIAN_POINT('Ctrl Pts',(-11.6289585574003,9.03263800643032,-10.9937404136519));
#5078=CARTESIAN_POINT('',(-11.6231324474713,9.03263396017292,-10.9999046240429));
#5079=CARTESIAN_POINT('Origin',(0.00780339436537675,9.02455622721743,-0.00107270426155873));
#5080=CARTESIAN_POINT('',(-12.1647685290001,9.82531303899442,-11.5126248807716));
#5081=CARTESIAN_POINT('',(-11.8939504882357,9.42897349958367,-11.2562647524073));
#5082=CARTESIAN_POINT('Origin',(0.00835365174187697,9.81685875538838,-0.00107270426155782));
#5083=CARTESIAN_POINT('Origin',(0.00874726906509452,10.3836189909458,-0.0010727042615588));
#5084=CARTESIAN_POINT('',(-11.6118077790744,11.7507529336506,-10.9909805712148));
#5085=CARTESIAN_POINT('Origin',(0.00969114376480729,11.7426817546743,-0.00107270426155788));
#5086=CARTESIAN_POINT('',(-11.6191020500801,10.,-10.9967285946903));
#5087=CARTESIAN_POINT('',(-11.6174701132728,10.3916934469117,-10.9954425976288));
#5088=CARTESIAN_POINT('',(-10.4995177020886,10.,-12.0711583751477));
#5089=CARTESIAN_POINT('Origin',(0.00842773566522181,10.,-0.0010727042615577));
#5090=CARTESIAN_POINT('Origin',(0.00847577570890296,9.99270215515192,-0.00107270426155878));
#5091=CARTESIAN_POINT('Origin',(-11.8009615318245,10.568510374147,-11.1690778908023));
#5092=CARTESIAN_POINT('',(-12.1567299408921,11.7547151274775,-11.5062903213457));
#5093=CARTESIAN_POINT('',(-11.8842688599833,11.752734030564,-11.2486354462802));
#5094=CARTESIAN_POINT('',(-12.1607492349461,10.790014083236,-11.5094576010586));
#5095=CARTESIAN_POINT('',(-11.6211156289905,9.51670575693722,-10.9983153329452));
#5096=CARTESIAN_POINT('Origin',(0.00969238822641303,11.744473625378,-0.00107270426155887));
#5097=CARTESIAN_POINT('Origin',(0.00969363268800816,11.7462654960818,-0.0010727042615568));
#5098=CARTESIAN_POINT('Origin',(0.0090236422149434,10.7815621257351,-0.00107270426155882));
#5099=CARTESIAN_POINT('Origin',(0.00813958503713985,9.50862919118468,-0.00107270426155875));
#5100=CARTESIAN_POINT('',(-11.6201823376443,10.,10.9934407071705));
#5101=CARTESIAN_POINT('',(-10.4995177020868,10.,12.0690129666262));
#5102=CARTESIAN_POINT('Origin',(0.00842773566522181,10.,-0.0010727042615577));
#5103=CARTESIAN_POINT('Ctrl Pts',(-11.6201823376443,10.,10.9934407071705));
#5104=CARTESIAN_POINT('Ctrl Pts',(-11.622452295142,9.67758692117449,10.9935191329663));
#5105=CARTESIAN_POINT('Ctrl Pts',(-11.6247235112742,9.35505436654031,10.9935968980066));
#5106=CARTESIAN_POINT('Ctrl Pts',(-11.6269943361871,9.03263664227058,10.9936739450394));
#5107=CARTESIAN_POINT('Origin',(0.00847577570890296,9.99270215515192,-0.00107270426155878));
#5108=CARTESIAN_POINT('Origin',(-5.90230905233247,8.55188503345872E-9,-6.66133814775094E-15));
#5109=CARTESIAN_POINT('',(7.13442079025572E-9,-1.55107113264386E-8,6.49999999999999));
#5110=CARTESIAN_POINT('',(-2.7187499921171,0.,5.90410014145791));
#5111=CARTESIAN_POINT('Origin',(0.,0.,0.));
#5112=CARTESIAN_POINT('',(-3.12588031515854,-2.76708822521954E-9,6.49999999999999));
#5113=CARTESIAN_POINT('',(-11.8046181117994,3.26144830586905E-8,6.49999999999999));
#5114=CARTESIAN_POINT('Origin',(-11.999999989808,3.34110164534884E-8,-3.078090097013E-17));
#5115=CARTESIAN_POINT('Origin',(-11.8046181189338,-1.74999996738552,6.49999999999999));
#5116=CARTESIAN_POINT('',(-3.12588031382626,-1.2575175299176,6.49999999559096));
#5117=CARTESIAN_POINT('',(-3.12588032535057,-2.49999994688773,6.49999999999999));
#5118=CARTESIAN_POINT('',(7.11311578685779E-9,-0.00522591522230914,6.49999999999999));
#5119=CARTESIAN_POINT('',(0.,-0.874999999999999,6.49999999999999));
#5120=CARTESIAN_POINT('',(1.95565189791625E-11,-1.74520354581972,6.49999999999999));
#5121=CARTESIAN_POINT('',(2.22044604925031E-15,-1.75000001551071,6.49999999999999));
#5122=CARTESIAN_POINT('',(2.22044604925031E-15,-1.75000001551071,6.49999999999999));
#5123=CARTESIAN_POINT('',(0.,-0.874999999999999,6.49999999999999));
#5124=CARTESIAN_POINT('',(-2.85657097477951,-1.75000000386501,6.49999999999999));
#5125=CARTESIAN_POINT('',(-11.8046181189338,-1.74999996738552,6.49999999999999));
#5126=CARTESIAN_POINT('Ctrl Pts',(-3.12588031382626,-1.2575175299176,6.49999999559096));
#5127=CARTESIAN_POINT('Ctrl Pts',(-2.99016660046335,-1.5148437021216,6.49999999559096));
#5128=CARTESIAN_POINT('Ctrl Pts',(-2.85657097477951,-1.75000000386501,6.49999999999999));
#5129=CARTESIAN_POINT('Origin',(-5.90230905946688,-1.74999999144811,-6.67852525538187E-15));
#5130=CARTESIAN_POINT('',(-2.71874999763513,-1.75,5.90410013891694));
#5131=CARTESIAN_POINT('Origin',(0.,-1.75,0.));
#5132=CARTESIAN_POINT('',(-3.05874990382582,-1.75,6.40734319139711));
#5133=CARTESIAN_POINT('Origin',(-11.9999999969424,-1.74999996658898,-3.07809009972316E-17));
#5134=CARTESIAN_POINT('Origin',(0.,-1.75,0.));
#5135=CARTESIAN_POINT('Origin',(1.66533453693773E-15,-1.75000001551071,
-6.50000000000001));
#5136=CARTESIAN_POINT('',(-3.1258803129384,-1.25141917680514,-6.49999999500186));
#5137=CARTESIAN_POINT('',(-3.12588031517101,-0.00305497843462562,-6.50000000000001));
#5138=CARTESIAN_POINT('',(-3.12588032535058,-2.49999994688774,-6.50000000000001));
#5139=CARTESIAN_POINT('',(-2.85471707885169,-1.74322093302397,-6.50000000000001));
#5140=CARTESIAN_POINT('Ctrl Pts',(-2.85471707885169,-1.74322093302397,-6.50000000000001));
#5141=CARTESIAN_POINT('Ctrl Pts',(-2.9892298780804,-1.50847798676177,-6.49999999500186));
#5142=CARTESIAN_POINT('Ctrl Pts',(-3.1258803129384,-1.25141917680514,-6.49999999500186));
#5143=CARTESIAN_POINT('',(-0.096793316412595,-1.74513632246189,-6.50000000000001));
#5144=CARTESIAN_POINT('',(3.54936393607254,-1.74766859372534,-6.50000000000001));
#5145=CARTESIAN_POINT('',(-0.0955848953481973,-0.00515953111296822,-6.50000000000001));
#5146=CARTESIAN_POINT('',(-0.0961891058805105,-0.875147926787428,-6.50000000000001));
#5147=CARTESIAN_POINT('',(3.25119762500554,-0.00748388538911238,-6.50000000000001));
#5148=CARTESIAN_POINT('Origin',(2.22044604925031E-15,-1.75000001551071,
6.49999999999999));
#5149=CARTESIAN_POINT('',(7.11311578689169E-9,-0.00522591522230831,6.49858000778455));
#5150=CARTESIAN_POINT('',(7.11311551784358E-9,-0.00522591522230914,3.24946364786922));
#5151=CARTESIAN_POINT('',(1.95565190129274E-11,-1.74520354581972,6.49858018031047));
#5152=CARTESIAN_POINT('',(3.56302196524472E-9,-0.876027666970977,6.49858009388863));
#5153=CARTESIAN_POINT('',(1.95562797114854E-11,-1.74520354581972,3.24946364786922));
#5154=CARTESIAN_POINT('Origin',(0.000927962120676377,-0.875215374992059,
-0.00107270426155822));
#5155=CARTESIAN_POINT('',(-3.30230623808933,-0.00293244990285737,-6.73425002514063));
#5156=CARTESIAN_POINT('Ctrl Pts',(-3.1258803129384,-1.25141917680514,-6.49999999000372));
#5157=CARTESIAN_POINT('Ctrl Pts',(-3.14369131266345,-1.12286724240337,-6.52431644355902));
#5158=CARTESIAN_POINT('Ctrl Pts',(-3.16161327027563,-0.994305477083875,
-6.54857480636078));
#5159=CARTESIAN_POINT('Ctrl Pts',(-3.21999307942017,-0.578071405027293,
-6.62691750216844));
#5160=CARTESIAN_POINT('Ctrl Pts',(-3.26088796938684,-0.290414750823798,
-6.68075580889531));
#5161=CARTESIAN_POINT('Ctrl Pts',(-3.30230623808933,-0.00293244990285768,
-6.73425002514063));
#5162=CARTESIAN_POINT('',(-0.531354275317485,-0.00485688747968975,7.48004099893548));
#5163=CARTESIAN_POINT('Origin',(0.00153217265284667,-0.00522697931759894,
-0.00107270426155826));
#5164=CARTESIAN_POINT('',(6.5,-1.43406745013791,-3.03160682708333));
#5165=CARTESIAN_POINT('Ctrl Pts',(6.50000000000002,-1.43406745013779,-3.03160682708334));
#5166=CARTESIAN_POINT('Ctrl Pts',(6.54548966803752,-1.43276353846115,-2.93477855316534));
#5167=CARTESIAN_POINT('Ctrl Pts',(6.5888808831916,-1.43123926252794,-2.83690216483531));
#5168=CARTESIAN_POINT('Ctrl Pts',(6.81412528058705,-1.42172928174418,-2.29719348707169));
#5169=CARTESIAN_POINT('Ctrl Pts',(6.95454907968254,-1.40960789243841,-1.83771288571364));
#5170=CARTESIAN_POINT('Ctrl Pts',(7.14223593200608,-1.3778954167268,-0.914066531043202));
#5171=CARTESIAN_POINT('Ctrl Pts',(7.18946570321224,-1.3582940006661,-0.449894369753232));
#5172=CARTESIAN_POINT('Ctrl Pts',(7.19462149485687,-1.33603019573713,-0.00107270426155791));
#5173=CARTESIAN_POINT('Ctrl Pts',(7.19982827967176,-1.31354619145306,0.452188015633205));
#5174=CARTESIAN_POINT('Ctrl Pts',(7.16249350683793,-1.28678740117721,0.921426200404266));
#5175=CARTESIAN_POINT('Ctrl Pts',(6.99340228106653,-1.22497447619443,1.85647048686259));
#5176=CARTESIAN_POINT('Ctrl Pts',(6.86168253705834,-1.18991339651659,2.32228276741271));
#5177=CARTESIAN_POINT('Ctrl Pts',(6.50976430357866,-1.11246523583676,3.21789898222803));
#5178=CARTESIAN_POINT('Ctrl Pts',(6.28929568024731,-1.07000181096416,3.64839351163588));
#5179=CARTESIAN_POINT('Ctrl Pts',(5.77823045330191,-0.979384890470945,4.44736468375235));
#5180=CARTESIAN_POINT('Ctrl Pts',(5.48760878161174,-0.931205653478325,4.81582237153622));
#5181=CARTESIAN_POINT('Ctrl Pts',(4.85724681815686,-0.830439399408928,5.48303628788866));
#5182=CARTESIAN_POINT('Ctrl Pts',(4.49348977680009,-0.774162733968168,5.80294728057681));
#5183=CARTESIAN_POINT('Ctrl Pts',(3.6984055828299,-0.653058497993376,6.37131291943557));
#5184=CARTESIAN_POINT('Ctrl Pts',(3.26710643733006,-0.588205603680494,6.61980134765316));
#5185=CARTESIAN_POINT('Ctrl Pts',(2.36504241006047,-0.452311188336298,7.02572880618229));
#5186=CARTESIAN_POINT('Ctrl Pts',(1.89358930421085,-0.381139556561969,7.18348379021073));
#5187=CARTESIAN_POINT('Ctrl Pts',(0.943593552241587,-0.235974888458703,
7.40207933828948));
#5188=CARTESIAN_POINT('Ctrl Pts',(0.465046627483308,-0.161962652231445,
7.4628885559659));
#5189=CARTESIAN_POINT('Ctrl Pts',(-0.174067314415786,-0.0615206031017254,
7.48597269670635));
#5190=CARTESIAN_POINT('Ctrl Pts',(-0.351988125147845,-0.0333943693132329,
7.48624320836694));
#5191=CARTESIAN_POINT('Ctrl Pts',(-0.531354275317558,-0.00485688748015533,
7.48004099893536));
#5192=CARTESIAN_POINT('',(6.5,-1.74971782265217,-2.85440520496844));
#5193=CARTESIAN_POINT('Ctrl Pts',(6.5,-1.74971782265217,-2.85440520496844));
#5194=CARTESIAN_POINT('Ctrl Pts',(6.5,-1.59664578271953,-2.94255482642063));
#5195=CARTESIAN_POINT('Ctrl Pts',(6.5,-1.43406745013791,-3.03160682708333));
#5196=CARTESIAN_POINT('Origin',(0.000323751588506085,-1.74520377066652,
-0.00107270426155817));
#5197=CARTESIAN_POINT('Origin',(6.1,0.,0.));
#5198=CARTESIAN_POINT('',(-2.50874999758162,-5.55111512312578E-16,-5.56023142051068));
#5199=CARTESIAN_POINT('',(-2.50874999758162,-5.55111512312578E-16,5.56023142051068));
#5200=CARTESIAN_POINT('Origin',(0.,0.,0.));
#5201=CARTESIAN_POINT('',(-2.70421588401402,0.,-5.88119017363565));
#5202=CARTESIAN_POINT('Origin',(-11.9999999969424,0.,-3.07809009972316E-17));
#5203=CARTESIAN_POINT('',(-3.30208339579508,0.,-6.73396220093305));
#5204=CARTESIAN_POINT('Origin',(-11.999999989808,0.,-3.078090097013E-17));
#5205=CARTESIAN_POINT('',(6.5,5.58793544769287E-8,-3.74165771620891));
#5206=CARTESIAN_POINT('Origin',(0.,0.,0.));
#5207=CARTESIAN_POINT('',(6.5,5.58793544769287E-8,0.));
#5208=CARTESIAN_POINT('',(6.5,5.58793544769287E-8,-8.));
#5209=CARTESIAN_POINT('Origin',(0.,0.,0.));
#5210=CARTESIAN_POINT('',(-2.70316507480619,0.,5.87952894058732));
#5211=CARTESIAN_POINT('Origin',(-11.999999989808,0.,-3.078090097013E-17));
#5212=CARTESIAN_POINT('Origin',(-11.9999999969424,0.,-3.07809009972316E-17));
#5213=CARTESIAN_POINT('Origin',(0.,-0.874999999999999,0.));
#5214=CARTESIAN_POINT('',(6.5,-1.71370390320424,-2.83231099718937E-20));
#5215=CARTESIAN_POINT('',(6.5,-0.874999999999999,0.));
#5216=CARTESIAN_POINT('',(4.65397485241611,-0.00845811996431268,4.53767760788252));
#5217=CARTESIAN_POINT('Ctrl Pts',(6.50000000000001,-1.71370390320444,4.55191440096314E-14));
#5218=CARTESIAN_POINT('Ctrl Pts',(6.50000000000001,-1.64866055843686,0.273708160085088));
#5219=CARTESIAN_POINT('Ctrl Pts',(6.48251178537421,-1.58051010592975,0.554994403487683));
#5220=CARTESIAN_POINT('Ctrl Pts',(6.40091808490654,-1.42101375904567,1.18321670468196));
#5221=CARTESIAN_POINT('Ctrl Pts',(6.32700961105693,-1.32788421787036,1.53060404317407));
#5222=CARTESIAN_POINT('Ctrl Pts',(6.12481754246443,-1.1285764077133,2.20463363853084));
#5223=CARTESIAN_POINT('Ctrl Pts',(5.99641766725817,-1.02221265395528,2.53164794807455));
#5224=CARTESIAN_POINT('Ctrl Pts',(5.69862316807939,-0.793538170637035,3.14514867148008));
#5225=CARTESIAN_POINT('Ctrl Pts',(5.52926974328378,-0.671082206321072,3.43160093936164));
#5226=CARTESIAN_POINT('Ctrl Pts',(5.24682757859339,-0.464433170882123,3.84114627867097));
#5227=CARTESIAN_POINT('Ctrl Pts',(5.13243983932436,-0.380331382851775,3.99305235508553));
#5228=CARTESIAN_POINT('Ctrl Pts',(4.89697153432093,-0.201881659798477,4.27804489027516));
#5229=CARTESIAN_POINT('Ctrl Pts',(4.77678313298701,-0.108508476512195,4.41172184397984));
#5230=CARTESIAN_POINT('Ctrl Pts',(4.65397485241427,-0.00845811996894746,
4.53767760788441));
#5231=CARTESIAN_POINT('Origin',(0.,-0.0052259152173692,0.));
#5232=CARTESIAN_POINT('Origin',(7.09872454097868,-1.75013363931746,-0.00107270426155787));
#5233=CARTESIAN_POINT('',(6.5,-1.74971782265217,0.));
#5234=CARTESIAN_POINT('',(6.5,-1.74971782265217,-0.000536352130778956));
#5235=CARTESIAN_POINT('Origin',(0.,-1.74520354581971,0.));
#5236=CARTESIAN_POINT('Origin',(0.000323751588506085,-1.74520377066652,
-0.00107270426155817));
#5237=CARTESIAN_POINT('Origin',(0.,-0.874999999999999,0.));
#5238=CARTESIAN_POINT('',(6.5,-1.74999994412065,-2.85657100872111));
#5239=CARTESIAN_POINT('Origin',(0.,-1.75,0.));
#5240=CARTESIAN_POINT('Ctrl Pts',(6.5,-1.74999994412065,-2.85657100872111));
#5241=CARTESIAN_POINT('Ctrl Pts',(6.5,-1.59672950491341,-2.94364610307904));
#5242=CARTESIAN_POINT('Ctrl Pts',(6.5,-1.43406745013791,-3.03160682708333));
#5243=CARTESIAN_POINT('',(6.5,-0.00974019204983485,-3.73719301959141));
#5244=CARTESIAN_POINT('Origin',(-0.00119038973908414,-0.00522508848678126,
-1.11022302462516E-15));
#5245=CARTESIAN_POINT('Ctrl Pts',(6.5,-0.00974019204983497,-3.73719301959141));
#5246=CARTESIAN_POINT('Ctrl Pts',(6.5,-0.00487300328820211,-3.73942498381944));
#5247=CARTESIAN_POINT('Ctrl Pts',(6.5,0.,-3.74165761078972));
#5248=CARTESIAN_POINT('',(-3.30208339579508,0.,6.73396220093305));
#5249=CARTESIAN_POINT('Origin',(0.,0.,0.));
#5250=CARTESIAN_POINT('Ctrl Pts',(-3.30208339579508,-2.08166817117217E-16,
6.73396220093305));
#5251=CARTESIAN_POINT('Ctrl Pts',(-3.26086352840263,-0.288538878078182,
6.68072059248184));
#5252=CARTESIAN_POINT('Ctrl Pts',(-3.22016253027216,-0.57725374787163,6.62713873821532));
#5253=CARTESIAN_POINT('Ctrl Pts',(-3.16185086926781,-0.996498715943537,
6.5488963984709));
#5254=CARTESIAN_POINT('Ctrl Pts',(-3.14380928529503,-1.12701332223703,6.52447750556812));
#5255=CARTESIAN_POINT('Ctrl Pts',(-3.12588031382626,-1.2575175299176,6.49999999118193));
#5256=CARTESIAN_POINT('Origin',(-12.,-2.49999991070963,-3.07809010088466E-17));
#5257=CARTESIAN_POINT('',(-2.50874999758162,-1.75,5.56023142051068));
#5258=CARTESIAN_POINT('Origin',(-11.9999999969424,-1.75,-3.07809009972316E-17));
#5259=CARTESIAN_POINT('',(-2.45833326627811,-2.49999994412065,5.47326191065118));
#5260=CARTESIAN_POINT('Ctrl Pts',(-2.45833326627811,-2.49999994412065,5.47326191065118));
#5261=CARTESIAN_POINT('Ctrl Pts',(-2.47499340251762,-2.25009823655438,5.50230592134388));
#5262=CARTESIAN_POINT('Ctrl Pts',(-2.49180164892012,-2.00005726105146,5.53130078584232));
#5263=CARTESIAN_POINT('Ctrl Pts',(-2.50874999758162,-1.75,5.56023142051068));
#5264=CARTESIAN_POINT('',(-2.99999990847525,-2.49999994740092,6.32455519009476));
#5265=CARTESIAN_POINT('Origin',(-12.,-2.49999994412065,-3.07809010088466E-17));
#5266=CARTESIAN_POINT('Ctrl Pts',(-3.05874990382582,-1.75,6.40734319139711));
#5267=CARTESIAN_POINT('Ctrl Pts',(-3.04892981876058,-1.87447995258283,6.39363956441497));
#5268=CARTESIAN_POINT('Ctrl Pts',(-3.03914303258033,-1.99897436290825,6.37991585591194));
#5269=CARTESIAN_POINT('Ctrl Pts',(-3.01955839995879,-2.24898363847503,6.35231905566162));
#5270=CARTESIAN_POINT('Ctrl Pts',(-3.0097611306685,-2.37449851800067,6.3384456539451));
#5271=CARTESIAN_POINT('Ctrl Pts',(-2.99999990847525,-2.49999994740092,6.32455519009476));
#5272=CARTESIAN_POINT('Origin',(-12.,-2.49999991070963,-3.07809010088466E-17));
#5273=CARTESIAN_POINT('',(-4.72389845603393,2.13190730309716,8.24974827474693));
#5274=CARTESIAN_POINT('Ctrl Pts',(-4.72389845603393,2.13190730309716,8.24974827474692));
#5275=CARTESIAN_POINT('Ctrl Pts',(-4.40214383635756,1.70037404352982,7.96596758062603));
#5276=CARTESIAN_POINT('Ctrl Pts',(-4.09918390714225,1.26633163387772,7.66524661397642));
#5277=CARTESIAN_POINT('Ctrl Pts',(-3.63674959218792,0.554450397373629,7.15041501648636));
#5278=CARTESIAN_POINT('Ctrl Pts',(-3.46516442301175,0.277237743294407,6.9446056735725));
#5279=CARTESIAN_POINT('Ctrl Pts',(-3.30208339579508,-1.38777878078145E-16,
6.73396220093305));
#5280=CARTESIAN_POINT('',(-4.20153007675153,2.49767357999307,7.75782618869294));
#5281=CARTESIAN_POINT('Origin',(-12.000000001887,-2.96287384808852,-3.07809010160149E-17));
#5282=CARTESIAN_POINT('',(-2.71874997607014,0.030627142471915,5.90410012244343));
#5283=CARTESIAN_POINT('Ctrl Pts',(-2.71874997209074,0.0306271543389171,
5.90410011017272));
#5284=CARTESIAN_POINT('Ctrl Pts',(-3.03895305338108,0.658489392812563,6.40745960986948));
#5285=CARTESIAN_POINT('Ctrl Pts',(-3.40448274277638,1.28916227450679,6.89131958004913));
#5286=CARTESIAN_POINT('Ctrl Pts',(-3.93817013236493,2.11116224444738,7.48614290757823));
#5287=CARTESIAN_POINT('Ctrl Pts',(-4.06790310940136,2.30458655486151,7.62349914089825));
#5288=CARTESIAN_POINT('Ctrl Pts',(-4.20153007675154,2.49767357999306,7.75782618869294));
#5289=CARTESIAN_POINT('Ctrl Pts',(-2.70316507480619,2.63304615626911E-16,
5.87952894058732));
#5290=CARTESIAN_POINT('Ctrl Pts',(-2.70834810196786,0.0102082707474242,
5.88772445229511));
#5291=CARTESIAN_POINT('Ctrl Pts',(-2.71354307013291,0.0204173302935706,
5.89591485613363));
#5292=CARTESIAN_POINT('Ctrl Pts',(-2.71874997209074,0.0306271543389169,
5.90410011017272));
#5293=CARTESIAN_POINT('Origin',(6.5,-1.75,0.));
#5294=CARTESIAN_POINT('',(6.5,-1.74999994412065,0.));
#5295=CARTESIAN_POINT('Origin',(0.,-1.75,0.));
#5296=CARTESIAN_POINT('',(6.5,-1.74999994412065,-2.));
#5297=CARTESIAN_POINT('',(-3.05874990382582,-1.75,-6.40734319139711));
#5298=CARTESIAN_POINT('Origin',(0.,-1.75,0.));
#5299=CARTESIAN_POINT('',(-2.50874999758162,-1.75,-5.56023142051068));
#5300=CARTESIAN_POINT('Origin',(-11.9999999969424,-1.75,-3.07809009972316E-17));
#5301=CARTESIAN_POINT('Origin',(0.,-1.75,0.));
#5302=CARTESIAN_POINT('Origin',(-11.9999999969424,-1.75,-3.07809009972316E-17));
#5303=CARTESIAN_POINT('',(-2.71874999763513,0.5,5.90410013891693));
#5304=CARTESIAN_POINT('',(-2.71874999763513,-1.75,5.90410013891694));
#5305=CARTESIAN_POINT('',(-2.50874999758162,0.499999999999999,5.56023142051068));
#5306=CARTESIAN_POINT('Origin',(-11.9999999969424,0.5,-3.07809009972316E-17));
#5307=CARTESIAN_POINT('',(-2.50874999758162,-1.75,5.56023142051068));
#5308=CARTESIAN_POINT('Origin',(0.,-1.75,0.));
#5309=CARTESIAN_POINT('',(6.5,0.0208524912259339,2.71050543121376E-19));
#5310=CARTESIAN_POINT('Ctrl Pts',(6.5,0.0208524912259327,1.38777878078145E-16));
#5311=CARTESIAN_POINT('Ctrl Pts',(6.5,0.0209953024358214,0.815713412478787));
#5312=CARTESIAN_POINT('Ctrl Pts',(6.3370763509369,0.0213019888800809,1.68575233913143));
#5313=CARTESIAN_POINT('Ctrl Pts',(5.67433318261731,0.0222103107901651,3.28677630949613));
#5314=CARTESIAN_POINT('Ctrl Pts',(5.17435778883567,0.0228120922979704,4.01770023109414));
#5315=CARTESIAN_POINT('Ctrl Pts',(4.02052800091741,0.0241078527801187,5.17218961299726));
#5316=CARTESIAN_POINT('Ctrl Pts',(3.28971052887205,0.0248882453453908,5.67266006920337));
#5317=CARTESIAN_POINT('Ctrl Pts',(1.68832669873005,0.0265227746138072,6.33646751612137));
#5318=CARTESIAN_POINT('Ctrl Pts',(0.817760341176382,0.0273769173003647,
6.4998045081284));
#5319=CARTESIAN_POINT('Ctrl Pts',(-0.814802070746462,0.0289253679712728,
6.50019515617442));
#5320=CARTESIAN_POINT('Ctrl Pts',(-1.68559873814467,0.0297228602362942,
6.33721439798202));
#5321=CARTESIAN_POINT('Ctrl Pts',(-2.56461974025116,0.0304930749128952,
5.97326229598652));
#5322=CARTESIAN_POINT('Ctrl Pts',(-2.64204674318786,0.0305606065644951,
5.93942084264228));
#5323=CARTESIAN_POINT('Ctrl Pts',(-2.71874998606511,0.0306271934125874,
5.90410014424476));
#5324=CARTESIAN_POINT('',(6.5,0.500000055879355,0.));
#5325=CARTESIAN_POINT('',(6.5,-1.74999994412065,0.));
#5326=CARTESIAN_POINT('Origin',(0.,0.5,0.));
#5327=CARTESIAN_POINT('Origin',(6.5,-1.74999994412065,0.));
#5328=CARTESIAN_POINT('',(6.5,0.500000055879354,-2.46589907149613));
#5329=CARTESIAN_POINT('Ctrl Pts',(6.5,0.500000055879353,-2.46589907149613));
#5330=CARTESIAN_POINT('Ctrl Pts',(6.5,0.0206438731140126,-1.1915912704377));
#5331=CARTESIAN_POINT('Ctrl Pts',(6.5,0.0208524912259339,2.71050543121376E-19));
#5332=CARTESIAN_POINT('',(6.5,0.500000055879355,-2.));
#5333=CARTESIAN_POINT('Origin',(-11.9999999969424,-1.75,-3.07809009972316E-17));
#5334=CARTESIAN_POINT('',(-2.96737899663296,0.5,-6.27787845253228));
#5335=CARTESIAN_POINT('Ctrl Pts',(-2.96737899007364,0.50000000062639,-6.2778784562926));
#5336=CARTESIAN_POINT('Ctrl Pts',(-2.87650551643357,0.333192296406114,-6.14712956429155));
#5337=CARTESIAN_POINT('Ctrl Pts',(-2.78877211383282,0.166491364767186,-6.0148393909367));
#5338=CARTESIAN_POINT('Ctrl Pts',(-2.70421588401402,-1.07552855510562E-15,
-5.88119017363565));
#5339=CARTESIAN_POINT('',(-2.50874999758162,0.499999999999999,-5.56023142051068));
#5340=CARTESIAN_POINT('',(-2.50874999758162,-1.75,-5.56023142051068));
#5341=CARTESIAN_POINT('Origin',(-11.9999999969424,0.5,-3.07809009972316E-17));
#5342=CARTESIAN_POINT('Origin',(0.,-1.75,0.));
#5343=CARTESIAN_POINT('Origin',(0.,0.5,0.));
#5344=CARTESIAN_POINT('Origin',(6.5,0.5,0.));
#5345=CARTESIAN_POINT('Origin',(0.00642783166002858,0.5,-0.00107270426155992));
#5346=CARTESIAN_POINT('Origin',(-12.,-2.49999991070963,-3.07809010088466E-17));
#5347=CARTESIAN_POINT('',(-4.20246366589724,2.49701987383565,-7.75876455603911));
#5348=CARTESIAN_POINT('Ctrl Pts',(-4.20246366589724,2.49701987383566,-7.7587645560391));
#5349=CARTESIAN_POINT('Ctrl Pts',(-4.06897042579578,2.30414723434249,-7.62460422858726));
#5350=CARTESIAN_POINT('Ctrl Pts',(-3.9393666049888,2.11094491030145,-7.48742582954171));
#5351=CARTESIAN_POINT('Ctrl Pts',(-3.50730013479827,1.44559673565842,-7.00603768983821));
#5352=CARTESIAN_POINT('Ctrl Pts',(-3.22472211391948,0.972380046927037,-6.6481441340436));
#5353=CARTESIAN_POINT('Ctrl Pts',(-2.96737899007364,0.500000000626391,-6.2778784562926));
#5354=CARTESIAN_POINT('',(-4.72389845603393,2.13190730309716,-8.24974827474693));
#5355=CARTESIAN_POINT('Origin',(-12.000000001887,-2.96287384808852,-3.07809010160149E-17));
#5356=CARTESIAN_POINT('Ctrl Pts',(-3.30208339579508,2.77555756156289E-16,
-6.73396220093305));
#5357=CARTESIAN_POINT('Ctrl Pts',(-3.46516442301175,0.277237743294406,-6.9446056735725));
#5358=CARTESIAN_POINT('Ctrl Pts',(-3.63674959218792,0.554450397373627,-7.15041501648635));
#5359=CARTESIAN_POINT('Ctrl Pts',(-4.09918390714225,1.26633163387772,-7.66524661397642));
#5360=CARTESIAN_POINT('Ctrl Pts',(-4.40214864816893,1.70038049707086,-7.96597182454076));
#5361=CARTESIAN_POINT('Ctrl Pts',(-4.72389845603393,2.13190730309716,-8.24974827474692));
#5362=CARTESIAN_POINT('Origin',(-12.,-2.49999991070963,-3.07809010088466E-17));
#5363=CARTESIAN_POINT('Origin',(-11.9999999897953,0.00310813431240259,-3.07809009700819E-17));
#5364=CARTESIAN_POINT('Origin',(-12.,-2.49999991070963,-3.07809010088466E-17));
#5365=CARTESIAN_POINT('',(-10.3374627576268,9.0644026555648,-10.8736364696676));
#5366=CARTESIAN_POINT('',(-8.58778068234794,7.5000000753794,-10.4573782377067));
#5367=CARTESIAN_POINT('Ctrl Pts',(-10.3374627576268,9.0644026555648,-10.8736364696676));
#5368=CARTESIAN_POINT('Ctrl Pts',(-10.3177258639623,9.04761976142252,-10.8706187745257));
#5369=CARTESIAN_POINT('Ctrl Pts',(-10.2980035034934,9.03082278449143,-10.8675483078688));
#5370=CARTESIAN_POINT('Ctrl Pts',(-9.70012957231219,8.52082368637227,-10.7728022102055));
#5371=CARTESIAN_POINT('Ctrl Pts',(-9.134675664444,8.01552707793084,-10.6358288555472));
#5372=CARTESIAN_POINT('Ctrl Pts',(-8.58778068234795,7.50000007537941,-10.4573782377067));
#5373=CARTESIAN_POINT('',(-10.3313485272249,9.99510575659703,-10.8726998685887));
#5374=CARTESIAN_POINT('Ctrl Pts',(-10.3313485272249,9.99510575659703,-10.8726998685887));
#5375=CARTESIAN_POINT('Ctrl Pts',(-10.3333859885187,9.68490749429954,-10.8730125609848));
#5376=CARTESIAN_POINT('Ctrl Pts',(-10.3354245236047,9.3746033639227,-10.8733248317182));
#5377=CARTESIAN_POINT('Ctrl Pts',(-10.3374627576268,9.0644026555648,-10.8736364696676));
#5378=CARTESIAN_POINT('',(-11.4406319415556,10.,-10.9857684042675));
#5379=CARTESIAN_POINT('Ctrl Pts',(-11.4406319415556,10.,-10.9857684042675));
#5380=CARTESIAN_POINT('Ctrl Pts',(-11.1345657115898,9.9986805517158,-10.9701842729699));
#5381=CARTESIAN_POINT('Ctrl Pts',(-10.8280747589522,9.99733497372424,-10.9417154146116));
#5382=CARTESIAN_POINT('Ctrl Pts',(-10.4592843821983,9.99568264564246,-10.8917573739243));
#5383=CARTESIAN_POINT('Ctrl Pts',(-10.3952684973554,9.99539460955258,-10.8825097732428));
#5384=CARTESIAN_POINT('Ctrl Pts',(-10.3313485272249,9.99510575659703,-10.8726998685887));
#5385=CARTESIAN_POINT('',(-11.6221464170085,10.,-10.9935083894238));
#5386=CARTESIAN_POINT('Origin',(-11.9999999490399,10.,-3.07809008152637E-17));
#5387=CARTESIAN_POINT('Ctrl Pts',(-11.6289585574003,9.03263800643032,-10.9937404136519));
#5388=CARTESIAN_POINT('Ctrl Pts',(-11.6266876853296,9.3550552763032,-10.9936637712151));
#5389=CARTESIAN_POINT('Ctrl Pts',(-11.6244164219044,9.67758737588698,-10.9935864108198));
#5390=CARTESIAN_POINT('Ctrl Pts',(-11.6221464170085,10.,-10.9935083894238));
#5391=CARTESIAN_POINT('',(-10.9687502944798,8.50000012665987,-10.9515535033783));
#5392=CARTESIAN_POINT('Ctrl Pts',(-10.9687502944798,8.50000012665987,-10.9515535033783));
#5393=CARTESIAN_POINT('Ctrl Pts',(-10.970247287652,8.50046371168336,-10.9516944672792));
#5394=CARTESIAN_POINT('Ctrl Pts',(-10.9717444725939,8.50092730409137,-10.9518351395297));
#5395=CARTESIAN_POINT('Ctrl Pts',(-10.9732415191128,8.50139080167153,-10.9519754891082));
#5396=CARTESIAN_POINT('',(-9.78997282644091,7.50000008028051,-10.7757032286681));
#5397=CARTESIAN_POINT('Ctrl Pts',(-9.78997282644091,7.50000008028051,-10.7757032286681));
#5398=CARTESIAN_POINT('Ctrl Pts',(-9.95246900678469,7.64230733902739,-10.8090301458257));
#5399=CARTESIAN_POINT('Ctrl Pts',(-10.116133424875,7.78367364241134,-10.8387661043884));
#5400=CARTESIAN_POINT('Ctrl Pts',(-10.5082893872417,8.11794355488954,-10.9008180054728));
#5401=CARTESIAN_POINT('Ctrl Pts',(-10.7377185170717,8.30995786163405,-10.9297984671834));
#5402=CARTESIAN_POINT('Ctrl Pts',(-10.9687502944798,8.50000012665987,-10.9515535033783));
#5403=CARTESIAN_POINT('',(-5.52677925250345,3.15673108251529,-8.89367266390797));
#5404=CARTESIAN_POINT('Ctrl Pts',(-5.52677925250346,3.15673108251529,-8.89367266390796));
#5405=CARTESIAN_POINT('Ctrl Pts',(-5.895472285289,3.60566792775733,-9.1620242755335));
#5406=CARTESIAN_POINT('Ctrl Pts',(-6.28324991074416,4.0506236886984,-9.40914872600791));
#5407=CARTESIAN_POINT('Ctrl Pts',(-7.6411345529539,5.5270582035722,-10.1580456927852));
#5408=CARTESIAN_POINT('Ctrl Pts',(-8.68845932129399,6.53534129840329,-10.5497899225439));
#5409=CARTESIAN_POINT('Ctrl Pts',(-9.78997282644091,7.50000008028051,-10.7757032286681));
#5410=CARTESIAN_POINT('',(-4.96969372426527,3.54680656881519,-8.46018876952415));
#5411=CARTESIAN_POINT('Origin',(-11.9999999954171,-1.37586687816833,-3.07809009914375E-17));
#5412=CARTESIAN_POINT('Ctrl Pts',(-8.58778068234795,7.50000007537941,-10.4573782377067));
#5413=CARTESIAN_POINT('Ctrl Pts',(-7.92278821531828,6.87314924574998,-10.2403926728622));
#5414=CARTESIAN_POINT('Ctrl Pts',(-7.28528989897061,6.23113901511764,-9.96201241960001));
#5415=CARTESIAN_POINT('Ctrl Pts',(-6.07223214562933,4.91156312059241,-9.29254195531053));
#5416=CARTESIAN_POINT('Ctrl Pts',(-5.49761826810258,4.23282250822145,-8.8988871651996));
#5417=CARTESIAN_POINT('Ctrl Pts',(-4.96969372426527,3.54680656881519,-8.46018876952416));
#5418=CARTESIAN_POINT('Origin',(6.50118349778034,-0.00974101399392854,-0.00107270426155799));
#5419=CARTESIAN_POINT('Origin',(0.00153217265284667,-0.00522697931760088,
-0.00107270426155826));
#5420=CARTESIAN_POINT('Origin',(6.50118349778034,-0.00974101399392854,-0.00107270426155799));
#5421=CARTESIAN_POINT('',(6.5,-0.00974019204983367,-0.125101945110034));
#5422=CARTESIAN_POINT('Origin',(0.00153217265284667,-0.00522697931760088,
-0.00107270426155826));
#5423=CARTESIAN_POINT('',(6.5,-0.00974019204983448,-0.000536352130779058));
#5424=CARTESIAN_POINT('Origin',(-12.,-2.49999991070963,-3.07809010088466E-17));
#5425=CARTESIAN_POINT('',(-10.9687502944798,8.50000012665987,10.9515535033783));
#5426=CARTESIAN_POINT('',(-9.78997282644091,7.50000008028051,10.7757032286681));
#5427=CARTESIAN_POINT('Ctrl Pts',(-10.9687502944798,8.50000012665987,10.9515535033783));
#5428=CARTESIAN_POINT('Ctrl Pts',(-10.7377185170717,8.30995786163405,10.9297984671834));
#5429=CARTESIAN_POINT('Ctrl Pts',(-10.5082893872418,8.11794355488954,10.9008180054728));
#5430=CARTESIAN_POINT('Ctrl Pts',(-10.116133424875,7.78367364241135,10.8387661043884));
#5431=CARTESIAN_POINT('Ctrl Pts',(-9.95246900678469,7.64230733902739,10.8090301458257));
#5432=CARTESIAN_POINT('Ctrl Pts',(-9.78997282644091,7.50000008028051,10.7757032286681));
#5433=CARTESIAN_POINT('Ctrl Pts',(-10.9701077293476,8.50042047937429,10.9516812409431));
#5434=CARTESIAN_POINT('Ctrl Pts',(-10.9696552649616,8.50028037085761,10.9516386913524));
#5435=CARTESIAN_POINT('Ctrl Pts',(-10.9692027539802,8.50014024316276,10.9515961090878));
#5436=CARTESIAN_POINT('Ctrl Pts',(-10.9687502944798,8.50000012665987,10.9515535033783));
#5437=CARTESIAN_POINT('',(-11.4389854471812,10.,10.9856844451634));
#5438=CARTESIAN_POINT('Origin',(-11.9999999490399,10.,-3.07809008152637E-17));
#5439=CARTESIAN_POINT('',(-10.3294060608968,9.99510440754615,10.8724015774268));
#5440=CARTESIAN_POINT('Ctrl Pts',(-10.3294060608968,9.99510440754615,10.8724015774268));
#5441=CARTESIAN_POINT('Ctrl Pts',(-10.3933242743925,9.99539325927011,10.8822229012668));
#5442=CARTESIAN_POINT('Ctrl Pts',(-10.4573385030493,9.99568129419825,10.8914819383317));
#5443=CARTESIAN_POINT('Ctrl Pts',(-10.8262248609616,9.99733408613641,10.9415200968302));
#5444=CARTESIAN_POINT('Ctrl Pts',(-11.1328168941166,9.99868011721509,10.9700490972574));
#5445=CARTESIAN_POINT('Ctrl Pts',(-11.4389854471812,10.,10.9856844451634));
#5446=CARTESIAN_POINT('',(-10.3355200193007,9.06440130632501,10.8733392548379));
#5447=CARTESIAN_POINT('Ctrl Pts',(-10.3355200193007,9.06440130632501,10.8733392548379));
#5448=CARTESIAN_POINT('Ctrl Pts',(-10.3334818758472,9.37460201444195,10.8730272580634));
#5449=CARTESIAN_POINT('Ctrl Pts',(-10.3314434314476,9.68490614488179,10.872714628472));
#5450=CARTESIAN_POINT('Ctrl Pts',(-10.3294060608967,9.99510440754615,10.8724015774268));
#5451=CARTESIAN_POINT('',(-8.58591355124271,7.50000007537179,10.456768812534));
#5452=CARTESIAN_POINT('Ctrl Pts',(-8.58591355124272,7.50000007537181,10.456768812534));
#5453=CARTESIAN_POINT('Ctrl Pts',(-9.13277577027708,8.01552613845296,10.6353167855929));
#5454=CARTESIAN_POINT('Ctrl Pts',(-9.69820425633744,8.52082184498048,10.7723909440488));
#5455=CARTESIAN_POINT('Ctrl Pts',(-10.2960607960435,9.03082053854069,10.8672438782205));
#5456=CARTESIAN_POINT('Ctrl Pts',(-10.3157831359729,9.04761796420128,10.8703179524032));
#5457=CARTESIAN_POINT('Ctrl Pts',(-10.3355200193007,9.06440130632502,10.8733392548379));
#5458=CARTESIAN_POINT('',(-4.96871170012422,3.54749418952145,8.45937262394414));
#5459=CARTESIAN_POINT('Ctrl Pts',(-4.96871170012422,3.54749418952145,8.45937262394414));
#5460=CARTESIAN_POINT('Ctrl Pts',(-5.49641364024916,4.23327733619581,8.89798960525169));
#5461=CARTESIAN_POINT('Ctrl Pts',(-6.07077587801144,4.91178418374384,9.29159517776859));
#5462=CARTESIAN_POINT('Ctrl Pts',(-7.28350948101514,6.23113749807593,9.96116967281995));
#5463=CARTESIAN_POINT('Ctrl Pts',(-7.92095892471592,6.87314850506899,10.2396642172446));
#5464=CARTESIAN_POINT('Ctrl Pts',(-8.58591355124272,7.50000007537181,10.456768812534));
#5465=CARTESIAN_POINT('',(-5.52677925250345,3.15673108251529,8.89367266390797));
#5466=CARTESIAN_POINT('Origin',(-11.9999999954171,-1.37586687816833,-3.07809009914375E-17));
#5467=CARTESIAN_POINT('Ctrl Pts',(-9.78997282644091,7.50000008028051,10.7757032286681));
#5468=CARTESIAN_POINT('Ctrl Pts',(-8.68845932129399,6.53534129840329,10.5497899225439));
#5469=CARTESIAN_POINT('Ctrl Pts',(-7.64113455295391,5.5270582035722,10.1580456927852));
#5470=CARTESIAN_POINT('Ctrl Pts',(-6.28324991074416,4.05062368869841,9.40914872600791));
#5471=CARTESIAN_POINT('Ctrl Pts',(-5.89546708046433,3.60566159013399,9.16202048722462));
#5472=CARTESIAN_POINT('Ctrl Pts',(-5.52677925250346,3.15673108251529,8.89367266390796));
#5473=CARTESIAN_POINT('Origin',(0.000927962120676376,-0.875215374992061,
-0.00107270426155822));
#5474=CARTESIAN_POINT('Ctrl Pts',(6.5,-0.00974019204983367,-0.125101945110034));
#5475=CARTESIAN_POINT('Ctrl Pts',(6.5,-1.72856971839687,-0.0625566674911519));
#5476=CARTESIAN_POINT('Ctrl Pts',(6.5,-1.71370390320424,-2.83231099718937E-20));
#5477=CARTESIAN_POINT('Origin',(0.,-0.874999999999999,0.));
#5478=CARTESIAN_POINT('',(6.5,-0.874999999999999,0.));
#5479=CARTESIAN_POINT('Origin',(6.5,-2.49999994412065,0.));
#5480=CARTESIAN_POINT('Origin',(-12.,-2.49999991070963,-3.07809010088466E-17));
#5481=CARTESIAN_POINT('',(-2.99999990847525,-2.49999994740092,-6.32455519009476));
#5482=CARTESIAN_POINT('Ctrl Pts',(-2.99999990847525,-2.49999994740092,-6.32455519009476));
#5483=CARTESIAN_POINT('Ctrl Pts',(-3.0097611306685,-2.37449851800066,-6.3384456539451));
#5484=CARTESIAN_POINT('Ctrl Pts',(-3.01955839995879,-2.24898363847503,-6.35231905566162));
#5485=CARTESIAN_POINT('Ctrl Pts',(-3.03914303258033,-1.99897436290825,-6.37991585591194));
#5486=CARTESIAN_POINT('Ctrl Pts',(-3.04892981876058,-1.87447995258283,-6.39363956441497));
#5487=CARTESIAN_POINT('Ctrl Pts',(-3.05874990382582,-1.75,-6.40734319139711));
#5488=CARTESIAN_POINT('',(-2.45833326627811,-2.49999994412065,-5.47326191065118));
#5489=CARTESIAN_POINT('Origin',(-12.,-2.49999994412065,-3.07809010088466E-17));
#5490=CARTESIAN_POINT('Ctrl Pts',(-2.50874999758162,-1.75,-5.56023142051068));
#5491=CARTESIAN_POINT('Ctrl Pts',(-2.49180164905787,-2.00005725901905,-5.53130078607746));
#5492=CARTESIAN_POINT('Ctrl Pts',(-2.47499340237345,-2.25009823871686,-5.50230592109255));
#5493=CARTESIAN_POINT('Ctrl Pts',(-2.45833326627811,-2.49999994412065,-5.47326191065118));
#5494=CARTESIAN_POINT('Origin',(0.00814926786079209,9.52257125900092,-0.00107270426155876));
#5495=CARTESIAN_POINT('Origin',(0.0084724577523006,9.98792470823945,-0.00107270426155878));
#5496=CARTESIAN_POINT('Origin',(0.00782607796928358,9.05721780976238,-0.00107270426155873));
#5497=CARTESIAN_POINT('Origin',(0.00847411673060178,9.99031343169568,-0.00107270426155878));
#5498=CARTESIAN_POINT('Origin',(2.611410622295,10.,-0.00107270426209505));
#5499=CARTESIAN_POINT('Origin',(2.611410622295,10.,-0.00107270426209505));
#5500=CARTESIAN_POINT('Origin',(-6.4486006619547,2.51126478273441,0.));
#5501=CARTESIAN_POINT('',(-2.75912132668436,5.09466602535965,-11.9813930848719));
#5502=CARTESIAN_POINT('Origin',(16.4416165555344,18.539167429678,0.));
#5503=CARTESIAN_POINT('',(-2.00865648996455,5.62014716119219,-11.5957641450025));
#5504=CARTESIAN_POINT('Origin',(-6.4486006619547,2.51126478273441,0.));
#5505=CARTESIAN_POINT('Origin',(15.3721581835382,17.7903246158047,-0.00107270426156103));
#5506=CARTESIAN_POINT('Origin',(16.5,10.,0.));
#5507=CARTESIAN_POINT('Origin',(0.00842773566522181,10.,-0.0010727042615577));
#5508=CARTESIAN_POINT('Origin',(16.5,10.,0.));
#5509=CARTESIAN_POINT('Origin',(0.00813958503713985,9.50862919118468,-0.00107270426155875));
#5510=CARTESIAN_POINT('Origin',(-5.70295129469834,1.44636712515872,0.));
#5511=CARTESIAN_POINT('',(-1.35539202311031,4.49056089993818,11.6478157884482));
#5512=CARTESIAN_POINT('Origin',(14.7015492170947,15.7337521969201,-4.44089209850063E-15));
#5513=CARTESIAN_POINT('',(-0.602944871109552,5.01743006787354,11.1838027494463));
#5514=CARTESIAN_POINT('Origin',(-5.70295129469834,1.44636712515872,0.));
#5515=CARTESIAN_POINT('Origin',(13.6162416641361,14.9738116670625,-0.00107270426155215));
#5516=CARTESIAN_POINT('Origin',(-5.70295129469834,1.44636712515872,0.));
#5517=CARTESIAN_POINT('',(-0.604482571742518,5.01635335829882,-11.1848475616001));
#5518=CARTESIAN_POINT('Origin',(13.6162416641361,14.9738116670625,-0.00107270426155215));
#5519=CARTESIAN_POINT('',(-1.35539202311031,4.49056089993818,-11.6478157884482));
#5520=CARTESIAN_POINT('Origin',(-5.70295129469834,1.44636712515872,0.));
#5521=CARTESIAN_POINT('Origin',(14.7015492170947,15.7337521969201,-4.44089209850063E-15));
#5522=CARTESIAN_POINT('Origin',(0.,-2.12499997206032,0.));
#5523=CARTESIAN_POINT('Origin',(0.,-2.49999994412065,0.));
#5524=CARTESIAN_POINT('Origin',(0.00679735157526431,7.57597910658044,-0.00107270426155865));
#5525=CARTESIAN_POINT('',(13.0169362424928,6.11836569207606,-2.65596579724796));
#5526=CARTESIAN_POINT('',(13.0164782683414,6.118366010141,2.65606384987209));
#5527=CARTESIAN_POINT('Ctrl Pts',(13.0169362424928,6.11836569207606,-2.65596579724796));
#5528=CARTESIAN_POINT('Ctrl Pts',(13.0419627408891,6.13850247254708,-2.62832823046827));
#5529=CARTESIAN_POINT('Ctrl Pts',(13.0667305873731,6.15839845262239,-2.60024040929312));
#5530=CARTESIAN_POINT('Ctrl Pts',(13.3122210284538,6.35529836110697,-2.31418141416422));
#5531=CARTESIAN_POINT('Ctrl Pts',(13.507359500287,6.50931670107218,-2.01996994247743));
#5532=CARTESIAN_POINT('Ctrl Pts',(13.7763466424089,6.72034818167826,-1.47779732707115));
#5533=CARTESIAN_POINT('Ctrl Pts',(13.8843418638434,6.80441592515168,-1.19370671525633));
#5534=CARTESIAN_POINT('Ctrl Pts',(14.0278762426969,6.91586455750983,-0.59870423675453));
#5535=CARTESIAN_POINT('Ctrl Pts',(14.0629806584406,6.94298407685272,-0.287638657398923));
#5536=CARTESIAN_POINT('Ctrl Pts',(14.0628946898125,6.94295355523704,0.288289928384922));
#5537=CARTESIAN_POINT('Ctrl Pts',(14.0276958182678,6.91579982891284,0.599349563328141));
#5538=CARTESIAN_POINT('Ctrl Pts',(13.8839860696683,6.80429070183378,1.19431704739637));
#5539=CARTESIAN_POINT('Ctrl Pts',(13.7759102045382,6.72019694294756,1.47837888907022));
#5540=CARTESIAN_POINT('Ctrl Pts',(13.5067661773313,6.50911497605425,2.02050545982139));
#5541=CARTESIAN_POINT('Ctrl Pts',(13.3115357174415,6.35506489917991,2.31469221283776));
#5542=CARTESIAN_POINT('Ctrl Pts',(13.0660631413792,6.15822163960383,2.60058977046896));
#5543=CARTESIAN_POINT('Ctrl Pts',(13.0413989086294,6.13841319411703,2.62854988968));
#5544=CARTESIAN_POINT('Ctrl Pts',(13.0164782683414,6.118366010141,2.65606384987209));
#5545=CARTESIAN_POINT('',(12.7505674059539,6.11855068633263,-3.73055462046271));
#5546=CARTESIAN_POINT('Origin',(0.00579130878515187,6.12740198594346,-0.00107270426155858));
#5547=CARTESIAN_POINT('',(12.7499105831454,6.11855114249878,3.7306530438594));
#5548=CARTESIAN_POINT('Ctrl Pts',(12.7499105831454,6.11855114249878,3.7306530438594));
#5549=CARTESIAN_POINT('Ctrl Pts',(12.9746373337673,6.29617368657016,3.55944325030686));
#5550=CARTESIAN_POINT('Ctrl Pts',(13.1998933422786,6.47171351284301,3.35816303286877));
#5551=CARTESIAN_POINT('Ctrl Pts',(13.6962853126147,6.85463209655135,2.82176097227882));
#5552=CARTESIAN_POINT('Ctrl Pts',(13.9515401528198,7.04829654803797,2.46307949724316));
#5553=CARTESIAN_POINT('Ctrl Pts',(14.3009572285753,7.31177911536678,1.80115619820414));
#5554=CARTESIAN_POINT('Ctrl Pts',(14.4402937016431,7.41603274346263,1.45678525198396));
#5555=CARTESIAN_POINT('Ctrl Pts',(14.626044019489,7.55463339899009,0.732709084718972));
#5556=CARTESIAN_POINT('Ctrl Pts',(14.6718472703458,7.58861739937825,0.352777927656128));
#5557=CARTESIAN_POINT('Ctrl Pts',(14.6719524727719,7.5886547496081,-0.352003407851019));
#5558=CARTESIAN_POINT('Ctrl Pts',(14.6262648970999,7.55471270021454,-0.731941886113196));
#5559=CARTESIAN_POINT('Ctrl Pts',(14.4407282453877,7.41618559711076,-1.45606172785081));
#5560=CARTESIAN_POINT('Ctrl Pts',(14.301489438551,7.31196323268853,-1.80046864914079));
#5561=CARTESIAN_POINT('Ctrl Pts',(13.9522644921115,7.04854167265868,-2.4624500581282));
#5562=CARTESIAN_POINT('Ctrl Pts',(13.6971231140442,6.8549155665081,-2.82116322377315));
#5563=CARTESIAN_POINT('Ctrl Pts',(13.2007568240646,6.47193923100375,-3.35779396171201));
#5564=CARTESIAN_POINT('Ctrl Pts',(12.9753943074718,6.29628407092007,-3.55923221985031));
#5565=CARTESIAN_POINT('Ctrl Pts',(12.7505674059539,6.11855068633263,-3.7305546204627));
#5566=CARTESIAN_POINT('Origin',(0.00579130878515187,6.12740198594346,-0.00107270426155858));
#5567=CARTESIAN_POINT('Origin',(0.00516671317977202,5.22806160748647,-0.00107270426155853));
#5568=CARTESIAN_POINT('',(15.0791878827269,5.72251040112488,2.65042183620981));
#5569=CARTESIAN_POINT('Ctrl Pts',(13.0164782683414,6.118366010141,2.65606384987209));
#5570=CARTESIAN_POINT('Ctrl Pts',(13.7039939222015,5.9868122090182,2.65375838323771));
#5571=CARTESIAN_POINT('Ctrl Pts',(14.3920749054095,5.85470877298203,2.65193402768336));
#5572=CARTESIAN_POINT('Ctrl Pts',(15.0791878827269,5.72251040112488,2.65042183620981));
#5573=CARTESIAN_POINT('',(21.9463581819978,4.36513749341581,3.7039522094094));
#5574=CARTESIAN_POINT('Ctrl Pts',(21.9463581819978,4.36513749341581,3.70395220940939));
#5575=CARTESIAN_POINT('Ctrl Pts',(20.5310066800328,4.63780964447262,3.70587859578783));
#5576=CARTESIAN_POINT('Ctrl Pts',(19.1106916014556,4.91071922462131,3.70837609629171));
#5577=CARTESIAN_POINT('Ctrl Pts',(16.0377582452499,5.49814136256353,3.71613162003607));
#5578=CARTESIAN_POINT('Ctrl Pts',(14.3870607302593,5.81196725935295,3.72164336600716));
#5579=CARTESIAN_POINT('Ctrl Pts',(12.7499105831454,6.11855114249878,3.73065304385941));
#5580=CARTESIAN_POINT('',(21.9472760452039,4.36985949025881,3.54971984219265));
#5581=CARTESIAN_POINT('Ctrl Pts',(21.9472760452039,4.36985949025881,3.54971984219265));
#5582=CARTESIAN_POINT('Ctrl Pts',(21.9468268688225,4.36754867810199,3.62679553791641));
#5583=CARTESIAN_POINT('Ctrl Pts',(21.9463581819978,4.36513749341581,3.7039522094094));
#5584=CARTESIAN_POINT('',(15.0727401067454,5.68933946930506,3.53007273470039));
#5585=CARTESIAN_POINT('Ctrl Pts',(15.0727401067454,5.68933946930506,3.53007273470039));
#5586=CARTESIAN_POINT('Ctrl Pts',(17.9192714869009,5.1471292326657,3.54305746871965));
#5587=CARTESIAN_POINT('Ctrl Pts',(21.9472760452039,4.36985949025881,3.54971984219265));
#5588=CARTESIAN_POINT('Ctrl Pts',(15.0791878827269,5.72251040112488,2.65042183620981));
#5589=CARTESIAN_POINT('Ctrl Pts',(15.0764226816364,5.70828467474987,3.08790250904793));
#5590=CARTESIAN_POINT('Ctrl Pts',(15.0727401067454,5.68933946930506,3.53007273470039));
#5591=CARTESIAN_POINT('Origin',(0.00516671317977202,5.22806160748647,-0.00107270426155853));
#5592=CARTESIAN_POINT('',(15.0792019648374,5.72258284730307,-2.65033841246047));
#5593=CARTESIAN_POINT('Ctrl Pts',(15.0792019648374,5.72258284730307,-2.65033841246046));
#5594=CARTESIAN_POINT('Ctrl Pts',(14.392245913584,5.8547545231463,-2.65184646405304));
#5595=CARTESIAN_POINT('Ctrl Pts',(13.7043122312158,5.98683371804517,-2.65366606048722));
#5596=CARTESIAN_POINT('Ctrl Pts',(13.0169362424928,6.11836569207606,-2.65596579724796));
#5597=CARTESIAN_POINT('',(15.072757086666,5.68942682342396,-3.53017878777919));
#5598=CARTESIAN_POINT('Ctrl Pts',(15.072757086666,5.68942682342396,-3.53017878777919));
#5599=CARTESIAN_POINT('Ctrl Pts',(15.0764384220613,5.70836565221602,-3.0879143124749));
#5600=CARTESIAN_POINT('Ctrl Pts',(15.0792019648374,5.72258284730307,-2.65033841246047));
#5601=CARTESIAN_POINT('',(21.9472881056475,4.36992153586252,-3.54979516923369));
#5602=CARTESIAN_POINT('Ctrl Pts',(21.9472881056475,4.36992153586252,-3.54979516923369));
#5603=CARTESIAN_POINT('Ctrl Pts',(17.9192500748621,5.14720874693767,-3.54314562006482));
#5604=CARTESIAN_POINT('Ctrl Pts',(15.072757086666,5.68942682342396,-3.53017878777919));
#5605=CARTESIAN_POINT('',(21.9463715521108,4.36520627668466,-3.70389595132599));
#5606=CARTESIAN_POINT('Ctrl Pts',(21.9463715521108,4.36520627668466,-3.70389595132599));
#5607=CARTESIAN_POINT('Ctrl Pts',(21.946839567604,4.36761400766962,-3.62680516407187));
#5608=CARTESIAN_POINT('Ctrl Pts',(21.9472881056475,4.36992153586252,-3.54979516923369));
#5609=CARTESIAN_POINT('Ctrl Pts',(12.7505674059539,6.11855068633263,-3.73055462046271));
#5610=CARTESIAN_POINT('Ctrl Pts',(14.384065490318,5.81263400986721,-3.72157734519933));
#5611=CARTESIAN_POINT('Ctrl Pts',(16.031042637218,5.49951370327301,-3.71607926421505));
#5612=CARTESIAN_POINT('Ctrl Pts',(19.1037381045538,4.91213708762797,-3.70832407193666));
#5613=CARTESIAN_POINT('Ctrl Pts',(20.5275606828147,4.63854953032139,-3.70582346082856));
#5614=CARTESIAN_POINT('Ctrl Pts',(21.9463715521108,4.36520627668466,-3.70389595132599));
#5615=CARTESIAN_POINT('Origin',(0.00467912531106512,4.52599541522239,-0.0010727042615585));
#5616=CARTESIAN_POINT('',(-2.00713980113893,5.621209158141,11.5948985076937));
#5617=CARTESIAN_POINT('Ctrl Pts',(-2.00713980113893,5.621209158141,11.5948985076937));
#5618=CARTESIAN_POINT('Ctrl Pts',(-1.53724664999915,5.40733121582715,11.4722701349756));
#5619=CARTESIAN_POINT('Ctrl Pts',(-1.0687273802265,5.20591915273361,11.3360217612244));
#5620=CARTESIAN_POINT('Ctrl Pts',(-0.602944871109552,5.01743006787353,11.1838027494463));
#5621=CARTESIAN_POINT('Origin',(15.3721581835382,17.7903246158047,-0.00107270426156103));
#5622=CARTESIAN_POINT('Ctrl Pts',(-0.604482571742519,5.01635335829882,-11.1848475616001));
#5623=CARTESIAN_POINT('Ctrl Pts',(-1.07026208183331,5.2048452171803,-11.3370042104371));
#5624=CARTESIAN_POINT('Ctrl Pts',(-1.53877425558778,5.40626252904965,-11.4731927726998));
#5625=CARTESIAN_POINT('Ctrl Pts',(-2.00865648996455,5.62014716119218,-11.5957641450025));
#5626=CARTESIAN_POINT('',(8.17799488699094,2.68125640033888,-3.78068074501215));
#5627=CARTESIAN_POINT('',(6.69331128925702,0.225745524824816,4.13992396126911E-9));
#5628=CARTESIAN_POINT('Ctrl Pts',(8.17799488699094,2.68125640033888,-3.78068074501215));
#5629=CARTESIAN_POINT('Ctrl Pts',(7.91732796137068,2.3768743182972,-3.66025648111079));
#5630=CARTESIAN_POINT('Ctrl Pts',(7.66151129253309,2.0466688953765,-3.47391463348099));
#5631=CARTESIAN_POINT('Ctrl Pts',(7.24614636912226,1.43097277767643,-2.97122177033646));
#5632=CARTESIAN_POINT('Ctrl Pts',(7.08656790420729,1.14635281442149,-2.65383016470644));
#5633=CARTESIAN_POINT('Ctrl Pts',(6.87444076880414,0.714568821762742,-2.00034194658464));
#5634=CARTESIAN_POINT('Ctrl Pts',(6.80051511034131,0.529878224410955,-1.62117154358198));
#5635=CARTESIAN_POINT('Ctrl Pts',(6.71103941230246,0.285255317477851,-0.81763629063564));
#5636=CARTESIAN_POINT('Ctrl Pts',(6.69337517679381,0.225768196199519,-0.393372787175262));
#5637=CARTESIAN_POINT('Ctrl Pts',(6.69331132249319,0.225745523576265,-0.000233607094689836));
#5638=CARTESIAN_POINT('Ctrl Pts',(6.69331130509059,0.225745521746836,-0.000116800786923481));
#5639=CARTESIAN_POINT('Ctrl Pts',(6.69331128925701,0.225745524824817,8.27984747100451E-9));
#5640=CARTESIAN_POINT('Ctrl Pts',(6.69331128925701,0.225745524824816,8.27984750206845E-9));
#5641=CARTESIAN_POINT('Ctrl Pts',(6.69325802748175,0.225755878693728,0.392928300023043));
#5642=CARTESIAN_POINT('Ctrl Pts',(6.7107872598883,0.285198531703287,0.817075986743657));
#5643=CARTESIAN_POINT('Ctrl Pts',(6.79998293171537,0.529703284500049,1.62055333985111));
#5644=CARTESIAN_POINT('Ctrl Pts',(6.87377932606181,0.714360182889341,1.99976888983715));
#5645=CARTESIAN_POINT('Ctrl Pts',(7.08568000161869,1.14608516028881,2.65333588513471));
#5646=CARTESIAN_POINT('Ctrl Pts',(7.24513947881325,1.43066742639147,2.97077154363288));
#5647=CARTESIAN_POINT('Ctrl Pts',(7.6603125671862,2.04629991543823,3.47356852334853));
#5648=CARTESIAN_POINT('Ctrl Pts',(7.91605667142234,2.37647913931908,3.65997021465697));
#5649=CARTESIAN_POINT('Ctrl Pts',(8.63887366846812,3.22061561238639,3.99412427098427));
#5650=CARTESIAN_POINT('Ctrl Pts',(9.20126257444368,3.78338071226193,4.04986492785864));
#5651=CARTESIAN_POINT('Ctrl Pts',(10.3511077378448,4.83757557628217,3.86025166363519));
#5652=CARTESIAN_POINT('Ctrl Pts',(10.9369894030192,5.33057144847656,3.61406369064184));
#5653=CARTESIAN_POINT('Ctrl Pts',(11.6878429982746,5.94200447955238,3.08449877475597));
#5654=CARTESIAN_POINT('Ctrl Pts',(11.944786482616,6.14708909855215,2.86269164090176));
#5655=CARTESIAN_POINT('Ctrl Pts',(12.4066633446841,6.51058851488008,2.34357005745132));
#5656=CARTESIAN_POINT('Ctrl Pts',(12.6110640771619,6.66883127884296,2.04566155820761));
#5657=CARTESIAN_POINT('Ctrl Pts',(12.8919056384849,6.88491845205865,1.49636519916809));
#5658=CARTESIAN_POINT('Ctrl Pts',(13.0043126350091,6.9707274690577,1.20951655054705));
#5659=CARTESIAN_POINT('Ctrl Pts',(13.1539643376849,7.08464988021432,0.607628270141097));
#5660=CARTESIAN_POINT('Ctrl Pts',(13.1907371824011,7.11248135033237,0.292418092539198));
#5661=CARTESIAN_POINT('Ctrl Pts',(13.1908320572517,7.11251503736246,-0.29170890672693));
#5662=CARTESIAN_POINT('Ctrl Pts',(13.1541634909604,7.08472136074634,-0.606925661144561));
#5663=CARTESIAN_POINT('Ctrl Pts',(13.0047049241349,6.97086551947618,-1.20885292487844));
#5664=CARTESIAN_POINT('Ctrl Pts',(12.8923864883402,6.8850849760617,-1.4957336556727));
#5665=CARTESIAN_POINT('Ctrl Pts',(12.6117181060295,6.6690532028889,-2.0450815919941));
#5666=CARTESIAN_POINT('Ctrl Pts',(12.4074192534441,6.51084526448119,-2.34301799082604));
#5667=CARTESIAN_POINT('Ctrl Pts',(11.9457260658506,6.14740790584659,-2.8622069242258));
#5668=CARTESIAN_POINT('Ctrl Pts',(11.6888646056493,5.94235062106557,-3.0840534978475));
#5669=CARTESIAN_POINT('Ctrl Pts',(10.9381780571856,5.33095515309687,-3.61376580008735));
#5670=CARTESIAN_POINT('Ctrl Pts',(10.3523739997805,4.8379657165382,-3.86005383873114));
#5671=CARTESIAN_POINT('Ctrl Pts',(9.20261541529567,3.78377975500776,-4.04986997948597));
#5672=CARTESIAN_POINT('Ctrl Pts',(8.64023537686838,3.22101694870179,-3.99422901396279));
#5673=CARTESIAN_POINT('Ctrl Pts',(8.17799488699094,2.68125640033888,-3.78068074501215));
#5674=CARTESIAN_POINT('Origin',(0.,9.00000013411045,0.));
#5675=CARTESIAN_POINT('Origin',(0.,8.50000012665987,0.));
#5676=CARTESIAN_POINT('Origin',(-5.70295129469834,1.44636712515872,0.));
#5677=CARTESIAN_POINT('Ctrl Pts',(-1.35539202311031,4.49056089993818,-11.6478157884482));
#5678=CARTESIAN_POINT('Ctrl Pts',(-1.82280679029586,4.67987122003634,-11.7728019775545));
#5679=CARTESIAN_POINT('Ctrl Pts',(-2.29096796122145,4.88139137015671,-11.8832185111801));
#5680=CARTESIAN_POINT('Ctrl Pts',(-2.75912132668436,5.09466602535965,-11.9813930848719));
#5681=CARTESIAN_POINT('Origin',(25.3054470947904,0.68277959305291,8.0316735433647E-17));
#5682=CARTESIAN_POINT('',(21.8695369931788,3.9699267379657,3.06417777247591));
#5683=CARTESIAN_POINT('',(21.4725581066213,1.92764741287095,0.584729603350997));
#5684=CARTESIAN_POINT('',(14.9981467090452,5.30558970560152,3.06417777247591));
#5685=CARTESIAN_POINT('',(14.0165195255975,5.49639870097806,3.06417777247591));
#5686=CARTESIAN_POINT('',(14.5075480768661,2.7816785421949,5.33079134446402E-17));
#5687=CARTESIAN_POINT('Origin',(21.832109725019,3.77738013524728,0.));
#5688=CARTESIAN_POINT('',(21.3789383609997,1.44601557455908,4.75));
#5689=CARTESIAN_POINT('Origin',(21.3789383609997,1.44601557455908,0.));
#5690=CARTESIAN_POINT('',(21.3789383609997,1.44601557455908,4.));
#5691=CARTESIAN_POINT('',(21.3789383609997,1.44601557455908,5.00000007450581));
#5692=CARTESIAN_POINT('Origin',(21.3789383609997,1.44601557455908,0.));
#5693=CARTESIAN_POINT('Origin',(13.5259208934184,2.97248753757144,0.));
#5694=CARTESIAN_POINT('',(21.3789383609997,1.44601557455908,-4.75));
#5695=CARTESIAN_POINT('Origin',(21.3789383609997,1.44601557455908,0.));
#5696=CARTESIAN_POINT('',(9.8819555127616,3.68080265475065,-4.75));
#5697=CARTESIAN_POINT('',(13.5259208934184,2.97248753757144,-4.75));
#5698=CARTESIAN_POINT('',(10.4949550658505,4.25000006332994,-4.70169353607136));
#5699=CARTESIAN_POINT('Ctrl Pts',(10.4949550658505,4.25000006332994,-4.70169353607136));
#5700=CARTESIAN_POINT('Ctrl Pts',(10.4738621458339,4.23096522907212,-4.70495728692139));
#5701=CARTESIAN_POINT('Ctrl Pts',(10.4527834769374,4.21189209787019,-4.70805811784129));
#5702=CARTESIAN_POINT('Ctrl Pts',(10.2463939225415,4.02462440691661,-4.73684029451614));
#5703=CARTESIAN_POINT('Ctrl Pts',(10.0624042905208,3.85360334126387,-4.75));
#5704=CARTESIAN_POINT('Ctrl Pts',(9.8819555127616,3.68080265475065,-4.75));
#5705=CARTESIAN_POINT('',(10.4949550658505,4.25000006332994,4.70169353607136));
#5706=CARTESIAN_POINT('Ctrl Pts',(10.4949550658505,4.25000006332994,4.70169353607136));
#5707=CARTESIAN_POINT('Ctrl Pts',(11.1756211888251,4.86425199362186,4.59637266842037));
#5708=CARTESIAN_POINT('Ctrl Pts',(11.8705765019581,5.43861993642648,4.31780546148398));
#5709=CARTESIAN_POINT('Ctrl Pts',(12.7790107861416,6.16542772921227,3.70707807055264));
#5710=CARTESIAN_POINT('Ctrl Pts',(13.0980088334349,6.41542704615675,3.44331887271374));
#5711=CARTESIAN_POINT('Ctrl Pts',(13.6725595339156,6.85931735560021,2.82165987347516));
#5712=CARTESIAN_POINT('Ctrl Pts',(13.9274587172176,7.05300832130914,2.46301370548144));
#5713=CARTESIAN_POINT('Ctrl Pts',(14.2764475905691,7.31657893356859,1.80108842818541));
#5714=CARTESIAN_POINT('Ctrl Pts',(14.4156303780236,7.42088309333438,1.45663059650223));
#5715=CARTESIAN_POINT('Ctrl Pts',(14.6011270027238,7.55952912290616,0.732413464150206));
#5716=CARTESIAN_POINT('Ctrl Pts',(14.6468319283457,7.59350880512366,0.352429053141113));
#5717=CARTESIAN_POINT('Ctrl Pts',(14.6468319283457,7.59350880512366,-0.35242905314111));
#5718=CARTESIAN_POINT('Ctrl Pts',(14.6011270027238,7.55952912290616,-0.732413464150203));
#5719=CARTESIAN_POINT('Ctrl Pts',(14.4156303780236,7.42088309333438,-1.45663059650222));
#5720=CARTESIAN_POINT('Ctrl Pts',(14.2764475905691,7.31657893356859,-1.80108842818541));
#5721=CARTESIAN_POINT('Ctrl Pts',(13.9274587172176,7.05300832130915,-2.46301370548143));
#5722=CARTESIAN_POINT('Ctrl Pts',(13.6725595339156,6.85931735560022,-2.82165987347516));
#5723=CARTESIAN_POINT('Ctrl Pts',(13.0980088334349,6.41542704615675,-3.44331887271374));
#5724=CARTESIAN_POINT('Ctrl Pts',(12.7790107861416,6.16542772921227,-3.70707807055264));
#5725=CARTESIAN_POINT('Ctrl Pts',(11.8705765019581,5.43861993642648,-4.31780546148398));
#5726=CARTESIAN_POINT('Ctrl Pts',(11.1756211888251,4.86425199362186,-4.59637266842037));
#5727=CARTESIAN_POINT('Ctrl Pts',(10.4949550658505,4.25000006332994,-4.70169353607136));
#5728=CARTESIAN_POINT('',(9.8819555127616,3.68080265475065,4.75000000000001));
#5729=CARTESIAN_POINT('Ctrl Pts',(9.8819555127616,3.68080265475065,4.75));
#5730=CARTESIAN_POINT('Ctrl Pts',(10.0624042905208,3.85360334126387,4.75));
#5731=CARTESIAN_POINT('Ctrl Pts',(10.2463939225415,4.02462440691661,4.73684029451615));
#5732=CARTESIAN_POINT('Ctrl Pts',(10.4527834769374,4.21189209787018,4.70805811784129));
#5733=CARTESIAN_POINT('Ctrl Pts',(10.4738621458339,4.23096522907212,4.70495728692139));
#5734=CARTESIAN_POINT('Ctrl Pts',(10.4949550658505,4.25000006332994,4.70169353607136));
#5735=CARTESIAN_POINT('',(13.5259208934184,2.97248753757144,4.75));
#5736=CARTESIAN_POINT('Origin',(14.9982825091227,5.30628833643552,3.77080013414556E-17));
#5737=CARTESIAN_POINT('',(14.9981467090452,5.30558970560152,-3.06417777247591));
#5738=CARTESIAN_POINT('Origin',(14.5075480768661,2.7816785421949,0.));
#5739=CARTESIAN_POINT('',(14.5075480768661,2.7816785421949,5.33079134446402E-17));
#5740=CARTESIAN_POINT('Origin',(21.832109725019,3.77738013524728,0.));
#5741=CARTESIAN_POINT('',(21.8695369931788,3.9699267379657,-3.06417777247591));
#5742=CARTESIAN_POINT('',(21.7879961193224,3.5504353079021,-2.55489030848685));
#5743=CARTESIAN_POINT('',(21.3789383609997,1.44601557455908,-4.));
#5744=CARTESIAN_POINT('Origin',(21.3789383609997,1.44601557455908,0.));
#5745=CARTESIAN_POINT('',(21.3789383609997,1.44601557455908,5.00000007450581));
#5746=CARTESIAN_POINT('Origin',(25.9363231201926,3.92835538311522,-3.94032141027171));
#5747=CARTESIAN_POINT('',(14.0165195255975,5.49639870097806,-3.06417777247591));
#5748=CARTESIAN_POINT('Origin',(14.9982825091227,5.30628833643552,3.77080013414556E-17));
#5749=CARTESIAN_POINT('Origin',(14.5075480768661,2.7816785421949,0.));
#5750=CARTESIAN_POINT('Origin',(6.5,-2.49999994412065,0.));
#5751=CARTESIAN_POINT('Origin',(0.,4.25000006332994,0.));
#5752=CARTESIAN_POINT('',(-2.75912132668436,5.09466602535965,11.9813930848719));
#5753=CARTESIAN_POINT('Origin',(16.4416165555344,18.539167429678,0.));
#5754=CARTESIAN_POINT('Ctrl Pts',(-2.75912132668436,5.09466602535965,11.9813930848719));
#5755=CARTESIAN_POINT('Ctrl Pts',(-2.29096713710556,4.88139099471771,11.883218338358));
#5756=CARTESIAN_POINT('Ctrl Pts',(-1.82280599650451,4.67987089853838,11.7728017652956));
#5757=CARTESIAN_POINT('Ctrl Pts',(-1.35539202311031,4.49056089993818,11.6478157884482));
#5758=CARTESIAN_POINT('',(10.1549436021592,3.62773914554263,4.));
#5759=CARTESIAN_POINT('Origin',(-2.41752914764066,6.07158028527427,0.));
#5760=CARTESIAN_POINT('',(10.1549436021592,3.62773914554263,-4.));
#5761=CARTESIAN_POINT('Origin',(-2.41752914764066,6.07158028527427,0.));
#5762=CARTESIAN_POINT('',(7.55485108016658,0.0582791539333686,4.87790646466224E-16));
#5763=CARTESIAN_POINT('Ctrl Pts',(10.1549436021592,3.62773914554263,-4.));
#5764=CARTESIAN_POINT('Ctrl Pts',(9.80673874210753,3.28351312876098,-4.));
#5765=CARTESIAN_POINT('Ctrl Pts',(9.47480216617496,2.93313588314902,-3.938020738556));
#5766=CARTESIAN_POINT('Ctrl Pts',(9.17980212741148,2.59370327687945,-3.81540960112532));
#5767=CARTESIAN_POINT('Ctrl Pts',(8.90583670570616,2.27847349756495,-3.70154110092862));
#5768=CARTESIAN_POINT('Ctrl Pts',(8.63417256905298,1.93655563402729,-3.51937796714241));
#5769=CARTESIAN_POINT('Ctrl Pts',(8.18537290682618,1.2988304737883,-3.01724373657095));
#5770=CARTESIAN_POINT('Ctrl Pts',(8.00825562864313,1.00386001041825,-2.69619445534041));
#5771=CARTESIAN_POINT('Ctrl Pts',(7.769336266916,0.559133440895391,-2.03282830046997));
#5772=CARTESIAN_POINT('Ctrl Pts',(7.68319888863817,0.370028506173148,-1.64896773965007));
#5773=CARTESIAN_POINT('Ctrl Pts',(7.5769243207764,0.119381813412638,-0.832858807059065));
#5774=CARTESIAN_POINT('Ctrl Pts',(7.55485108016658,0.0582791539333685,-0.400728903748047));
#5775=CARTESIAN_POINT('Ctrl Pts',(7.55485108016658,0.0582791539333685,-2.77555756156289E-16));
#5776=CARTESIAN_POINT('Ctrl Pts',(7.55485108016658,0.0582791539333685,-6.24500451351651E-16));
#5777=CARTESIAN_POINT('Ctrl Pts',(7.55485108016658,0.0582791539333686,0.400728903748047));
#5778=CARTESIAN_POINT('Ctrl Pts',(7.5769243207764,0.119381813412638,0.832858807059065));
#5779=CARTESIAN_POINT('Ctrl Pts',(7.68319888863817,0.370028506173148,1.64896773965007));
#5780=CARTESIAN_POINT('Ctrl Pts',(7.769336266916,0.559133440895391,2.03282830046997));
#5781=CARTESIAN_POINT('Ctrl Pts',(8.00825562864313,1.00386001041825,2.69619445534042));
#5782=CARTESIAN_POINT('Ctrl Pts',(8.18537290682618,1.2988304737883,3.01724373657095));
#5783=CARTESIAN_POINT('Ctrl Pts',(8.63417256905298,1.93655563402729,3.51937796714241));
#5784=CARTESIAN_POINT('Ctrl Pts',(8.90583670570616,2.27847349756495,3.70154110092862));
#5785=CARTESIAN_POINT('Ctrl Pts',(9.47480216617496,2.93313588314902,3.938020738556));
#5786=CARTESIAN_POINT('Ctrl Pts',(9.80673874210753,3.28351312876098,4.));
#5787=CARTESIAN_POINT('Ctrl Pts',(10.1549436021592,3.62773914554263,4.));
#5788=CARTESIAN_POINT('Origin',(13.5259208934184,2.97248753757144,0.));
#5789=CARTESIAN_POINT('',(13.5259208934184,2.97248753757144,4.));
#5790=CARTESIAN_POINT('',(12.7626849119122,-0.954021196219216,4.89858719658941E-16));
#5791=CARTESIAN_POINT('',(13.5259208934184,2.97248753757144,-4.));
#5792=CARTESIAN_POINT('Origin',(-6.4486006619547,2.51126478273441,0.));
#5793=CARTESIAN_POINT('Origin',(-6.4486006619547,2.51126478273441,0.));
#5794=CARTESIAN_POINT('Origin',(-5.70295129469834,1.44636712515872,0.));
#5795=CARTESIAN_POINT('Origin',(0.,-2.12499997206032,0.));
#5796=CARTESIAN_POINT('Origin',(0.,-2.49999994412065,0.));
#5797=CARTESIAN_POINT('Origin',(5.99999986588955,-2.49999994412065,0.));
#5798=CARTESIAN_POINT('Origin',(13.5259208934184,2.97248753757144,-4.));
#5799=CARTESIAN_POINT('Origin',(13.5259208934184,2.97248753757144,4.75));
#5800=CARTESIAN_POINT('',(0.,0.,0.));
#5801=CARTESIAN_POINT('Origin',(11.1713911174703,10.564598578025,-11.8097343650247));
#5802=CARTESIAN_POINT('',(10.9937467512416,11.746975128197,-11.6215017255725));
#5803=CARTESIAN_POINT('',(10.9989617699479,9.996993445471,-11.6275773904171));
#5804=CARTESIAN_POINT('',(10.9977968200183,10.3879107466186,-11.6262201862091));
#5805=CARTESIAN_POINT('',(11.5090575639982,11.7504026702846,-12.1664265077318));
#5806=CARTESIAN_POINT('',(11.2514021576199,11.7486888992408,-11.8939641166521));
#5807=CARTESIAN_POINT('',(11.5148072837364,9.82099363279457,-12.1731251165091));
#5808=CARTESIAN_POINT('',(11.5119324238673,10.7856981515396,-12.1697758121204));
#5809=CARTESIAN_POINT('',(11.001846888795,9.02884636504013,-11.6309386468457));
#5810=CARTESIAN_POINT('',(10.0639946600254,7.58055310906229,-10.6396520017225));
#5811=CARTESIAN_POINT('',(11.0004043293715,9.51291990525556,-11.6292580186314));
#5812=CARTESIAN_POINT('Origin',(0.00257638339117703,7.58360291319236,-1.49077798716557E-18));
#5813=CARTESIAN_POINT('',(-11.6326191727163,9.03570729519713,-10.9938633486025));
#5814=CARTESIAN_POINT('Origin',(0.00301547430522746,9.03218031663141,-1.49077798716566E-18));
#5815=CARTESIAN_POINT('',(-12.1698689211975,9.8281729012956,11.5115521765101));
#5816=CARTESIAN_POINT('Origin',(0.00325563607248114,9.82448299948157,-4.44089209850063E-15));
#5817=CARTESIAN_POINT('',(-11.6279226382097,9.03570587158964,10.9988319197813));
#5818=CARTESIAN_POINT('',(-11.8988957797036,9.43193938644262,11.2551920481457));
#5819=CARTESIAN_POINT('',(-11.6326191727163,9.03570729519713,10.9938633486025));
#5820=CARTESIAN_POINT('Origin',(0.00301547430522746,9.03218031663141,-1.49077798716566E-18));
#5821=CARTESIAN_POINT('',(-10.9719073124046,8.50097772338227,10.9518503527859));
#5822=CARTESIAN_POINT('Ctrl Pts',(-11.6326191727163,9.03570729519713,10.9938633486025));
#5823=CARTESIAN_POINT('Ctrl Pts',(-11.4111563670799,8.85928789996516,10.9864627482705));
#5824=CARTESIAN_POINT('Ctrl Pts',(-11.1908135368627,8.68101712383934,10.9723998959711));
#5825=CARTESIAN_POINT('Ctrl Pts',(-10.9719073372168,8.50097769672095,10.9518503220566));
#5826=CARTESIAN_POINT('',(-10.9719073124046,8.50097772338227,-10.9518503527859));
#5827=CARTESIAN_POINT('Ctrl Pts',(-10.971907327247,8.50097772337687,-10.9518503675851));
#5828=CARTESIAN_POINT('Ctrl Pts',(-10.9685690396416,8.50097872939554,-10.9551983289226));
#5829=CARTESIAN_POINT('Ctrl Pts',(-10.9652297735944,8.50097973570909,-10.9585442099983));
#5830=CARTESIAN_POINT('Ctrl Pts',(-10.2738921485867,8.50118807563355,-11.6506185239949));
#5831=CARTESIAN_POINT('Ctrl Pts',(-9.49650370432261,8.501422348557,-12.2970669637254));
#5832=CARTESIAN_POINT('Ctrl Pts',(-7.80357683551696,8.50193253016134,-13.4367100458446));
#5833=CARTESIAN_POINT('Ctrl Pts',(-6.88808609521028,8.50220842449083,-13.9299755210301));
#5834=CARTESIAN_POINT('Ctrl Pts',(-4.97835913518682,8.50278394779566,-14.7224491645033));
#5835=CARTESIAN_POINT('Ctrl Pts',(-3.98260283042208,8.50308403488351,-15.0222881220133));
#5836=CARTESIAN_POINT('Ctrl Pts',(-1.98017823767132,8.50368750153751,-15.4160939953382));
#5837=CARTESIAN_POINT('Ctrl Pts',(-0.97349347350856,8.50399088607406,-15.5099771284331));
#5838=CARTESIAN_POINT('Ctrl Pts',(0.974066223676228,8.50457782567102,-15.511444477268));
#5839=CARTESIAN_POINT('Ctrl Pts',(1.98146497907495,8.50488142913861,-15.4189693120661));
#5840=CARTESIAN_POINT('Ctrl Pts',(3.98555756959921,8.50548541384104,-15.0277409117983));
#5841=CARTESIAN_POINT('Ctrl Pts',(4.98226781033089,8.5057858000151,-14.7290717201961));
#5842=CARTESIAN_POINT('Ctrl Pts',(6.89406060702454,8.50636197506464,-13.9386215934641));
#5843=CARTESIAN_POINT('Ctrl Pts',(7.81066638492507,8.50663822299457,-13.4462108705744));
#5844=CARTESIAN_POINT('Ctrl Pts',(9.50587980428353,8.50714913139397,-12.307923655963));
#5845=CARTESIAN_POINT('Ctrl Pts',(10.2844397098288,8.50738377745791,-11.6619760743328));
#5846=CARTESIAN_POINT('Ctrl Pts',(11.6629983811908,8.50779925561716,-10.2848861483018));
#5847=CARTESIAN_POINT('Ctrl Pts',(12.3100077457056,8.50799425606073,-9.50667377947661));
#5848=CARTESIAN_POINT('Ctrl Pts',(13.4504192973926,8.50833796282452,-7.81191590639388));
#5849=CARTESIAN_POINT('Ctrl Pts',(13.9438926692023,8.50848669057848,-6.89541830374655));
#5850=CARTESIAN_POINT('Ctrl Pts',(14.7363889183625,8.50872554120559,-4.9836045807075));
#5851=CARTESIAN_POINT('Ctrl Pts',(15.0360436561364,8.50881585450195,-3.98676416718856));
#5852=CARTESIAN_POINT('Ctrl Pts',(15.4290943019772,8.50893431657671,-1.98220592433844));
#5853=CARTESIAN_POINT('Ctrl Pts',(15.5224060118524,8.50896243997518,-0.974471586474112));
#5854=CARTESIAN_POINT('Ctrl Pts',(15.5224060118524,8.50896243997518,-3.76158192263132E-34));
#5855=CARTESIAN_POINT('Ctrl Pts',(15.5224060118524,8.50896243997518,0.97447158647411));
#5856=CARTESIAN_POINT('Ctrl Pts',(15.4290943019772,8.50893431657671,1.98220592433843));
#5857=CARTESIAN_POINT('Ctrl Pts',(15.0360436561364,8.50881585450195,3.98676416718855));
#5858=CARTESIAN_POINT('Ctrl Pts',(14.7363889183625,8.50872554120559,4.98360458070748));
#5859=CARTESIAN_POINT('Ctrl Pts',(13.9438926692023,8.50848669057848,6.89541830374653));
#5860=CARTESIAN_POINT('Ctrl Pts',(13.4504192973926,8.50833796282452,7.81191590639387));
#5861=CARTESIAN_POINT('Ctrl Pts',(12.3100077457056,8.50799425606073,9.5066737794766));
#5862=CARTESIAN_POINT('Ctrl Pts',(11.6629983811908,8.50779925561715,10.2848861483018));
#5863=CARTESIAN_POINT('Ctrl Pts',(10.2844397098288,8.5073837774579,11.6619760743328));
#5864=CARTESIAN_POINT('Ctrl Pts',(9.50587980428353,8.50714913139397,12.307923655963));
#5865=CARTESIAN_POINT('Ctrl Pts',(7.81066638492507,8.50663822299457,13.4462108705744));
#5866=CARTESIAN_POINT('Ctrl Pts',(6.89406060702455,8.50636197506465,13.9386215934641));
#5867=CARTESIAN_POINT('Ctrl Pts',(4.9822678103309,8.5057858000151,14.7290717201961));
#5868=CARTESIAN_POINT('Ctrl Pts',(3.98555756959922,8.50548541384104,15.0277409117983));
#5869=CARTESIAN_POINT('Ctrl Pts',(1.98146497907496,8.50488142913861,15.4189693120661));
#5870=CARTESIAN_POINT('Ctrl Pts',(0.974066223676233,8.50457782567102,15.511444477268));
#5871=CARTESIAN_POINT('Ctrl Pts',(-0.973493473508559,8.50399088607406,15.5099771284331));
#5872=CARTESIAN_POINT('Ctrl Pts',(-1.98017823767132,8.50368750153751,15.4160939953382));
#5873=CARTESIAN_POINT('Ctrl Pts',(-3.98260283042208,8.50308403488351,15.0222881220133));
#5874=CARTESIAN_POINT('Ctrl Pts',(-4.97835913518682,8.50278394779566,14.7224491645033));
#5875=CARTESIAN_POINT('Ctrl Pts',(-6.88808609521027,8.50220842449083,13.9299755210301));
#5876=CARTESIAN_POINT('Ctrl Pts',(-7.80357683551695,8.50193253016133,13.4367100458446));
#5877=CARTESIAN_POINT('Ctrl Pts',(-9.4965037043226,8.50142234855699,12.2970669637254));
#5878=CARTESIAN_POINT('Ctrl Pts',(-10.2738921485867,8.50118807563355,11.6506185239949));
#5879=CARTESIAN_POINT('Ctrl Pts',(-10.9652297735944,8.50097973570909,10.9585442099983));
#5880=CARTESIAN_POINT('Ctrl Pts',(-10.9685690396416,8.50097872939554,10.9551983289226));
#5881=CARTESIAN_POINT('Ctrl Pts',(-10.971907327247,8.50097772337687,10.9518503675851));
#5882=CARTESIAN_POINT('Ctrl Pts',(-10.9719073372168,8.50097769672095,-10.9518503220566));
#5883=CARTESIAN_POINT('Ctrl Pts',(-11.1908133244382,8.6810169491308,-10.97239987603));
#5884=CARTESIAN_POINT('Ctrl Pts',(-11.411156393866,8.85928792130321,-10.9864627491656));
#5885=CARTESIAN_POINT('Ctrl Pts',(-11.6326191727163,9.03570729519713,-10.9938633486025));
#5886=CARTESIAN_POINT('Origin',(0.00354805577084723,10.7891865581649,-1.49077798716545E-18));
#5887=CARTESIAN_POINT('',(-12.1625854733312,11.7575779881887,11.5052176170841));
#5888=CARTESIAN_POINT('Origin',(0.00384047546920785,11.7538901168482,-1.66680983653692E-15));
#5889=CARTESIAN_POINT('',(-12.1662271972643,10.7928754447421,11.5083848967971));
#5890=CARTESIAN_POINT('Origin',(0.00342743173757666,10.3912433456862,-1.49077798716543E-18));
#5891=CARTESIAN_POINT('',(-0.320735523288111,10.0000056750717,16.0000002384186));
#5892=CARTESIAN_POINT('',(0.327308182851224,10.,16.0000002384186));
#5893=CARTESIAN_POINT('Origin',(0.00330893750741031,10.0003264335746,-1.49077798716571E-18));
#5894=CARTESIAN_POINT('',(-11.6242824560313,10.,10.9956659809632));
#5895=CARTESIAN_POINT('Origin',(0.00328565915580059,10.,-2.22044604925031E-15));
#5896=CARTESIAN_POINT('',(-11.6176618025052,11.753829069192,10.9899078669532));
#5897=CARTESIAN_POINT('',(-11.6227922203575,10.3947674703908,10.9943698933673));
#5898=CARTESIAN_POINT('Origin',(0.00383938916992399,11.750306374741,-1.66842840734003E-15));
#5899=CARTESIAN_POINT('',(1.08022555028376,10.,15.9670034381243));
#5900=CARTESIAN_POINT('Origin',(0.00330893750741031,10.0003264335746,-1.49077798716571E-18));
#5901=CARTESIAN_POINT('Origin',(0.00328565915580059,10.,-2.22044604925031E-15));
#5902=CARTESIAN_POINT('Origin',(-11.8062528174097,10.5715635318163,11.1679106254592));
#5903=CARTESIAN_POINT('',(-11.6260952784715,9.5197784206314,10.9972426286837));
#5904=CARTESIAN_POINT('',(-11.8901236379182,11.7557035286903,11.2475627420187));
#5905=CARTESIAN_POINT('Origin',(0.00383993231956834,11.7520982457946,-1.49077798716551E-18));
#5906=CARTESIAN_POINT('Origin',(0.00316220590631888,9.51625337510299,-1.49077798716569E-18));
#5907=CARTESIAN_POINT('',(-11.6261916850182,10.,10.993646680863));
#5908=CARTESIAN_POINT('Origin',(0.00328565915580059,10.,-2.22044604925031E-15));
#5909=CARTESIAN_POINT('Ctrl Pts',(-11.6261916850183,10.,10.993646680863));
#5910=CARTESIAN_POINT('Ctrl Pts',(-11.6283335706423,9.67860878497524,10.993719509714));
#5911=CARTESIAN_POINT('Ctrl Pts',(-11.63047658284,9.35710042343778,10.9937917498918));
#5912=CARTESIAN_POINT('Ctrl Pts',(-11.6326191727163,9.03570729519713,10.9938633486025));
#5913=CARTESIAN_POINT('Origin',(0.00316220590631888,9.51625337510299,-1.49077798716569E-18));
#5914=CARTESIAN_POINT('',(-11.6261916850183,10.,-10.993646680863));
#5915=CARTESIAN_POINT('Ctrl Pts',(-11.6326191727163,9.03570729519713,-10.9938633486025));
#5916=CARTESIAN_POINT('Ctrl Pts',(-11.63047658284,9.35710042343717,-10.9937917498918));
#5917=CARTESIAN_POINT('Ctrl Pts',(-11.6283335706423,9.67860878497462,-10.993719509714));
#5918=CARTESIAN_POINT('Ctrl Pts',(-11.6261916850183,10.,-10.993646680863));
#5919=CARTESIAN_POINT('',(1.08022555028376,10.,-15.9670034381243));
#5920=CARTESIAN_POINT('Origin',(0.00328565915580059,10.,-2.22044604925031E-15));
#5921=CARTESIAN_POINT('Origin',(0.00330893750741031,10.0003264335746,-1.49077798716571E-18));
#5922=CARTESIAN_POINT('Origin',(5.84880289226531E-15,-1.74999999999998,
6.50000000000001));
#5923=CARTESIAN_POINT('',(6.66910590033759E-15,-1.73758185929496,-6.49965288786401));
#5924=CARTESIAN_POINT('',(6.66917161691784E-15,-1.73758185929496,-6.49999999999999));
#5925=CARTESIAN_POINT('',(5.55565323276332E-15,-1.73758185929496,3.25));
#5926=CARTESIAN_POINT('',(7.76523429664798E-15,0.,-6.49965288670484));
#5927=CARTESIAN_POINT('',(7.21687317653714E-15,-0.869275955177234,-6.49965288726649));
#5928=CARTESIAN_POINT('',(7.73400175789558E-15,5.58793544769287E-8,-5.99999986588955));
#5929=CARTESIAN_POINT('',(6.65818410506734E-15,0.,3.25));
#5930=CARTESIAN_POINT('',(7.74030980801361E-15,0.0100000000000244,-5.99999986588955));
#5931=CARTESIAN_POINT('',(6.15698041609849E-15,-2.49999994412065,-5.99999986588955));
#5932=CARTESIAN_POINT('',(7.7715611723761E-15,0.0100000000000242,-6.49999999999999));
#5933=CARTESIAN_POINT('',(7.7715611723761E-15,0.0100000000000242,-6.49999999999999));
#5934=CARTESIAN_POINT('',(6.66133814775094E-15,-1.74999999999998,-6.49999999999999));
#5935=CARTESIAN_POINT('Origin',(-3.94750756549035,0.0100000000000194,7.7715611723761E-15));
#5936=CARTESIAN_POINT('',(-2.4583332662781,0.0100000000000183,-5.47326191065118));
#5937=CARTESIAN_POINT('Origin',(0.,0.0100000000000194,0.));
#5938=CARTESIAN_POINT('',(-3.12588032535056,0.0100000000000228,-6.49999999999999));
#5939=CARTESIAN_POINT('Origin',(-12.,0.0100000000000183,-7.51623156075576E-16));
#5940=CARTESIAN_POINT('',(-7.89501513098071,0.0100000000000219,-6.49999999999999));
#5941=CARTESIAN_POINT('Origin',(-3.94750756549035,0.0100000000000194,7.7715611723761E-15));
#5942=CARTESIAN_POINT('',(6.99027728125295E-15,0.01000000000002,5.99999986588955));
#5943=CARTESIAN_POINT('',(-2.4583332662781,0.0100000000000183,5.47326191065118));
#5944=CARTESIAN_POINT('Origin',(0.,0.0100000000000194,0.));
#5945=CARTESIAN_POINT('',(9.99200722162641E-15,0.0100000000000219,6.50000000000001));
#5946=CARTESIAN_POINT('',(7.7715611723761E-15,0.0100000000000242,-6.49999999999999));
#5947=CARTESIAN_POINT('',(-3.12588032535058,0.0100000000000236,6.50000000000001));
#5948=CARTESIAN_POINT('',(9.99200722162641E-15,0.0100000000000219,6.50000000000001));
#5949=CARTESIAN_POINT('Origin',(-12.,0.0100000000000183,-7.51623156075576E-16));
#5950=CARTESIAN_POINT('Origin',(5.84880289226531E-15,-1.74999999999998,
6.50000000000001));
#5951=CARTESIAN_POINT('',(6.98396923113492E-15,5.58793544769287E-8,5.99999986588955));
#5952=CARTESIAN_POINT('',(5.40694788933782E-15,-2.49999994412065,5.99999986588955));
#5953=CARTESIAN_POINT('',(6.95274243220696E-15,0.,6.49965288670484));
#5954=CARTESIAN_POINT('',(6.65818410506734E-15,0.,3.25));
#5955=CARTESIAN_POINT('',(5.85661403575166E-15,-1.73758185929496,6.49965288786401));
#5956=CARTESIAN_POINT('',(6.40439917353082E-15,-0.869275955177234,6.49965288726649));
#5957=CARTESIAN_POINT('',(8.88961766616816E-15,-1.73758185929496,6.50000000000001));
#5958=CARTESIAN_POINT('',(5.55565323276332E-15,-1.73758185929496,3.25));
#5959=CARTESIAN_POINT('',(8.88178419700125E-15,-1.74999999999998,6.50000000000001));
#5960=CARTESIAN_POINT('Origin',(-7.89501513098071,-1.74999999999997,6.50000000000001));
#5961=CARTESIAN_POINT('',(-2.85284738794271,-1.73671710787453,6.50000000000001));
#5962=CARTESIAN_POINT('',(-0.697803544730902,-1.73737034198455,6.50000000000001));
#5963=CARTESIAN_POINT('',(-3.12588031792678,-1.24226976686549,6.49999999493234));
#5964=CARTESIAN_POINT('Ctrl Pts',(-3.12588031792678,-1.24226976686549,6.49999999493234));
#5965=CARTESIAN_POINT('Ctrl Pts',(-2.98827804215559,-1.50078879527652,6.49999999499561));
#5966=CARTESIAN_POINT('Ctrl Pts',(-2.85284738794271,-1.73671710787453,6.50000000000001));
#5967=CARTESIAN_POINT('',(-3.12588032535058,-2.49999994412062,6.50000000000001));
#5968=CARTESIAN_POINT('Origin',(8.88178419700125E-15,-1.74999999999998,
-6.49999999999999));
#5969=CARTESIAN_POINT('',(-3.12588031889162,-1.2575175203132,-6.49999999559096));
#5970=CARTESIAN_POINT('',(-3.12588032535056,-2.49999994412062,-6.49999999999999));
#5971=CARTESIAN_POINT('',(-2.85657097697529,-1.74999999999998,-6.49999999999999));
#5972=CARTESIAN_POINT('Ctrl Pts',(-2.85657097697529,-1.74999999999998,-6.49999999999999));
#5973=CARTESIAN_POINT('Ctrl Pts',(-2.99016660407052,-1.51484369562073,-6.49999999559096));
#5974=CARTESIAN_POINT('Ctrl Pts',(-3.12588031889162,-1.2575175203132,-6.49999999559096));
#5975=CARTESIAN_POINT('',(6.66133814775094E-15,-1.74999999999998,-6.49999999999999));
#5976=CARTESIAN_POINT('',(-7.89501513098071,-1.74999999999998,-6.49999999999999));
#5977=CARTESIAN_POINT('',(7.21329561737991E-15,-0.874999999999999,-6.5));
#5978=CARTESIAN_POINT('Origin',(-12.,-2.49999994412063,-7.51623156075576E-16));
#5979=CARTESIAN_POINT('',(-3.30155993551962,-1.60453205203297E-15,6.73328600644906));
#5980=CARTESIAN_POINT('Ctrl Pts',(-3.30155993551962,-1.31838984174237E-15,
6.73328600644905));
#5981=CARTESIAN_POINT('Ctrl Pts',(-3.26035580338041,-0.285798971859522,
6.68005617580195));
#5982=CARTESIAN_POINT('Ctrl Pts',(-3.21967034278527,-0.571769630009113,
6.6264864181743));
#5983=CARTESIAN_POINT('Ctrl Pts',(-3.16153472183098,-0.985930417987899,
6.54846847853525));
#5984=CARTESIAN_POINT('Ctrl Pts',(-3.14365225265215,-1.11410494082729,6.52426310924635));
#5985=CARTESIAN_POINT('Ctrl Pts',(-3.12588031792678,-1.24226976686549,6.49999998986468));
#5986=CARTESIAN_POINT('',(-3.30208340318252,-5.34632149252517E-16,6.73396219731052));
#5987=CARTESIAN_POINT('Origin',(-12.,-3.05311331771918E-15,-7.51623156075576E-16));
#5988=CARTESIAN_POINT('',(-4.72389846355639,2.13190729782987,8.24974826472682));
#5989=CARTESIAN_POINT('Ctrl Pts',(-4.7238984635564,2.13190729782987,8.24974826472682));
#5990=CARTESIAN_POINT('Ctrl Pts',(-4.40214383682443,1.70037402932622,7.96596756514691));
#5991=CARTESIAN_POINT('Ctrl Pts',(-4.09918390118255,1.26633161066909,7.66524659242112));
#5992=CARTESIAN_POINT('Ctrl Pts',(-3.63674958756876,0.554450375863519,7.15041499609747));
#5993=CARTESIAN_POINT('Ctrl Pts',(-3.46516442475513,0.277237732542276,6.94460566138118));
#5994=CARTESIAN_POINT('Ctrl Pts',(-3.30208340318252,6.93889390390723E-17,
6.73396219731052));
#5995=CARTESIAN_POINT('',(-4.19973679896165,2.49892924661966,7.7560230785195));
#5996=CARTESIAN_POINT('Origin',(-12.,-2.96287384676719,-7.51623156075576E-16));
#5997=CARTESIAN_POINT('',(-2.96365793756183,0.500000055879353,6.27252119411413));
#5998=CARTESIAN_POINT('Ctrl Pts',(-2.96365793756183,0.500000055879355,6.27252119411413));
#5999=CARTESIAN_POINT('Ctrl Pts',(-3.22224506870219,0.974897599837293,6.6450479178375));
#6000=CARTESIAN_POINT('Ctrl Pts',(-3.50637082816971,1.45064245280527,7.00508694426303));
#6001=CARTESIAN_POINT('Ctrl Pts',(-3.93913056960624,2.11660871344592,7.4871284775596));
#6002=CARTESIAN_POINT('Ctrl Pts',(-4.06752600366707,2.30793461481726,7.62305815682239));
#6003=CARTESIAN_POINT('Ctrl Pts',(-4.19973679896166,2.49892924661966,7.7560230785195));
#6004=CARTESIAN_POINT('',(-2.4583332662781,0.500000055879354,5.47326191065118));
#6005=CARTESIAN_POINT('Origin',(-12.,0.500000055879352,-7.51623156075576E-16));
#6006=CARTESIAN_POINT('',(-2.4583332662781,-2.49999994412065,5.47326191065118));
#6007=CARTESIAN_POINT('Origin',(0.,-2.49999994412065,0.));
#6008=CARTESIAN_POINT('',(-2.4583332662781,0.500000055879354,-5.47326191065118));
#6009=CARTESIAN_POINT('Origin',(0.,0.500000055879355,0.));
#6010=CARTESIAN_POINT('',(-2.4583332662781,-2.49999994412065,-5.47326191065118));
#6011=CARTESIAN_POINT('Origin',(0.,5.58793544769287E-8,0.));
#6012=CARTESIAN_POINT('Origin',(0.,-0.874999999999999,0.));
#6013=CARTESIAN_POINT('',(6.5,-1.74999994412065,0.));
#6014=CARTESIAN_POINT('Origin',(0.,-1.75,0.));
#6015=CARTESIAN_POINT('',(6.5,-1.73955213091078,0.));
#6016=CARTESIAN_POINT('',(6.5,-0.874999999999999,0.));
#6017=CARTESIAN_POINT('Origin',(0.,-1.73758185929496,0.));
#6018=CARTESIAN_POINT('Origin',(-12.,-2.49999994412063,-7.51623156075576E-16));
#6019=CARTESIAN_POINT('',(-3.05874990610405,-1.75,-6.40734319030953));
#6020=CARTESIAN_POINT('',(-2.50874999999999,-1.75,-5.56023141941952));
#6021=CARTESIAN_POINT('Origin',(-12.,-1.75,-7.51623156075576E-16));
#6022=CARTESIAN_POINT('',(-2.99999990873038,-2.49999994412063,-6.32455519045783));
#6023=CARTESIAN_POINT('Ctrl Pts',(-2.99999990873038,-2.49999994412063,-6.32455519045783));
#6024=CARTESIAN_POINT('Ctrl Pts',(-3.00976113132441,-2.37449851450907,-6.3384456541492));
#6025=CARTESIAN_POINT('Ctrl Pts',(-3.01955840101439,-2.24898363477206,-6.35231905570671));
#6026=CARTESIAN_POINT('Ctrl Pts',(-3.03914303431115,-1.99897436029882,-6.379915855473));
#6027=CARTESIAN_POINT('Ctrl Pts',(-3.0489298207661,-1.87447995127831,-6.39363956365148));
#6028=CARTESIAN_POINT('Ctrl Pts',(-3.05874990610405,-1.75,-6.40734319030953));
#6029=CARTESIAN_POINT('',(-2.4583332662781,-2.49999994412065,-5.47326191065118));
#6030=CARTESIAN_POINT('Origin',(-12.,-2.49999994412065,-7.51623156075576E-16));
#6031=CARTESIAN_POINT('Ctrl Pts',(-2.50874999999999,-1.75,-5.56023141941952));
#6032=CARTESIAN_POINT('Ctrl Pts',(-2.49180165081629,-2.00005725692342,-5.5313007855923));
#6033=CARTESIAN_POINT('Ctrl Pts',(-2.47499340308021,-2.25009824026669,-5.50230592054857));
#6034=CARTESIAN_POINT('Ctrl Pts',(-2.4583332662781,-2.49999994412065,-5.47326191065118));
#6035=CARTESIAN_POINT('Origin',(0.,-2.49999994412065,0.));
#6036=CARTESIAN_POINT('',(6.83503501226945,0.500000055879355,-1.51072637846171));
#6037=CARTESIAN_POINT('',(6.99999984353781,0.166131308834716,-4.53096176946688E-16));
#6038=CARTESIAN_POINT('Ctrl Pts',(6.83503501226945,0.500000055879355,-1.51072637846171));
#6039=CARTESIAN_POINT('Ctrl Pts',(6.94027178922456,0.281700973571163,-1.03459975134944));
#6040=CARTESIAN_POINT('Ctrl Pts',(6.99999984353781,0.166131308834717,-0.507336323828674));
#6041=CARTESIAN_POINT('Ctrl Pts',(6.99999984353781,0.166131308834716,-8.32667268468867E-16));
#6042=CARTESIAN_POINT('',(6.83503501226945,0.500000055879355,1.51072637846171));
#6043=CARTESIAN_POINT('Origin',(0.,0.500000055879355,0.));
#6044=CARTESIAN_POINT('Ctrl Pts',(6.99999984353781,0.166131308834716,-2.77555756156289E-16));
#6045=CARTESIAN_POINT('Ctrl Pts',(6.99999984353781,0.166131308834716,0.507336323828673));
#6046=CARTESIAN_POINT('Ctrl Pts',(6.94027178922456,0.281700973571162,1.03459975134944));
#6047=CARTESIAN_POINT('Ctrl Pts',(6.83503501226945,0.500000055879355,1.51072637846171));
#6048=CARTESIAN_POINT('Origin',(5.99999986588955,0.500000055879355,0.));
#6049=CARTESIAN_POINT('',(-2.96365793756183,0.500000055879353,-6.27252119411413));
#6050=CARTESIAN_POINT('',(6.78013218794878,0.500000055879356,-1.48478415594699));
#6051=CARTESIAN_POINT('Origin',(0.0024107422335673,0.500000055879355,-2.22044604925031E-15));
#6052=CARTESIAN_POINT('Origin',(-12.,0.500000055879352,-7.51623156075576E-16));
#6053=CARTESIAN_POINT('',(6.78013218794878,0.500000055879357,1.48478415594699));
#6054=CARTESIAN_POINT('Origin',(0.0024107422335673,0.500000055879355,-2.22044604925031E-15));
#6055=CARTESIAN_POINT('Origin',(26.2457662967937,0.500000055879355,0.));
#6056=CARTESIAN_POINT('Origin',(26.2457662967937,0.500000055879355,0.));
#6057=CARTESIAN_POINT('Origin',(13.5259208934184,2.97248753757144,0.));
#6058=CARTESIAN_POINT('',(13.0158949043659,6.13108079633209,2.64206902521123));
#6059=CARTESIAN_POINT('',(15.0816969118745,5.73541823710218,2.63548381326607));
#6060=CARTESIAN_POINT('Ctrl Pts',(13.0158949043659,6.13108079633208,2.64206902521123));
#6061=CARTESIAN_POINT('Ctrl Pts',(13.7024669182886,5.99996674652762,2.63945574786051));
#6062=CARTESIAN_POINT('Ctrl Pts',(14.3913555545378,5.86797291359868,2.63731523273273));
#6063=CARTESIAN_POINT('Ctrl Pts',(15.0816969118745,5.73541823710218,2.63548381326607));
#6064=CARTESIAN_POINT('',(14.9981467090452,5.30558970560154,3.06417777247588));
#6065=CARTESIAN_POINT('Origin',(14.5075480768661,2.78167854219489,0.));
#6066=CARTESIAN_POINT('',(21.8695369931788,3.96992673796573,3.06417777247588));
#6067=CARTESIAN_POINT('',(14.0165195255975,5.49639870097809,3.06417777247588));
#6068=CARTESIAN_POINT('',(21.3789383609997,1.44601557455908,4.));
#6069=CARTESIAN_POINT('Origin',(21.3789383609997,1.44601557455908,0.));
#6070=CARTESIAN_POINT('',(10.1549436021592,3.62773914554263,4.));
#6071=CARTESIAN_POINT('',(13.5259208934184,2.97248753757144,4.));
#6072=CARTESIAN_POINT('',(7.55485108016658,0.0582791539333686,-4.87790646466224E-16));
#6073=CARTESIAN_POINT('Ctrl Pts',(10.1549436021592,3.62773914554263,4.));
#6074=CARTESIAN_POINT('Ctrl Pts',(9.80673874210753,3.28351312876098,4.));
#6075=CARTESIAN_POINT('Ctrl Pts',(9.47480216617496,2.93313588314902,3.938020738556));
#6076=CARTESIAN_POINT('Ctrl Pts',(9.17980212741148,2.59370327687945,3.81540960112532));
#6077=CARTESIAN_POINT('Ctrl Pts',(8.90583670570616,2.27847349756495,3.70154110092862));
#6078=CARTESIAN_POINT('Ctrl Pts',(8.63417256905298,1.93655563402729,3.51937796714241));
#6079=CARTESIAN_POINT('Ctrl Pts',(8.18537290682618,1.2988304737883,3.01724373657095));
#6080=CARTESIAN_POINT('Ctrl Pts',(8.00825562864313,1.00386001041825,2.69619445534041));
#6081=CARTESIAN_POINT('Ctrl Pts',(7.769336266916,0.559133440895391,2.03282830046997));
#6082=CARTESIAN_POINT('Ctrl Pts',(7.68319888863817,0.370028506173148,1.64896773965007));
#6083=CARTESIAN_POINT('Ctrl Pts',(7.5769243207764,0.119381813412638,0.832858807059065));
#6084=CARTESIAN_POINT('Ctrl Pts',(7.55485108016658,0.0582791539333685,0.400728903748047));
#6085=CARTESIAN_POINT('Ctrl Pts',(7.55485108016658,0.0582791539333685,2.77555756156289E-16));
#6086=CARTESIAN_POINT('',(12.7626849119122,-0.954021196219216,-4.89858719658941E-16));
#6087=CARTESIAN_POINT('',(8.1654438750375,2.68251518464193,3.78028001937869));
#6088=CARTESIAN_POINT('Ctrl Pts',(6.78013218794878,0.500000055879359,1.48478415594699));
#6089=CARTESIAN_POINT('Ctrl Pts',(6.82447373547544,0.614664763803496,1.78751507290298));
#6090=CARTESIAN_POINT('Ctrl Pts',(6.88719603674853,0.763033156717507,2.07064912412464));
#6091=CARTESIAN_POINT('Ctrl Pts',(7.07582952146503,1.14796685670154,2.65327641693259));
#6092=CARTESIAN_POINT('Ctrl Pts',(7.23502679599395,1.43249521716553,2.97063375964489));
#6093=CARTESIAN_POINT('Ctrl Pts',(7.64963944250816,2.04803638749967,3.47336251569314));
#6094=CARTESIAN_POINT('Ctrl Pts',(7.90508784380658,2.37817837848626,3.6597720062076));
#6095=CARTESIAN_POINT('Ctrl Pts',(8.1654438750375,2.68251518464193,3.78028001937869));
#6096=CARTESIAN_POINT('Ctrl Pts',(8.1654438750375,2.68251518464193,3.78028001937869));
#6097=CARTESIAN_POINT('Ctrl Pts',(8.6273263480173,3.2224213891626,3.99406626767183));
#6098=CARTESIAN_POINT('Ctrl Pts',(9.18943832029352,3.78532090765809,4.04987344879929));
#6099=CARTESIAN_POINT('Ctrl Pts',(10.3387949238817,4.83976657480643,3.8603263139151));
#6100=CARTESIAN_POINT('Ctrl Pts',(10.9244625923632,5.33287994216963,3.61413560947041));
#6101=CARTESIAN_POINT('Ctrl Pts',(11.6750347561473,5.94445482131161,3.08453431734574));
#6102=CARTESIAN_POINT('Ctrl Pts',(11.931880867206,6.14958587007278,2.86270616050496));
#6103=CARTESIAN_POINT('Ctrl Pts',(12.3935626313732,6.51315671285566,2.34354425556827));
#6104=CARTESIAN_POINT('Ctrl Pts',(12.5978656665973,6.67142454733161,2.04561675629298));
#6105=CARTESIAN_POINT('Ctrl Pts',(12.8785767175156,6.88755722148267,1.49625870073906));
#6106=CARTESIAN_POINT('Ctrl Pts',(12.9909287607515,6.97338598125589,1.20935242842877));
#6107=CARTESIAN_POINT('Ctrl Pts',(13.1404683830922,7.08731910309676,0.607359579428971));
#6108=CARTESIAN_POINT('Ctrl Pts',(13.1771845455739,7.11514179649388,0.292102727936628));
#6109=CARTESIAN_POINT('Ctrl Pts',(13.1771845455739,7.11514179649388,-0.292102727936628));
#6110=CARTESIAN_POINT('Ctrl Pts',(13.1404683830922,7.08731910309676,-0.60735957942897));
#6111=CARTESIAN_POINT('Ctrl Pts',(12.9909287607515,6.97338598125589,-1.20935242842877));
#6112=CARTESIAN_POINT('Ctrl Pts',(12.8785767175156,6.88755722148267,-1.49625870073906));
#6113=CARTESIAN_POINT('Ctrl Pts',(12.5978656665973,6.67142454733161,-2.04561675629298));
#6114=CARTESIAN_POINT('Ctrl Pts',(12.3935626313732,6.51315671285566,-2.34354425556827));
#6115=CARTESIAN_POINT('Ctrl Pts',(11.931880867206,6.14958587007278,-2.86270616050496));
#6116=CARTESIAN_POINT('Ctrl Pts',(11.6750347561473,5.94445482131161,-3.08453431734574));
#6117=CARTESIAN_POINT('Ctrl Pts',(10.9244625923632,5.33287994216963,-3.61413560947041));
#6118=CARTESIAN_POINT('Ctrl Pts',(10.3387949238817,4.83976657480643,-3.8603263139151));
#6119=CARTESIAN_POINT('Ctrl Pts',(9.18943832029352,3.78532090765809,-4.04987344879929));
#6120=CARTESIAN_POINT('Ctrl Pts',(8.6273263480173,3.2224213891626,-3.99406626767183));
#6121=CARTESIAN_POINT('Ctrl Pts',(7.90508784380658,2.37817837848626,-3.65977200620759));
#6122=CARTESIAN_POINT('Ctrl Pts',(7.64963944250816,2.04803638749967,-3.47336251569314));
#6123=CARTESIAN_POINT('Ctrl Pts',(7.23502679599395,1.43249521716553,-2.97063375964489));
#6124=CARTESIAN_POINT('Ctrl Pts',(7.07582952146503,1.14796685670154,-2.65327641693259));
#6125=CARTESIAN_POINT('Ctrl Pts',(6.88719603674853,0.763033156717506,-2.07064912412464));
#6126=CARTESIAN_POINT('Ctrl Pts',(6.82447373547544,0.614664763803495,-1.78751507290298));
#6127=CARTESIAN_POINT('Ctrl Pts',(6.78013218794878,0.500000055879358,-1.48478415594699));
#6128=CARTESIAN_POINT('',(10.1549436021592,3.62773914554263,-4.));
#6129=CARTESIAN_POINT('Ctrl Pts',(7.55485108016658,0.0582791539333685,6.24500451351651E-16));
#6130=CARTESIAN_POINT('Ctrl Pts',(7.55485108016658,0.0582791539333686,-0.400728903748047));
#6131=CARTESIAN_POINT('Ctrl Pts',(7.5769243207764,0.119381813412638,-0.832858807059065));
#6132=CARTESIAN_POINT('Ctrl Pts',(7.68319888863817,0.370028506173148,-1.64896773965007));
#6133=CARTESIAN_POINT('Ctrl Pts',(7.769336266916,0.559133440895391,-2.03282830046997));
#6134=CARTESIAN_POINT('Ctrl Pts',(8.00825562864313,1.00386001041825,-2.69619445534042));
#6135=CARTESIAN_POINT('Ctrl Pts',(8.18537290682618,1.2988304737883,-3.01724373657095));
#6136=CARTESIAN_POINT('Ctrl Pts',(8.63417256905298,1.93655563402729,-3.51937796714241));
#6137=CARTESIAN_POINT('Ctrl Pts',(8.90583670570616,2.27847349756495,-3.70154110092862));
#6138=CARTESIAN_POINT('Ctrl Pts',(9.47480216617496,2.93313588314902,-3.938020738556));
#6139=CARTESIAN_POINT('Ctrl Pts',(9.80673874210753,3.28351312876098,-4.));
#6140=CARTESIAN_POINT('Ctrl Pts',(10.1549436021592,3.62773914554263,-4.));
#6141=CARTESIAN_POINT('',(21.3789383609997,1.44601557455908,-4.));
#6142=CARTESIAN_POINT('',(13.5259208934184,2.97248753757144,-4.));
#6143=CARTESIAN_POINT('',(21.8695369931788,3.96992673796573,-3.06417777247588));
#6144=CARTESIAN_POINT('Origin',(21.3789383609997,1.44601557455908,0.));
#6145=CARTESIAN_POINT('',(14.9981467090452,5.30558970560154,-3.06417777247588));
#6146=CARTESIAN_POINT('',(14.0165195255975,5.49639870097809,-3.06417777247588));
#6147=CARTESIAN_POINT('',(15.0816969118745,5.73541823710218,-2.63548381326607));
#6148=CARTESIAN_POINT('Origin',(14.5075480768661,2.78167854219489,0.));
#6149=CARTESIAN_POINT('',(13.0158949043659,6.13108079633209,-2.64206902521123));
#6150=CARTESIAN_POINT('Ctrl Pts',(15.0816969118745,5.73541823710218,-2.63548381326607));
#6151=CARTESIAN_POINT('Ctrl Pts',(14.391355265533,5.86797296909143,-2.63731523349944));
#6152=CARTESIAN_POINT('Ctrl Pts',(13.7024669212184,5.99996674596813,-2.63945574784936));
#6153=CARTESIAN_POINT('Ctrl Pts',(13.0158949043659,6.13108079633208,-2.64206902521123));
#6154=CARTESIAN_POINT('Ctrl Pts',(13.0158949043659,6.13108079633208,-2.64206902521122));
#6155=CARTESIAN_POINT('Ctrl Pts',(13.0365249351953,6.1476779267699,-2.61907515957731));
#6156=CARTESIAN_POINT('Ctrl Pts',(13.0569730741874,6.16410655685079,-2.59577605026554));
#6157=CARTESIAN_POINT('Ctrl Pts',(13.2982193039971,6.35768395762894,-2.31465253071977));
#6158=CARTESIAN_POINT('Ctrl Pts',(13.4933487950216,6.51175494170392,-2.02045184030933));
#6159=CARTESIAN_POINT('Ctrl Pts',(13.7623587752245,6.72287736444419,-1.47827380726325));
#6160=CARTESIAN_POINT('Ctrl Pts',(13.8703788461044,6.80698922115545,-1.1941598067477));
#6161=CARTESIAN_POINT('Ctrl Pts',(14.0139789825864,6.91850815117815,-0.59909893050519));
#6162=CARTESIAN_POINT('Ctrl Pts',(14.0491244794941,6.94565384258895,-0.287998317646472));
#6163=CARTESIAN_POINT('Ctrl Pts',(14.0491244794941,6.94565384258895,0.28799831764647));
#6164=CARTESIAN_POINT('Ctrl Pts',(14.0139789825864,6.91850815117815,0.599098930505189));
#6165=CARTESIAN_POINT('Ctrl Pts',(13.8703788461044,6.80698922115545,1.1941598067477));
#6166=CARTESIAN_POINT('Ctrl Pts',(13.7623587752245,6.72287736444419,1.47827380726325));
#6167=CARTESIAN_POINT('Ctrl Pts',(13.4933487950216,6.51175494170392,2.02045184030933));
#6168=CARTESIAN_POINT('Ctrl Pts',(13.2982193039971,6.35768395762894,2.31465253071977));
#6169=CARTESIAN_POINT('Ctrl Pts',(13.0569730741874,6.16410655685078,2.59577605026553));
#6170=CARTESIAN_POINT('Ctrl Pts',(13.0365249351953,6.1476779267699,2.61907515957731));
#6171=CARTESIAN_POINT('Ctrl Pts',(13.0158949043659,6.13108079633208,2.64206902521122));
#6172=CARTESIAN_POINT('Origin',(-12.,-2.49999994412063,-7.51623156075576E-16));
#6173=CARTESIAN_POINT('',(-10.9687502983337,8.50000012665987,10.9515534995184));
#6174=CARTESIAN_POINT('',(-9.78997280608624,7.50000005587937,10.7757032161322));
#6175=CARTESIAN_POINT('Ctrl Pts',(-10.9687502983337,8.50000012665987,10.9515534995184));
#6176=CARTESIAN_POINT('Ctrl Pts',(-10.7377185250224,8.30995786434862,10.9297984629098));
#6177=CARTESIAN_POINT('Ctrl Pts',(-10.5082893992337,8.11794356040926,10.9008180010904));
#6178=CARTESIAN_POINT('Ctrl Pts',(-10.1161334285685,7.78367364001703,10.8387660979265));
#6179=CARTESIAN_POINT('Ctrl Pts',(-9.95246899836533,7.64230732569307,10.8090301365792));
#6180=CARTESIAN_POINT('Ctrl Pts',(-9.78997280608625,7.50000005587938,10.7757032161322));
#6181=CARTESIAN_POINT('Ctrl Pts',(-10.9719073201836,8.50097770805976,10.9518503204576));
#6182=CARTESIAN_POINT('Ctrl Pts',(-10.9708550044016,8.50065188096852,10.9517515354925));
#6183=CARTESIAN_POINT('Ctrl Pts',(-10.9698025877397,8.50032599695765,10.95165258803));
#6184=CARTESIAN_POINT('Ctrl Pts',(-10.9687502983337,8.50000012665987,10.9515534995184));
#6185=CARTESIAN_POINT('',(-10.6566181424837,10.,10.9176611590989));
#6186=CARTESIAN_POINT('Origin',(-12.,10.,-7.51623156075577E-16));
#6187=CARTESIAN_POINT('',(-10.3348267229329,9.99868266763698,10.8732330958801));
#6188=CARTESIAN_POINT('Ctrl Pts',(-10.3348267229329,9.99868266763698,10.8732330958801));
#6189=CARTESIAN_POINT('Ctrl Pts',(-10.3950515126472,9.99893115471975,10.8824561769604));
#6190=CARTESIAN_POINT('Ctrl Pts',(-10.4553607800258,9.99917888119841,10.8911800406325));
#6191=CARTESIAN_POINT('Ctrl Pts',(-10.5626590883429,9.99961769267054,10.9057917424782));
#6192=CARTESIAN_POINT('Ctrl Pts',(-10.6096217846329,9.99980909899522,10.9118784137301));
#6193=CARTESIAN_POINT('Ctrl Pts',(-10.6566181424837,10.,10.9176611590989));
#6194=CARTESIAN_POINT('',(-10.3406295002837,9.06797726087649,10.8741201733598));
#6195=CARTESIAN_POINT('Ctrl Pts',(-10.3406295002837,9.06797726087649,10.8741201733598));
#6196=CARTESIAN_POINT('Ctrl Pts',(-10.3386951355552,9.37817817909749,10.8738249929025));
#6197=CARTESIAN_POINT('Ctrl Pts',(-10.3367604408455,9.68848318069055,10.8735292336861));
#6198=CARTESIAN_POINT('Ctrl Pts',(-10.3348267229329,9.99868266763698,10.8732330958801));
#6199=CARTESIAN_POINT('',(-8.5853236830499,7.50000005587938,10.4565761915868));
#6200=CARTESIAN_POINT('Ctrl Pts',(-8.58532368304992,7.50000005587939,10.4565761915868));
#6201=CARTESIAN_POINT('Ctrl Pts',(-9.13318404798995,8.01607409872367,10.6354842566054));
#6202=CARTESIAN_POINT('Ctrl Pts',(-9.69968635378929,8.52187040159133,10.7727677444828));
#6203=CARTESIAN_POINT('Ctrl Pts',(-10.2994945077845,9.03300979685772,10.867783292554));
#6204=CARTESIAN_POINT('Ctrl Pts',(-10.3200541124213,9.05050118730308,10.8709804074666));
#6205=CARTESIAN_POINT('Ctrl Pts',(-10.3406295002837,9.06797726087649,10.8741201733598));
#6206=CARTESIAN_POINT('',(-4.96707490294522,3.54864028724471,8.45801185735853));
#6207=CARTESIAN_POINT('Ctrl Pts',(-4.96707490294523,3.54864028724471,8.45801185735852));
#6208=CARTESIAN_POINT('Ctrl Pts',(-5.49594189213652,4.23568198983011,8.8977702762417));
#6209=CARTESIAN_POINT('Ctrl Pts',(-6.07171330141901,4.91539739641646,9.29232256263381));
#6210=CARTESIAN_POINT('Ctrl Pts',(-7.28511225233599,6.23427238460153,9.96184890642878));
#6211=CARTESIAN_POINT('Ctrl Pts',(-7.92150687823615,6.87469725229783,10.2398016488818));
#6212=CARTESIAN_POINT('Ctrl Pts',(-8.58532368304992,7.50000005587939,10.4565761915868));
#6213=CARTESIAN_POINT('',(-5.5267792604017,3.15673107698487,8.8936726528715));
#6214=CARTESIAN_POINT('Origin',(-12.,-1.37586688137729,-7.51623156075576E-16));
#6215=CARTESIAN_POINT('Ctrl Pts',(-9.78997280608625,7.50000005587938,10.7757032161322));
#6216=CARTESIAN_POINT('Ctrl Pts',(-8.68845930897042,6.53534127687077,10.5497899059508));
#6217=CARTESIAN_POINT('Ctrl Pts',(-7.6411345481273,5.52705818608628,10.1580456756263));
#6218=CARTESIAN_POINT('Ctrl Pts',(-6.28324991436373,4.05062367828888,9.40914871176918));
#6219=CARTESIAN_POINT('Ctrl Pts',(-5.89546708641062,3.60566158211055,9.16202047439693));
#6220=CARTESIAN_POINT('Ctrl Pts',(-5.5267792604017,3.15673107698488,8.8936726528715));
#6221=CARTESIAN_POINT('Origin',(1.46677207681134E-5,-0.867593218285537,
-1.49077798716944E-18));
#6222=CARTESIAN_POINT('Origin',(0.000277651458010276,0.,-1.49077798716949E-18));
#6223=CARTESIAN_POINT('Origin',(-0.000249042091038098,-1.73758178380564,
-1.49077798716939E-18));
#6224=CARTESIAN_POINT('Origin',(1.46677207681147E-5,-0.867593218285533,
-1.49077798716944E-18));
#6225=CARTESIAN_POINT('',(6.5,-1.73955213091079,2.85203025561565));
#6226=CARTESIAN_POINT('Origin',(-0.000249042091038098,-1.73758178380564,
-1.49077798716939E-18));
#6227=CARTESIAN_POINT('',(6.5,-0.0835231289206282,3.70324194886811));
#6228=CARTESIAN_POINT('Ctrl Pts',(6.5,-0.0835231289206282,3.70324194886811));
#6229=CARTESIAN_POINT('Ctrl Pts',(6.5,-1.01905652515667,3.26648910764277));
#6230=CARTESIAN_POINT('Ctrl Pts',(6.5,-1.73955213091079,2.85203025561565));
#6231=CARTESIAN_POINT('',(4.52619805463348,0.,-5.98026193795997));
#6232=CARTESIAN_POINT('Ctrl Pts',(4.5261980546334,-4.55781246078146E-13,
-5.9802619379599));
#6233=CARTESIAN_POINT('Ctrl Pts',(4.8041978273615,-0.0121375916389064,-5.76637676735864));
#6234=CARTESIAN_POINT('Ctrl Pts',(5.06339664642479,-0.0232917823274744,
-5.53590969594087));
#6235=CARTESIAN_POINT('Ctrl Pts',(5.62963666432571,-0.0474096124994617,
-4.96131290905862));
#6236=CARTESIAN_POINT('Ctrl Pts',(5.93855616854209,-0.060342585653635,-4.58461945275323));
#6237=CARTESIAN_POINT('Ctrl Pts',(6.48303565335286,-0.0828752850590086,
-3.76541461024409));
#6238=CARTESIAN_POINT('Ctrl Pts',(6.71862793177514,-0.0924810546949902,
-3.32292485729305));
#6239=CARTESIAN_POINT('Ctrl Pts',(7.09692227725989,-0.107798335269175,-2.40065177199233));
#6240=CARTESIAN_POINT('Ctrl Pts',(7.23992141447812,-0.113524569171555,-1.92014358769075));
#6241=CARTESIAN_POINT('Ctrl Pts',(7.42744737738766,-0.121017653705995,-0.95437946627617));
#6242=CARTESIAN_POINT('Ctrl Pts',(7.47193530127003,-0.122783462869128,-0.469115967782567));
#6243=CARTESIAN_POINT('Ctrl Pts',(7.47193530127003,-0.122783462869128,-1.4907779871653E-18));
#6244=CARTESIAN_POINT('Ctrl Pts',(7.47193530127003,-0.122783462869128,0.469115967782573));
#6245=CARTESIAN_POINT('Ctrl Pts',(7.42744737738758,-0.121017653706285,0.954379466276175));
#6246=CARTESIAN_POINT('Ctrl Pts',(7.23992141447805,-0.113524569171867,1.92014358769077));
#6247=CARTESIAN_POINT('Ctrl Pts',(7.09692227725997,-0.107798335268778,2.40065177199238));
#6248=CARTESIAN_POINT('Ctrl Pts',(6.78925204518625,-0.0953406516548221,
3.15074486108205));
#6249=CARTESIAN_POINT('Ctrl Pts',(6.65262798144764,-0.0897823787930061,
3.43245631561753));
#6250=CARTESIAN_POINT('Ctrl Pts',(6.49999999999993,-0.0835231289209709,
3.70324194886808));
#6251=CARTESIAN_POINT('',(6.78103107963203,0.000339974221816331,-3.2050614521369));
#6252=CARTESIAN_POINT('Ctrl Pts',(6.78103107963203,0.000339974221818469,
-3.2050614521369));
#6253=CARTESIAN_POINT('Ctrl Pts',(6.40605481187025,0.000283423058012631,
-3.9982838480444));
#6254=CARTESIAN_POINT('Ctrl Pts',(5.88804975053223,0.000205308791799174,
-4.71882536495769));
#6255=CARTESIAN_POINT('Ctrl Pts',(5.06519702913186,8.12519486220907E-5,
-5.54151300784412));
#6256=CARTESIAN_POINT('Ctrl Pts',(4.80504388284575,4.20329210485146E-5,
-5.76926537036632));
#6257=CARTESIAN_POINT('Ctrl Pts',(4.52619805463348,1.95308009944949E-15,
-5.98026193795998));
#6258=CARTESIAN_POINT('',(6.78103107963203,0.000339974221816331,3.2050614521369));
#6259=CARTESIAN_POINT('Origin',(-0.00214030487838857,0.00239608038246365,
1.11022302462516E-15));
#6260=CARTESIAN_POINT('',(4.52619805463348,0.,5.98026193795997));
#6261=CARTESIAN_POINT('Ctrl Pts',(4.52619805463348,2.26813400418073E-15,
5.98026193795998));
#6262=CARTESIAN_POINT('Ctrl Pts',(4.80504388284575,4.2032921048819E-5,5.76926537036632));
#6263=CARTESIAN_POINT('Ctrl Pts',(5.06519702913186,8.12519486236819E-5,
5.54151300784412));
#6264=CARTESIAN_POINT('Ctrl Pts',(5.88804975053223,0.000205308791801021,
4.71882536495769));
#6265=CARTESIAN_POINT('Ctrl Pts',(6.40605481187025,0.000283423058012032,
3.9982838480444));
#6266=CARTESIAN_POINT('Ctrl Pts',(6.78103107963203,0.00033997422181788,
3.2050614521369));
#6267=CARTESIAN_POINT('Origin',(0.000802419889447403,0.,0.));
#6268=CARTESIAN_POINT('Origin',(6.49940355194701,-1.73955195011622,-1.49077798716765E-18));
#6269=CARTESIAN_POINT('',(6.5,-1.73955213091079,-7.45388993583848E-19));
#6270=CARTESIAN_POINT('Origin',(0.,-0.874999999999999,0.));
#6271=CARTESIAN_POINT('',(-3.30208340318252,-5.34632149252517E-16,-6.73396219731052));
#6272=CARTESIAN_POINT('Ctrl Pts',(-3.12588031889162,-1.2575175203132,-6.49999999118193));
#6273=CARTESIAN_POINT('Ctrl Pts',(-3.14380929047049,-1.12701331467968,-6.52447750499208));
#6274=CARTESIAN_POINT('Ctrl Pts',(-3.16185087454743,-0.996498710433785,
-6.54889639732062));
#6275=CARTESIAN_POINT('Ctrl Pts',(-3.22016253633662,-0.577253745563867,
-6.62713873585665));
#6276=CARTESIAN_POINT('Ctrl Pts',(-3.2608635351372,-0.288538876924961,-6.68072058948962));
#6277=CARTESIAN_POINT('Ctrl Pts',(-3.30208340318252,-4.85722573273506E-16,
-6.73396219731052));
#6278=CARTESIAN_POINT('Origin',(0.,0.,0.));
#6279=CARTESIAN_POINT('',(6.5,-1.74999994412065,2.85657100872111));
#6280=CARTESIAN_POINT('Ctrl Pts',(6.5,-1.74999994412065,2.85657100872111));
#6281=CARTESIAN_POINT('Ctrl Pts',(6.5,-1.02430709467759,3.26884733328157));
#6282=CARTESIAN_POINT('Ctrl Pts',(6.5,-0.083523128920628,3.70324194886811));
#6283=CARTESIAN_POINT('Origin',(0.,-1.75,0.));
#6284=CARTESIAN_POINT('Origin',(6.5,-2.49999994412065,0.));
#6285=CARTESIAN_POINT('',(6.5,-1.74999994412065,2.));
#6286=CARTESIAN_POINT('Origin',(-12.,-2.49999994412063,-7.51623156075576E-16));
#6287=CARTESIAN_POINT('',(-4.19973679896166,2.49892924661965,-7.75602307851952));
#6288=CARTESIAN_POINT('Ctrl Pts',(-4.19973679896166,2.49892924661966,-7.75602307851951));
#6289=CARTESIAN_POINT('Ctrl Pts',(-4.06752371444001,2.30793130774935,-7.62305585453765));
#6290=CARTESIAN_POINT('Ctrl Pts',(-3.93913056960624,2.11660871344592,-7.4871284775596));
#6291=CARTESIAN_POINT('Ctrl Pts',(-3.50637082816971,1.45064245280527,-7.00508694426303));
#6292=CARTESIAN_POINT('Ctrl Pts',(-3.22224506870219,0.974897599837292,-6.6450479178375));
#6293=CARTESIAN_POINT('Ctrl Pts',(-2.96365793756183,0.500000055879352,-6.27252119411412));
#6294=CARTESIAN_POINT('',(-4.7238984635564,2.13190729782987,-8.24974826472682));
#6295=CARTESIAN_POINT('Origin',(-12.,-2.96287384676719,-7.51623156075576E-16));
#6296=CARTESIAN_POINT('Ctrl Pts',(-3.30208340318252,1.38777878078145E-16,
-6.73396219731052));
#6297=CARTESIAN_POINT('Ctrl Pts',(-3.46516442475513,0.277237732542278,-6.94460566138119));
#6298=CARTESIAN_POINT('Ctrl Pts',(-3.63674958756877,0.554450375863523,-7.15041499609747));
#6299=CARTESIAN_POINT('Ctrl Pts',(-4.09918390118255,1.26633161066909,-7.66524659242112));
#6300=CARTESIAN_POINT('Ctrl Pts',(-4.40214864863574,1.70038048286718,-7.96597180906158));
#6301=CARTESIAN_POINT('Ctrl Pts',(-4.7238984635564,2.13190729782987,-8.24974826472682));
#6302=CARTESIAN_POINT('Origin',(6.1,0.,0.));
#6303=CARTESIAN_POINT('Origin',(-12.,-2.49999994412063,-7.51623156075576E-16));
#6304=CARTESIAN_POINT('',(-3.05874990610405,-1.75,6.40734319030953));
#6305=CARTESIAN_POINT('',(-2.99999990873038,-2.49999994412063,6.32455519045783));
#6306=CARTESIAN_POINT('Ctrl Pts',(-3.05874990610405,-1.75,6.40734319030953));
#6307=CARTESIAN_POINT('Ctrl Pts',(-3.0489298207661,-1.87447995127831,6.39363956365147));
#6308=CARTESIAN_POINT('Ctrl Pts',(-3.03914303431115,-1.99897436029882,6.379915855473));
#6309=CARTESIAN_POINT('Ctrl Pts',(-3.01955840101439,-2.24898363477206,6.35231905570671));
#6310=CARTESIAN_POINT('Ctrl Pts',(-3.00976113132441,-2.37449851450907,6.3384456541492));
#6311=CARTESIAN_POINT('Ctrl Pts',(-2.99999990873039,-2.49999994412063,6.32455519045783));
#6312=CARTESIAN_POINT('',(-2.50874999999999,-1.75,5.56023141941952));
#6313=CARTESIAN_POINT('Origin',(-12.,-1.75,-7.51623156075576E-16));
#6314=CARTESIAN_POINT('',(-2.4583332662781,-2.49999994412065,5.47326191065118));
#6315=CARTESIAN_POINT('Ctrl Pts',(-2.4583332662781,-2.49999994412065,5.47326191065118));
#6316=CARTESIAN_POINT('Ctrl Pts',(-2.47499340322438,-2.25009823810423,5.5023059207999));
#6317=CARTESIAN_POINT('Ctrl Pts',(-2.49180165060607,-2.00005726002512,5.53130078523345));
#6318=CARTESIAN_POINT('Ctrl Pts',(-2.50874999999999,-1.75,5.56023141941952));
#6319=CARTESIAN_POINT('Origin',(-12.,-2.49999994412065,-7.51623156075576E-16));
#6320=CARTESIAN_POINT('Origin',(-12.,-2.49999994412063,-7.51623156075576E-16));
#6321=CARTESIAN_POINT('',(-10.3406295002837,9.06797726087649,-10.8741201733598));
#6322=CARTESIAN_POINT('',(-8.5853236830499,7.50000005587938,-10.4565761915868));
#6323=CARTESIAN_POINT('Ctrl Pts',(-10.3406295002837,9.06797726087649,-10.8741201733598));
#6324=CARTESIAN_POINT('Ctrl Pts',(-10.3200541124213,9.05050118730308,-10.8709804074666));
#6325=CARTESIAN_POINT('Ctrl Pts',(-10.2994945077845,9.03300979685772,-10.867783292554));
#6326=CARTESIAN_POINT('Ctrl Pts',(-9.69968635378929,8.52187040159133,-10.7727677444828));
#6327=CARTESIAN_POINT('Ctrl Pts',(-9.13318404798995,8.01607409872367,-10.6354842566054));
#6328=CARTESIAN_POINT('Ctrl Pts',(-8.58532368304992,7.50000005587939,-10.4565761915868));
#6329=CARTESIAN_POINT('',(-10.3348267229329,9.99868266763698,-10.8732330958801));
#6330=CARTESIAN_POINT('Ctrl Pts',(-10.3348267229329,9.99868266763698,-10.8732330958801));
#6331=CARTESIAN_POINT('Ctrl Pts',(-10.3367604408455,9.68848318069098,-10.8735292336861));
#6332=CARTESIAN_POINT('Ctrl Pts',(-10.3386951355552,9.3781781790979,-10.8738249929025));
#6333=CARTESIAN_POINT('Ctrl Pts',(-10.3406295002837,9.06797726087649,-10.8741201733598));
#6334=CARTESIAN_POINT('',(-10.6566181424838,10.,-10.9176611590989));
#6335=CARTESIAN_POINT('Ctrl Pts',(-10.6566181424838,10.,-10.9176611590989));
#6336=CARTESIAN_POINT('Ctrl Pts',(-10.609621784633,9.99980909899522,-10.9118784137301));
#6337=CARTESIAN_POINT('Ctrl Pts',(-10.5626590883429,9.99961769267054,-10.9057917424782));
#6338=CARTESIAN_POINT('Ctrl Pts',(-10.4553607800258,9.99917888119841,-10.8911800406325));
#6339=CARTESIAN_POINT('Ctrl Pts',(-10.3950515126472,9.99893115471975,-10.8824561769604));
#6340=CARTESIAN_POINT('Ctrl Pts',(-10.3348267229329,9.99868266763698,-10.8732330958801));
#6341=CARTESIAN_POINT('Origin',(-12.,10.,-7.51623156075577E-16));
#6342=CARTESIAN_POINT('',(-10.9687502983337,8.50000012665987,-10.9515534995184));
#6343=CARTESIAN_POINT('Ctrl Pts',(-10.9687502983337,8.50000012665987,-10.9515534995184));
#6344=CARTESIAN_POINT('Ctrl Pts',(-10.9698025872722,8.50032599681286,-10.951652587986));
#6345=CARTESIAN_POINT('Ctrl Pts',(-10.970855004849,8.50065188110706,-10.9517515355345));
#6346=CARTESIAN_POINT('Ctrl Pts',(-10.9719073201836,8.50097770805976,-10.9518503204576));
#6347=CARTESIAN_POINT('',(-9.78997280608624,7.50000005587937,-10.7757032161322));
#6348=CARTESIAN_POINT('Ctrl Pts',(-9.78997280608624,7.50000005587937,-10.7757032161322));
#6349=CARTESIAN_POINT('Ctrl Pts',(-9.95246899836533,7.64230732569307,-10.8090301365792));
#6350=CARTESIAN_POINT('Ctrl Pts',(-10.1161334285685,7.78367364001703,-10.8387660979265));
#6351=CARTESIAN_POINT('Ctrl Pts',(-10.5082893992337,8.11794356040926,-10.9008180010904));
#6352=CARTESIAN_POINT('Ctrl Pts',(-10.7377185250225,8.30995786434862,-10.9297984629098));
#6353=CARTESIAN_POINT('Ctrl Pts',(-10.9687502983337,8.50000012665987,-10.9515534995184));
#6354=CARTESIAN_POINT('',(-5.5267792604017,3.15673107698487,-8.8936726528715));
#6355=CARTESIAN_POINT('Ctrl Pts',(-5.52677926040169,3.15673107698487,-8.8936726528715));
#6356=CARTESIAN_POINT('Ctrl Pts',(-5.89547229123526,3.60566791973385,-9.16202426270579));
#6357=CARTESIAN_POINT('Ctrl Pts',(-6.28324991436373,4.05062367828888,-9.40914871176918));
#6358=CARTESIAN_POINT('Ctrl Pts',(-7.64113454812729,5.52705818608629,-10.1580456756263));
#6359=CARTESIAN_POINT('Ctrl Pts',(-8.68845930897041,6.53534127687077,-10.5497899059508));
#6360=CARTESIAN_POINT('Ctrl Pts',(-9.78997280608624,7.50000005587937,-10.7757032161322));
#6361=CARTESIAN_POINT('',(-4.96707490294523,3.5486402872447,-8.45801185735852));
#6362=CARTESIAN_POINT('Origin',(-12.,-1.37586688137729,-7.51623156075576E-16));
#6363=CARTESIAN_POINT('Ctrl Pts',(-8.58532368304992,7.50000005587939,-10.4565761915868));
#6364=CARTESIAN_POINT('Ctrl Pts',(-7.92150687823615,6.87469725229784,-10.2398016488818));
#6365=CARTESIAN_POINT('Ctrl Pts',(-7.28511225233599,6.23427238460153,-9.96184890642878));
#6366=CARTESIAN_POINT('Ctrl Pts',(-6.07171330141901,4.91539739641647,-9.29232256263381));
#6367=CARTESIAN_POINT('Ctrl Pts',(-5.49594036635055,4.23568000770869,-8.89776900753475));
#6368=CARTESIAN_POINT('Ctrl Pts',(-4.96707490294523,3.54864028724471,-8.45801185735852));
#6369=CARTESIAN_POINT('Origin',(16.5,10.,0.));
#6370=CARTESIAN_POINT('',(10.2655639639196,10.,16.0000002384186));
#6371=CARTESIAN_POINT('Origin',(1.01823525251939,10.,0.));
#6372=CARTESIAN_POINT('Origin',(16.5,10.,0.));
#6373=CARTESIAN_POINT('Origin',(1.01823525251939,10.,0.));
#6374=CARTESIAN_POINT('Origin',(0.00330821344049605,9.997937709652,-1.49077798716571E-18));
#6375=CARTESIAN_POINT('Origin',(0.00330748937358179,9.99554898572942,-1.49077798716571E-18));
#6376=CARTESIAN_POINT('Origin',(0.00316643200875691,9.53019544564111,-1.49077798716569E-18));
#6377=CARTESIAN_POINT('Origin',(0.00302537464393203,9.0648419055528,-1.49077798716566E-18));
#6378=CARTESIAN_POINT('Origin',(-6.4486006619547,2.51126478273441,0.));
#6379=CARTESIAN_POINT('',(-2.00370080229365,5.62361717105636,11.5929343933489));
#6380=CARTESIAN_POINT('Origin',(15.319884816455,17.7537224101255,-2.22044604925031E-15));
#6381=CARTESIAN_POINT('',(-2.75912132668436,5.09466602535965,11.9813930848719));
#6382=CARTESIAN_POINT('Origin',(-6.4486006619547,2.51126478273441,0.));
#6383=CARTESIAN_POINT('Origin',(16.4416165555344,18.539167429678,0.));
#6384=CARTESIAN_POINT('Origin',(0.,-2.12499997206032,0.));
#6385=CARTESIAN_POINT('Origin',(0.,-2.49999994412065,0.));
#6386=CARTESIAN_POINT('Origin',(0.,-1.75,0.));
#6387=CARTESIAN_POINT('Origin',(6.5,-1.75,0.));
#6388=CARTESIAN_POINT('Origin',(0.,-1.75,0.));
#6389=CARTESIAN_POINT('Origin',(0.,-1.75,0.));
#6390=CARTESIAN_POINT('Origin',(-5.70295129469834,1.44636712515872,0.));
#6391=CARTESIAN_POINT('',(-1.35539202311031,4.49056089993818,11.6478157884482));
#6392=CARTESIAN_POINT('Origin',(14.7015492170947,15.7337521969201,4.44089209850063E-15));
#6393=CARTESIAN_POINT('',(-0.598843882429169,5.02030161106165,11.1810142569667));
#6394=CARTESIAN_POINT('Origin',(-5.70295129469834,1.44636712515872,0.));
#6395=CARTESIAN_POINT('Origin',(13.5692682195595,14.9409205070744,2.22044604925031E-15));
#6396=CARTESIAN_POINT('Origin',(6.1,0.,0.));
#6397=CARTESIAN_POINT('Origin',(0.,0.,0.));
#6398=CARTESIAN_POINT('Origin',(0.00257638339117703,7.58360291319236,-1.49077798716557E-18));
#6399=CARTESIAN_POINT('',(12.7494126216171,6.1311615720979,-3.72093915951639));
#6400=CARTESIAN_POINT('Origin',(0.0021372924771266,6.13502550975331,-1.49077798716548E-18));
#6401=CARTESIAN_POINT('',(12.7494126216171,6.1311615720979,3.72093915951639));
#6402=CARTESIAN_POINT('Ctrl Pts',(12.7494126216171,6.1311615720979,3.72093915951639));
#6403=CARTESIAN_POINT('Ctrl Pts',(12.9698183417247,6.30538215572208,3.55186923951877));
#6404=CARTESIAN_POINT('Ctrl Pts',(13.1903989405587,6.4773466509157,3.35392186281746));
#6405=CARTESIAN_POINT('Ctrl Pts',(13.6826327912904,6.85728628524398,2.82176510084925));
#6406=CARTESIAN_POINT('Ctrl Pts',(13.9377738445074,7.05098390859214,2.46306235591819));
#6407=CARTESIAN_POINT('Ctrl Pts',(14.2870423149387,7.31452606692305,1.80106738228874));
#6408=CARTESIAN_POINT('Ctrl Pts',(14.4263177576921,7.41880589884642,1.4566279084021));
#6409=CARTESIAN_POINT('Ctrl Pts',(14.61194325399,7.55742399204838,0.732426279145614));
#6410=CARTESIAN_POINT('Ctrl Pts',(14.6576832640198,7.59139951914077,0.352438520175557));
#6411=CARTESIAN_POINT('Ctrl Pts',(14.6576832640198,7.59139951914077,-0.352438520175555));
#6412=CARTESIAN_POINT('Ctrl Pts',(14.61194325399,7.55742399204838,-0.732426279145612));
#6413=CARTESIAN_POINT('Ctrl Pts',(14.4263177576921,7.41880589884642,-1.4566279084021));
#6414=CARTESIAN_POINT('Ctrl Pts',(14.2870423149387,7.31452606692305,-1.80106738228874));
#6415=CARTESIAN_POINT('Ctrl Pts',(13.9377738445074,7.05098390859214,-2.46306235591819));
#6416=CARTESIAN_POINT('Ctrl Pts',(13.6826327912904,6.85728628524398,-2.82176510084925));
#6417=CARTESIAN_POINT('Ctrl Pts',(13.1903989405587,6.4773466509157,-3.35392186281747));
#6418=CARTESIAN_POINT('Ctrl Pts',(12.9698183417247,6.30538215572208,-3.55186923951877));
#6419=CARTESIAN_POINT('Ctrl Pts',(12.7494126216171,6.1311615720979,-3.72093915951639));
#6420=CARTESIAN_POINT('Origin',(0.0021372924771266,6.13502550975331,-1.49077798716548E-18));
#6421=CARTESIAN_POINT('Origin',(0.0018646855284227,5.23568495572037,-1.49077798716542E-18));
#6422=CARTESIAN_POINT('',(21.9493725788297,4.38064522074335,3.69121303135772));
#6423=CARTESIAN_POINT('Ctrl Pts',(21.9493725788297,4.38064522074335,3.69121303135772));
#6424=CARTESIAN_POINT('Ctrl Pts',(18.8556435744116,4.97544035573759,3.6964323042876));
#6425=CARTESIAN_POINT('Ctrl Pts',(15.7760149248108,5.56551745479693,3.70328328679615));
#6426=CARTESIAN_POINT('Ctrl Pts',(12.7494126216171,6.1311615720979,3.7209391595164));
#6427=CARTESIAN_POINT('',(21.9501094011933,4.38443584319317,3.5674163987564));
#6428=CARTESIAN_POINT('Ctrl Pts',(21.9501094011933,4.38443584319317,3.5674163987564));
#6429=CARTESIAN_POINT('Ctrl Pts',(21.9497472733002,4.38257285668598,3.62928863803552));
#6430=CARTESIAN_POINT('Ctrl Pts',(21.9493725788297,4.38064522074335,3.69121303135772));
#6431=CARTESIAN_POINT('',(15.0750398375357,5.70117055857775,3.54443637843676));
#6432=CARTESIAN_POINT('Ctrl Pts',(15.0750398375357,5.70117055857775,3.54443637843676));
#6433=CARTESIAN_POINT('Ctrl Pts',(17.9221053725222,5.16004457466006,3.55881099924499));
#6434=CARTESIAN_POINT('Ctrl Pts',(21.9501094011933,4.38443584319317,3.5674163987564));
#6435=CARTESIAN_POINT('Ctrl Pts',(15.0816969118745,5.73541823710218,2.63548381326607));
#6436=CARTESIAN_POINT('Ctrl Pts',(15.078857941286,5.72081299955975,3.08745991767434));
#6437=CARTESIAN_POINT('Ctrl Pts',(15.0750398375357,5.70117055857775,3.54443637843676));
#6438=CARTESIAN_POINT('Origin',(0.0018646855284227,5.23568495572037,-1.49077798716542E-18));
#6439=CARTESIAN_POINT('',(15.0750398375357,5.70117055857775,-3.54443637843676));
#6440=CARTESIAN_POINT('Ctrl Pts',(15.0750398375357,5.70117055857775,-3.54443637843676));
#6441=CARTESIAN_POINT('Ctrl Pts',(15.078857941286,5.72081299955975,-3.08745991767434));
#6442=CARTESIAN_POINT('Ctrl Pts',(15.0816969118745,5.73541823710218,-2.63548381326607));
#6443=CARTESIAN_POINT('',(21.9501094011933,4.38443584319317,-3.5674163987564));
#6444=CARTESIAN_POINT('Ctrl Pts',(21.9501094011933,4.38443584319317,-3.5674163987564));
#6445=CARTESIAN_POINT('Ctrl Pts',(17.9221053725221,5.16004457466009,-3.55881099924499));
#6446=CARTESIAN_POINT('Ctrl Pts',(15.0750398375357,5.70117055857775,-3.54443637843676));
#6447=CARTESIAN_POINT('',(21.9493725788297,4.38064522074335,-3.69121303135772));
#6448=CARTESIAN_POINT('Ctrl Pts',(21.9493725788297,4.38064522074335,-3.69121303135772));
#6449=CARTESIAN_POINT('Ctrl Pts',(21.9497472733001,4.38257285668598,-3.62928863803552));
#6450=CARTESIAN_POINT('Ctrl Pts',(21.9501094011933,4.38443584319317,-3.5674163987564));
#6451=CARTESIAN_POINT('Ctrl Pts',(12.7494126216172,6.1311615720979,-3.7209391595164));
#6452=CARTESIAN_POINT('Ctrl Pts',(15.7760158597178,5.56551728007142,-3.70328328134231));
#6453=CARTESIAN_POINT('Ctrl Pts',(18.8556451628942,4.97544005033861,-3.69643230160775));
#6454=CARTESIAN_POINT('Ctrl Pts',(21.9493725788297,4.38064522074335,-3.69121303135772));
#6455=CARTESIAN_POINT('Origin',(0.00330821344049605,9.997937709652,-1.49077798716571E-18));
#6456=CARTESIAN_POINT('Origin',(0.00165187608825317,4.53361862639367,-1.49077798716538E-18));
#6457=CARTESIAN_POINT('Ctrl Pts',(-2.00370080229365,5.62361717105636,11.5929343933489));
#6458=CARTESIAN_POINT('Ctrl Pts',(-1.53356792158639,5.4098866362966,11.4700587876715));
#6459=CARTESIAN_POINT('Ctrl Pts',(-1.0648267084733,5.20862950079862,11.3335366326135));
#6460=CARTESIAN_POINT('Ctrl Pts',(-0.598843882429169,5.02030161106165,11.1810142569667));
#6461=CARTESIAN_POINT('',(-2.00370080229365,5.62361717105636,-11.5929343933489));
#6462=CARTESIAN_POINT('Origin',(15.319884816455,17.7537224101255,-2.22044604925031E-15));
#6463=CARTESIAN_POINT('',(-0.598843882429169,5.02030161106165,-11.1810142569667));
#6464=CARTESIAN_POINT('Ctrl Pts',(-0.598843882429168,5.02030161106165,-11.1810142569667));
#6465=CARTESIAN_POINT('Ctrl Pts',(-1.06482668269325,5.20862949037957,-11.3335366241754));
#6466=CARTESIAN_POINT('Ctrl Pts',(-1.53356810281572,5.40988671868659,-11.4700588350383));
#6467=CARTESIAN_POINT('Ctrl Pts',(-2.00370080229365,5.62361717105636,-11.5929343933489));
#6468=CARTESIAN_POINT('Origin',(13.5692682195595,14.9409205070744,2.22044604925031E-15));
#6469=CARTESIAN_POINT('Origin',(0.,9.00000013411045,0.));
#6470=CARTESIAN_POINT('Origin',(0.,8.50000012665987,0.));
#6471=CARTESIAN_POINT('Origin',(25.3054470947904,0.682779593052956,1.2603850255144E-16));
#6472=CARTESIAN_POINT('',(21.4725581066213,1.92764741287099,0.584729603350984));
#6473=CARTESIAN_POINT('',(14.5075480768661,2.78167854219495,1.2603850255144E-16));
#6474=CARTESIAN_POINT('Origin',(21.832109725019,3.77738013524728,0.));
#6475=CARTESIAN_POINT('',(21.3789383609997,1.44601557455908,4.75));
#6476=CARTESIAN_POINT('Origin',(21.3789383609997,1.44601557455908,0.));
#6477=CARTESIAN_POINT('',(21.3789383609997,1.44601557455908,-5.00000007450581));
#6478=CARTESIAN_POINT('Origin',(13.5259208934184,2.97248753757144,0.));
#6479=CARTESIAN_POINT('',(21.3789383609997,1.44601557455908,-4.75));
#6480=CARTESIAN_POINT('Origin',(21.3789383609997,1.44601557455908,0.));
#6481=CARTESIAN_POINT('',(9.8819555127616,3.68080265475065,-4.75000000000001));
#6482=CARTESIAN_POINT('',(13.5259208934184,2.97248753757144,-4.75));
#6483=CARTESIAN_POINT('',(10.4949550658505,4.25000006332994,-4.70169353607136));
#6484=CARTESIAN_POINT('Ctrl Pts',(9.8819555127616,3.68080265475065,-4.75));
#6485=CARTESIAN_POINT('Ctrl Pts',(10.0624042905208,3.85360334126387,-4.75));
#6486=CARTESIAN_POINT('Ctrl Pts',(10.2463939225415,4.02462440691661,-4.73684029451615));
#6487=CARTESIAN_POINT('Ctrl Pts',(10.4527834769374,4.21189209787018,-4.70805811784129));
#6488=CARTESIAN_POINT('Ctrl Pts',(10.4738621458339,4.23096522907212,-4.70495728692139));
#6489=CARTESIAN_POINT('Ctrl Pts',(10.4949550658505,4.25000006332994,-4.70169353607136));
#6490=CARTESIAN_POINT('',(10.4949550658505,4.25000006332994,4.70169353607136));
#6491=CARTESIAN_POINT('Ctrl Pts',(10.4949550658505,4.25000006332994,-4.70169353607136));
#6492=CARTESIAN_POINT('Ctrl Pts',(11.1756211888251,4.86425199362186,-4.59637266842037));
#6493=CARTESIAN_POINT('Ctrl Pts',(11.8705765019581,5.43861993642648,-4.31780546148398));
#6494=CARTESIAN_POINT('Ctrl Pts',(12.7790107861416,6.16542772921227,-3.70707807055264));
#6495=CARTESIAN_POINT('Ctrl Pts',(13.0980088334349,6.41542704615675,-3.44331887271374));
#6496=CARTESIAN_POINT('Ctrl Pts',(13.6725595339156,6.85931735560021,-2.82165987347516));
#6497=CARTESIAN_POINT('Ctrl Pts',(13.9274587172176,7.05300832130914,-2.46301370548144));
#6498=CARTESIAN_POINT('Ctrl Pts',(14.2764475905691,7.31657893356859,-1.80108842818541));
#6499=CARTESIAN_POINT('Ctrl Pts',(14.4156303780236,7.42088309333438,-1.45663059650223));
#6500=CARTESIAN_POINT('Ctrl Pts',(14.6011270027238,7.55952912290616,-0.732413464150206));
#6501=CARTESIAN_POINT('Ctrl Pts',(14.6468319283457,7.59350880512366,-0.352429053141113));
#6502=CARTESIAN_POINT('Ctrl Pts',(14.6468319283457,7.59350880512366,0.35242905314111));
#6503=CARTESIAN_POINT('Ctrl Pts',(14.6011270027238,7.55952912290616,0.732413464150203));
#6504=CARTESIAN_POINT('Ctrl Pts',(14.4156303780236,7.42088309333438,1.45663059650222));
#6505=CARTESIAN_POINT('Ctrl Pts',(14.2764475905691,7.31657893356859,1.80108842818541));
#6506=CARTESIAN_POINT('Ctrl Pts',(13.9274587172176,7.05300832130915,2.46301370548143));
#6507=CARTESIAN_POINT('Ctrl Pts',(13.6725595339156,6.85931735560022,2.82165987347516));
#6508=CARTESIAN_POINT('Ctrl Pts',(13.0980088334349,6.41542704615675,3.44331887271374));
#6509=CARTESIAN_POINT('Ctrl Pts',(12.7790107861416,6.16542772921227,3.70707807055264));
#6510=CARTESIAN_POINT('Ctrl Pts',(11.8705765019581,5.43861993642648,4.31780546148398));
#6511=CARTESIAN_POINT('Ctrl Pts',(11.1756211888251,4.86425199362186,4.59637266842037));
#6512=CARTESIAN_POINT('Ctrl Pts',(10.4949550658505,4.25000006332994,4.70169353607136));
#6513=CARTESIAN_POINT('',(9.8819555127616,3.68080265475065,4.75));
#6514=CARTESIAN_POINT('Ctrl Pts',(10.4949550658505,4.25000006332994,4.70169353607136));
#6515=CARTESIAN_POINT('Ctrl Pts',(10.4738621458339,4.23096522907212,4.70495728692139));
#6516=CARTESIAN_POINT('Ctrl Pts',(10.4527834769374,4.21189209787019,4.70805811784129));
#6517=CARTESIAN_POINT('Ctrl Pts',(10.2463939225415,4.02462440691661,4.73684029451614));
#6518=CARTESIAN_POINT('Ctrl Pts',(10.0624042905208,3.85360334126387,4.75));
#6519=CARTESIAN_POINT('Ctrl Pts',(9.8819555127616,3.68080265475065,4.75));
#6520=CARTESIAN_POINT('',(13.5259208934184,2.97248753757144,4.75));
#6521=CARTESIAN_POINT('Origin',(14.998317122595,5.3064664073137,1.07878116162308E-16));
#6522=CARTESIAN_POINT('',(14.5075480768661,2.78167854219495,1.2603850255144E-16));
#6523=CARTESIAN_POINT('Origin',(21.832109725019,3.77738013524728,0.));
#6524=CARTESIAN_POINT('',(21.7880183684336,3.55054976965625,-2.55502927184175));
#6525=CARTESIAN_POINT('',(21.3789383609997,1.44601557455908,-5.00000007450581));
#6526=CARTESIAN_POINT('Origin',(-5.70295129469834,1.44636712515872,0.));
#6527=CARTESIAN_POINT('',(-1.35539202311031,4.49056089993818,-11.6478157884482));
#6528=CARTESIAN_POINT('Origin',(-5.70295129469834,1.44636712515872,0.));
#6529=CARTESIAN_POINT('Origin',(14.7015492170947,15.7337521969201,4.44089209850063E-15));
#6530=CARTESIAN_POINT('Origin',(-5.70295129469834,1.44636712515872,0.));
#6531=CARTESIAN_POINT('',(-2.75912132668436,5.09466602535965,-11.9813930848719));
#6532=CARTESIAN_POINT('Origin',(-6.4486006619547,2.51126478273441,0.));
#6533=CARTESIAN_POINT('Ctrl Pts',(-2.75912132668436,5.09466602535965,-11.9813930848719));
#6534=CARTESIAN_POINT('Ctrl Pts',(-2.29096713710556,4.88139099471771,-11.883218338358));
#6535=CARTESIAN_POINT('Ctrl Pts',(-1.82280599650451,4.67987089853838,-11.7728017652956));
#6536=CARTESIAN_POINT('Ctrl Pts',(-1.35539202311031,4.49056089993818,-11.6478157884482));
#6537=CARTESIAN_POINT('Origin',(25.9363676184149,3.92858430662349,-3.94059933698153));
#6538=CARTESIAN_POINT('Origin',(14.998317122595,5.3064664073137,1.07878116162308E-16));
#6539=CARTESIAN_POINT('Origin',(0.,4.25000006332994,0.));
#6540=CARTESIAN_POINT('Origin',(16.4416165555344,18.539167429678,0.));
#6541=CARTESIAN_POINT('Ctrl Pts',(-1.35539202311031,4.49056089993818,11.6478157884482));
#6542=CARTESIAN_POINT('Ctrl Pts',(-1.82280679029586,4.67987122003634,11.7728019775545));
#6543=CARTESIAN_POINT('Ctrl Pts',(-2.29096796122145,4.88139137015671,11.8832185111801));
#6544=CARTESIAN_POINT('Ctrl Pts',(-2.75912132668436,5.09466602535965,11.9813930848719));
#6545=CARTESIAN_POINT('Origin',(-2.41752914764066,6.07158028527427,0.));
#6546=CARTESIAN_POINT('Origin',(-2.41752914764066,6.07158028527427,0.));
#6547=CARTESIAN_POINT('Origin',(-6.4486006619547,2.51126478273441,0.));
#6548=CARTESIAN_POINT('Origin',(-5.70295129469834,1.44636712515872,0.));
#6549=CARTESIAN_POINT('Origin',(0.,-2.12499997206032,0.));
#6550=CARTESIAN_POINT('Origin',(0.,-2.49999994412065,0.));
#6551=CARTESIAN_POINT('Origin',(5.99999986588955,-2.49999994412065,0.));
#6552=CARTESIAN_POINT('Origin',(13.5259208934184,2.97248753757144,4.));
#6553=CARTESIAN_POINT('Origin',(13.5259208934184,2.97248753757144,-4.75));
#6554=CARTESIAN_POINT('Origin',(0.0018646855284227,5.23568495572037,-1.49077798716542E-18));
#6555=CARTESIAN_POINT('',(22.2147721891823,4.32961117118446,3.69077219264475));
#6556=CARTESIAN_POINT('',(21.9493725788297,4.38064522074335,3.69121303135772));
#6557=CARTESIAN_POINT('Ctrl Pts',(22.2147721891823,4.32961117118446,3.69077219264475));
#6558=CARTESIAN_POINT('Ctrl Pts',(22.1262950074016,4.34662745577531,3.69091688213628));
#6559=CARTESIAN_POINT('Ctrl Pts',(22.0378281550815,4.36363890042811,3.69106380245177));
#6560=CARTESIAN_POINT('Ctrl Pts',(21.9493725788297,4.38064522074335,3.69121303135772));
#6561=CARTESIAN_POINT('',(22.2348203818093,4.32960509420217,3.56801473352736));
#6562=CARTESIAN_POINT('Origin',(0.00159207857971879,4.33634440168742,-1.49077798716537E-18));
#6563=CARTESIAN_POINT('',(21.9501094011933,4.38443584319317,3.5674163987564));
#6564=CARTESIAN_POINT('Ctrl Pts',(21.9501094011933,4.38443584319317,3.5674163987564));
#6565=CARTESIAN_POINT('Ctrl Pts',(22.0916014293125,4.35719097162374,3.5677186813313));
#6566=CARTESIAN_POINT('Ctrl Pts',(22.2348203818093,4.32960509420217,3.56801473352736));
#6567=CARTESIAN_POINT('Ctrl Pts',(21.9493725788297,4.38064522074335,3.69121303135772));
#6568=CARTESIAN_POINT('Ctrl Pts',(21.9497472733001,4.38257285668598,3.62928863803552));
#6569=CARTESIAN_POINT('Ctrl Pts',(21.9501094011933,4.38443584319317,3.5674163987564));
#6570=CARTESIAN_POINT('Origin',(0.00216193099936112,6.21630891922728,-1.49077798716548E-18));
#6571=CARTESIAN_POINT('',(22.1360509826585,4.40923551827468,3.63871110481512));
#6572=CARTESIAN_POINT('Ctrl Pts',(22.1360509826585,4.40923551827468,3.63871110481512));
#6573=CARTESIAN_POINT('Ctrl Pts',(22.1621497434849,4.38279673101491,3.65630967054888));
#6574=CARTESIAN_POINT('Ctrl Pts',(22.1883928509663,4.35625240636196,3.67366304280082));
#6575=CARTESIAN_POINT('Ctrl Pts',(22.2147721891823,4.32961117118446,3.69077219264475));
#6576=CARTESIAN_POINT('Ctrl Pts',(22.2348203818093,4.32960509420217,3.56801473352736));
#6577=CARTESIAN_POINT('Ctrl Pts',(22.185426537732,4.36949189357336,3.60344458673275));
#6578=CARTESIAN_POINT('Ctrl Pts',(22.1360509826585,4.40923551827468,3.63871110481512));
#6579=CARTESIAN_POINT('Origin',(21.3789383609997,1.44601557455908,0.));
#6580=CARTESIAN_POINT('',(21.3789383609997,1.44601557455908,4.75));
#6581=CARTESIAN_POINT('Origin',(21.3789383609997,1.44601557455908,0.));
#6582=CARTESIAN_POINT('',(25.3054470947904,0.682779593052901,4.75));
#6583=CARTESIAN_POINT('',(21.3789383609997,1.44601557455908,4.75));
#6584=CARTESIAN_POINT('',(25.8880329705031,3.67992409959829,3.63871110481512));
#6585=CARTESIAN_POINT('Origin',(25.3054470947904,0.6827795930529,0.));
#6586=CARTESIAN_POINT('',(21.9615242367124,4.44316008110447,3.63871110481512));
#6587=CARTESIAN_POINT('Origin',(21.832109725019,3.77738013524728,0.));
#6588=CARTESIAN_POINT('',(21.8695369931788,3.96992673796573,3.06417777247588));
#6589=CARTESIAN_POINT('',(21.4725581066213,1.92764741287099,0.584729603350984));
#6590=CARTESIAN_POINT('',(21.3789383609997,1.44601557455908,4.));
#6591=CARTESIAN_POINT('Origin',(21.3789383609997,1.44601557455908,0.));
#6592=CARTESIAN_POINT('',(21.3789383609997,1.44601557455908,-5.00000007450581));
#6593=CARTESIAN_POINT('Origin',(25.3054470947904,0.682779593052956,1.2603850255144E-16));
#6594=CARTESIAN_POINT('',(25.7960457269695,3.20669075645955,3.06417777247588));
#6595=CARTESIAN_POINT('',(25.399066840412,1.16441143136481,0.584729603350983));
#6596=CARTESIAN_POINT('',(21.8695369931788,3.96992673796573,3.06417777247588));
#6597=CARTESIAN_POINT('Origin',(21.3789383609997,1.44601557455908,0.));
#6598=CARTESIAN_POINT('',(25.3054470947904,0.682779593052901,4.));
#6599=CARTESIAN_POINT('Origin',(25.3054470947904,0.6827795930529,0.));
#6600=CARTESIAN_POINT('',(21.3789383609997,1.44601557455908,4.));
#6601=CARTESIAN_POINT('Origin',(21.3789383609997,1.44601557455908,4.75));
#6602=CARTESIAN_POINT('',(25.3054470947904,0.6827795930529,-5.00000007450581));
#6603=CARTESIAN_POINT('Origin',(25.7586184588097,3.0141441537411,0.));
#6604=CARTESIAN_POINT('Origin',(0.0018646855284227,5.23568495572037,-1.49077798716542E-18));
#6605=CARTESIAN_POINT('',(22.2348203818093,4.32960509420217,-3.56801473352736));
#6606=CARTESIAN_POINT('',(21.9501094011933,4.38443584319317,-3.5674163987564));
#6607=CARTESIAN_POINT('Ctrl Pts',(22.2348203818093,4.32960509420217,-3.56801473352736));
#6608=CARTESIAN_POINT('Ctrl Pts',(22.091601429311,4.35719097162403,-3.5677186813313));
#6609=CARTESIAN_POINT('Ctrl Pts',(21.9501094011933,4.38443584319317,-3.5674163987564));
#6610=CARTESIAN_POINT('',(22.2147721891823,4.32961117118446,-3.69077219264475));
#6611=CARTESIAN_POINT('Origin',(0.00159207857971879,4.33634440168742,-1.49077798716537E-18));
#6612=CARTESIAN_POINT('',(21.9493725788297,4.38064522074335,-3.69121303135772));
#6613=CARTESIAN_POINT('Ctrl Pts',(21.9493725788297,4.38064522074335,-3.69121303135772));
#6614=CARTESIAN_POINT('Ctrl Pts',(22.037828154906,4.36363890046185,-3.69106380245207));
#6615=CARTESIAN_POINT('Ctrl Pts',(22.126295007089,4.34662745583543,-3.69091688213679));
#6616=CARTESIAN_POINT('Ctrl Pts',(22.2147721891823,4.32961117118446,-3.69077219264475));
#6617=CARTESIAN_POINT('Ctrl Pts',(21.9501094011933,4.38443584319317,-3.5674163987564));
#6618=CARTESIAN_POINT('Ctrl Pts',(21.9497472733002,4.38257285668598,-3.62928863803552));
#6619=CARTESIAN_POINT('Ctrl Pts',(21.9493725788297,4.38064522074335,-3.69121303135772));
#6620=CARTESIAN_POINT('Origin',(0.00216193099936112,6.21630891922728,-1.49077798716548E-18));
#6621=CARTESIAN_POINT('',(22.1360509826585,4.40923551827468,-3.63871110481512));
#6622=CARTESIAN_POINT('Origin',(44.6198882601754,-171.257690959871,196.753835397201));
#6623=CARTESIAN_POINT('Ctrl Pts',(22.2147721891823,4.32961117118446,-3.69077219264475));
#6624=CARTESIAN_POINT('Ctrl Pts',(22.1883928836643,4.35625237333934,-3.67366306400813));
#6625=CARTESIAN_POINT('Ctrl Pts',(22.1621497236219,4.38279675113666,-3.65630965715515));
#6626=CARTESIAN_POINT('Ctrl Pts',(22.1360509826585,4.40923551827468,-3.63871110481512));
#6627=CARTESIAN_POINT('Origin',(25.9363676184149,3.92858430662349,-3.94059933698153));
#6628=CARTESIAN_POINT('',(21.8695369931788,3.96992673796573,-3.06417777247588));
#6629=CARTESIAN_POINT('',(21.7880183684336,3.55054976965625,-2.55502927184175));
#6630=CARTESIAN_POINT('',(25.7960457269695,3.20669075645955,-3.06417777247588));
#6631=CARTESIAN_POINT('',(21.8695369931788,3.96992673796573,-3.06417777247588));
#6632=CARTESIAN_POINT('',(25.8880329705031,3.67992409959829,-3.63871110481512));
#6633=CARTESIAN_POINT('',(25.7145271022242,2.78731378815007,-2.55502927184175));
#6634=CARTESIAN_POINT('',(21.9615242367124,4.44316008110447,-3.63871110481512));
#6635=CARTESIAN_POINT('Origin',(21.832109725019,3.77738013524728,0.));
#6636=CARTESIAN_POINT('',(21.3789383609997,1.44601557455908,-4.75));
#6637=CARTESIAN_POINT('Origin',(21.3789383609997,1.44601557455908,0.));
#6638=CARTESIAN_POINT('',(21.3789383609997,1.44601557455908,-4.));
#6639=CARTESIAN_POINT('',(21.3789383609997,1.44601557455908,-5.00000007450581));
#6640=CARTESIAN_POINT('Origin',(21.3789383609997,1.44601557455908,0.));
#6641=CARTESIAN_POINT('Origin',(21.3789383609997,1.44601557455908,-4.));
#6642=CARTESIAN_POINT('',(25.3054470947904,0.682779593052901,-4.75));
#6643=CARTESIAN_POINT('',(21.3789383609997,1.44601557455908,-4.75));
#6644=CARTESIAN_POINT('',(25.3054470947904,0.682779593052901,-4.));
#6645=CARTESIAN_POINT('',(25.3054470947904,0.6827795930529,-5.00000007450581));
#6646=CARTESIAN_POINT('',(21.3789383609997,1.44601557455908,-4.));
#6647=CARTESIAN_POINT('Origin',(21.3789383609997,1.44601557455908,0.));
#6648=CARTESIAN_POINT('Origin',(25.3054470947904,0.6827795930529,0.));
#6649=CARTESIAN_POINT('Origin',(25.7586184588097,3.0141441537411,0.));
#6650=CARTESIAN_POINT('Origin',(25.3054470947904,0.6827795930529,0.));
#6651=CARTESIAN_POINT('Origin',(21.3789383609997,1.44601557455908,0.));
#6652=CARTESIAN_POINT('Origin',(13.1192296854157,-12.75,11.9721089358691));
#6653=CARTESIAN_POINT('',(13.2669508483675,-18.75,11.9981561625191));
#6654=CARTESIAN_POINT('',(10.2140468140296,-18.75,11.4598468117516));
#6655=CARTESIAN_POINT('',(11.7158786373733,-18.75,11.7246602826937));
#6656=CARTESIAN_POINT('',(15.9259317815005,-17.75,12.4670062422198));
#6657=CARTESIAN_POINT('',(15.4937271002705,-17.9125452352232,12.3907968957305));
#6658=CARTESIAN_POINT('',(16.0244125568017,-17.75,12.4843710599865));
#6659=CARTESIAN_POINT('',(14.5225807334581,-17.75,12.2195575890444));
#6660=CARTESIAN_POINT('',(16.0244125568017,-7.75,12.4843710599865));
#6661=CARTESIAN_POINT('',(16.0244125568017,-10.25,12.4843710599865));
#6662=CARTESIAN_POINT('',(15.9259317815005,-7.75,12.4670062422198));
#6663=CARTESIAN_POINT('',(14.5225807334581,-7.75,12.2195575890444));
#6664=CARTESIAN_POINT('',(13.2669508483675,-6.75,11.9981561625191));
#6665=CARTESIAN_POINT('',(14.164236633704,-7.08745476477684,12.1563718558801));
#6666=CARTESIAN_POINT('',(10.2140468140296,-6.75,11.4598468117516));
#6667=CARTESIAN_POINT('',(13.1930902668916,-6.75,11.9851325491941));
#6668=CARTESIAN_POINT('',(10.2140468140297,-15.75,11.4598468117516));
#6669=CARTESIAN_POINT('',(13.1192296854157,-9.5,11.9721089358691));
#6670=CARTESIAN_POINT('Origin',(13.1192296854157,-10.75,11.9721089358691));
#6671=CARTESIAN_POINT('',(13.1192296854157,-13.5,11.9721089358691));
#6672=CARTESIAN_POINT('Origin',(13.1192296854157,-14.75,11.9721089358691));
#6673=CARTESIAN_POINT('Origin',(16.1112366456351,-7.75,11.9919671834804));
#6674=CARTESIAN_POINT('',(16.2848848233021,-17.75,11.0071594304682));
#6675=CARTESIAN_POINT('',(16.1112366456351,-17.75,11.9919671834804));
#6676=CARTESIAN_POINT('',(16.2848848233021,-7.75,11.0071594304682));
#6677=CARTESIAN_POINT('',(16.2848848233021,-17.75,11.0071594304682));
#6678=CARTESIAN_POINT('',(16.1112366456351,-7.75,11.9919671834804));
#6679=CARTESIAN_POINT('Origin',(15.839107692667,-17.75,12.9594101187259));
#6680=CARTESIAN_POINT('',(16.1864040480009,-17.75,10.9897946127015));
#6681=CARTESIAN_POINT('',(16.0127558703339,-17.75,11.9746023657137));
#6682=CARTESIAN_POINT('',(16.1864040480009,-17.75,10.9897946127015));
#6683=CARTESIAN_POINT('Origin',(16.0127558703339,-17.75,11.9746023657137));
#6684=CARTESIAN_POINT('',(13.353774937201,-18.75,11.505752286013));
#6685=CARTESIAN_POINT('',(13.353774937201,-18.75,11.505752286013));
#6686=CARTESIAN_POINT('',(13.5274231148679,-18.75,10.5209445330008));
#6687=CARTESIAN_POINT('',(13.353774937201,-18.75,11.505752286013));
#6688=CARTESIAN_POINT('',(13.5274231148679,-18.75,10.5209445330008));
#6689=CARTESIAN_POINT('Origin',(10.3993516781643,-18.75,10.9848077530122));
#6690=CARTESIAN_POINT('',(10.47451908053,-18.75,9.98263518223331));
#6691=CARTESIAN_POINT('',(10.3008709028631,-18.75,10.9674429352455));
#6692=CARTESIAN_POINT('',(10.5729998558313,-18.75,10.));
#6693=CARTESIAN_POINT('',(10.5729998558313,-18.75,10.));
#6694=CARTESIAN_POINT('',(10.3993516781643,-18.75,10.9848077530122));
#6695=CARTESIAN_POINT('',(10.3993516781643,-18.75,10.9848077530122));
#6696=CARTESIAN_POINT('',(10.3993516781643,-18.75,10.9848077530122));
#6697=CARTESIAN_POINT('Origin',(16.1864040480009,-7.75,10.9897946127015));
#6698=CARTESIAN_POINT('',(16.1864040480009,-7.75,10.9897946127015));
#6699=CARTESIAN_POINT('',(16.1864040480009,-7.75,10.9897946127015));
#6700=CARTESIAN_POINT('',(16.0127558703339,-7.75,11.9746023657137));
#6701=CARTESIAN_POINT('Origin',(10.3008709028631,-18.75,10.9674429352455));
#6702=CARTESIAN_POINT('',(10.47451908053,-6.75,9.98263518223331));
#6703=CARTESIAN_POINT('',(10.3008709028631,-6.75,10.9674429352455));
#6704=CARTESIAN_POINT('',(10.47451908053,-7.75,9.98263518223331));
#6705=CARTESIAN_POINT('Origin',(13.353774937201,-6.75,11.505752286013));
#6706=CARTESIAN_POINT('',(13.353774937201,-6.75,11.505752286013));
#6707=CARTESIAN_POINT('',(13.353774937201,-6.75,11.505752286013));
#6708=CARTESIAN_POINT('',(10.3993516781643,-6.75,10.9848077530122));
#6709=CARTESIAN_POINT('',(10.3993516781643,-6.75,10.9848077530122));
#6710=CARTESIAN_POINT('',(10.5729998558313,-6.75,10.));
#6711=CARTESIAN_POINT('',(10.3993516781643,-6.75,10.9848077530122));
#6712=CARTESIAN_POINT('',(10.5729998558313,-6.75,10.));
#6713=CARTESIAN_POINT('Origin',(13.2060537742491,-10.75,11.479705059363));
#6714=CARTESIAN_POINT('',(13.3797019519161,-9.5,10.4948973063508));
#6715=CARTESIAN_POINT('',(13.2060537742491,-9.5,11.479705059363));
#6716=CARTESIAN_POINT('Origin',(13.3797019519161,-10.75,10.4948973063508));
#6717=CARTESIAN_POINT('Origin',(13.2060537742491,-14.75,11.479705059363));
#6718=CARTESIAN_POINT('',(13.3797019519161,-13.5,10.4948973063508));
#6719=CARTESIAN_POINT('',(13.2060537742491,-13.5,11.479705059363));
#6720=CARTESIAN_POINT('Origin',(13.3797019519161,-14.75,10.4948973063508));
#6721=CARTESIAN_POINT('Origin',(1.47844569681365,4.52170990302534,1.11026463882027E-18));
#6722=CARTESIAN_POINT('',(1.79636180869008,5.42560496310704,12.));
#6723=CARTESIAN_POINT('',(2.55098614197863,6.091336521303,12.));
#6724=CARTESIAN_POINT('Ctrl Pts',(1.79636180869008,5.42560496310704,12.));
#6725=CARTESIAN_POINT('Ctrl Pts',(2.18449286982643,5.7391987968376,12.));
#6726=CARTESIAN_POINT('Ctrl Pts',(2.55098614197863,6.091336521303,12.));
#6727=CARTESIAN_POINT('',(4.35306661347979,3.51769888793973,9.00000000000001));
#6728=CARTESIAN_POINT('Ctrl Pts',(2.55098614197863,6.091336521303,12.));
#6729=CARTESIAN_POINT('Ctrl Pts',(3.58074641141073,4.62068644509132,10.2918106111693));
#6730=CARTESIAN_POINT('Ctrl Pts',(4.35306661347979,3.51769888793973,9.00000000000001));
#6731=CARTESIAN_POINT('',(3.61952403226066,2.8218594675472,9.00000000000001));
#6732=CARTESIAN_POINT('Ctrl Pts',(4.35306661347979,3.51769888793973,9.00000000000001));
#6733=CARTESIAN_POINT('Ctrl Pts',(3.99987068997006,3.14366605582246,9.00000000000001));
#6734=CARTESIAN_POINT('Ctrl Pts',(3.61952403226066,2.8218594675472,9.00000000000001));
#6735=CARTESIAN_POINT('Ctrl Pts',(3.61952403226066,2.8218594675472,9.));
#6736=CARTESIAN_POINT('Ctrl Pts',(2.83816879356435,3.93775039424884,10.2869110857713));
#6737=CARTESIAN_POINT('Ctrl Pts',(1.79636180869008,5.42560496310704,12.));
#6738=CARTESIAN_POINT('Origin',(1.47844617634172,-30.0292756767853,-0.00107270426155779));
#6739=CARTESIAN_POINT('',(2.95786139769968,-32.0102583637595,12.));
#6740=CARTESIAN_POINT('',(2.23138793812293,-31.304323191384,12.));
#6741=CARTESIAN_POINT('Ctrl Pts',(2.95786139769968,-32.0102583637595,12.));
#6742=CARTESIAN_POINT('Ctrl Pts',(2.6045989198753,-31.6375917702593,12.));
#6743=CARTESIAN_POINT('Ctrl Pts',(2.23138793812293,-31.304323191384,12.));
#6744=CARTESIAN_POINT('',(4.04447965704629,-28.714959866963,9.));
#6745=CARTESIAN_POINT('Ctrl Pts',(2.23138793812293,-31.304323191384,12.));
#6746=CARTESIAN_POINT('Ctrl Pts',(3.26742711960278,-29.8247058994468,10.2892801677729));
#6747=CARTESIAN_POINT('Ctrl Pts',(4.04447965704629,-28.714959866963,9.));
#6748=CARTESIAN_POINT('',(4.74123453739992,-29.4633375690192,9.));
#6749=CARTESIAN_POINT('Ctrl Pts',(4.04447965704629,-28.714959866963,9.));
#6750=CARTESIAN_POINT('Ctrl Pts',(4.40494445725656,-29.0623730607901,9.));
#6751=CARTESIAN_POINT('Ctrl Pts',(4.74123453739992,-29.4633375690192,9.));
#6752=CARTESIAN_POINT('Ctrl Pts',(4.74123453739992,-29.4633375690192,9.));
#6753=CARTESIAN_POINT('Ctrl Pts',(3.976918750748,-30.5548936362476,10.2961314163955));
#6754=CARTESIAN_POINT('Ctrl Pts',(2.95786139769968,-32.0102583637595,12.));
#6755=CARTESIAN_POINT('Ctrl Pts',(10.3993516781643,-6.75,10.9848077530122));
#6756=CARTESIAN_POINT('Ctrl Pts',(9.18195202828734,-5.62943469619266,10.9898718353415));
#6757=CARTESIAN_POINT('Ctrl Pts',(7.96455237841035,-4.50886939238532,10.9949359176707));
#6758=CARTESIAN_POINT('Ctrl Pts',(6.74715272853336,-3.38830408857799,11.));
#6759=CARTESIAN_POINT('Ctrl Pts',(10.4572344040533,-6.75,10.6565385020081));
#6760=CARTESIAN_POINT('Ctrl Pts',(9.22054051221333,-5.62943469619266,10.6599145568943));
#6761=CARTESIAN_POINT('Ctrl Pts',(7.98384662037334,-4.50886939238532,10.6632906117805));
#6762=CARTESIAN_POINT('Ctrl Pts',(6.74715272853336,-3.38830408857799,10.6666666666667));
#6763=CARTESIAN_POINT('Ctrl Pts',(10.5151171299423,-6.75,10.3282692510041));
#6764=CARTESIAN_POINT('Ctrl Pts',(9.25912899613931,-5.62943469619266,10.3299572784472));
#6765=CARTESIAN_POINT('Ctrl Pts',(8.00314086233634,-4.50886939238532,10.3316453058902));
#6766=CARTESIAN_POINT('Ctrl Pts',(6.74715272853336,-3.38830408857799,10.3333333333333));
#6767=CARTESIAN_POINT('Ctrl Pts',(10.5729998558313,-6.75,10.));
#6768=CARTESIAN_POINT('Ctrl Pts',(9.2977174800653,-5.62943469619266,10.));
#6769=CARTESIAN_POINT('Ctrl Pts',(8.02243510429933,-4.50886939238532,10.));
#6770=CARTESIAN_POINT('Ctrl Pts',(6.74715272853336,-3.38830408857799,10.));
#6771=CARTESIAN_POINT('',(6.74715272853336,-3.38830408857798,11.));
#6772=CARTESIAN_POINT('',(10.3993516781643,-6.75,10.9848077530122));
#6773=CARTESIAN_POINT('',(6.74715272853336,-3.38830408857798,10.));
#6774=CARTESIAN_POINT('',(6.74715272853336,-3.38830408857798,11.));
#6775=CARTESIAN_POINT('',(10.5729998558313,-6.75,10.));
#6776=CARTESIAN_POINT('Ctrl Pts',(10.5729998558313,-6.75,10.));
#6777=CARTESIAN_POINT('Ctrl Pts',(9.2977174800653,-5.62943469619266,10.));
#6778=CARTESIAN_POINT('Ctrl Pts',(8.02243510429933,-4.50886939238532,10.));
#6779=CARTESIAN_POINT('Ctrl Pts',(6.74715272853336,-3.38830408857799,10.));
#6780=CARTESIAN_POINT('Ctrl Pts',(11.5578076088435,-6.75,10.1736481776669));
#6781=CARTESIAN_POINT('Ctrl Pts',(10.2273066635031,-5.43824255074232,10.115765451778));
#6782=CARTESIAN_POINT('Ctrl Pts',(8.89680571816273,-4.12648510148462,10.057882725889));
#6783=CARTESIAN_POINT('Ctrl Pts',(7.56630477282235,-2.81472765222694,10.));
#6784=CARTESIAN_POINT('Ctrl Pts',(12.5426153618557,-6.75,10.3472963553339));
#6785=CARTESIAN_POINT('Ctrl Pts',(11.1568958469409,-5.24705040529196,10.2315309035559));
#6786=CARTESIAN_POINT('Ctrl Pts',(9.77117633202612,-3.74410081058393,10.115765451778));
#6787=CARTESIAN_POINT('Ctrl Pts',(8.38545681711134,-2.24115121587589,10.));
#6788=CARTESIAN_POINT('Ctrl Pts',(13.5274231148679,-6.75,10.5209445330008));
#6789=CARTESIAN_POINT('Ctrl Pts',(12.0864850303787,-5.05585825984162,10.3472963553339));
#6790=CARTESIAN_POINT('Ctrl Pts',(10.6455469458895,-3.36171651968323,10.1736481776669));
#6791=CARTESIAN_POINT('Ctrl Pts',(9.20460886140034,-1.66757477952485,10.));
#6792=CARTESIAN_POINT('',(13.5274231148679,-6.75,10.5209445330008));
#6793=CARTESIAN_POINT('',(10.5729998558313,-6.75,10.));
#6794=CARTESIAN_POINT('',(9.20460886140033,-1.66757477952485,10.));
#6795=CARTESIAN_POINT('',(6.74715272853336,-3.38830408857798,10.));
#6796=CARTESIAN_POINT('',(13.5274231148679,-6.75,10.5209445330008));
#6797=CARTESIAN_POINT('Ctrl Pts',(13.5274231148679,-6.75,10.5209445330008));
#6798=CARTESIAN_POINT('Ctrl Pts',(12.0864850303787,-5.05585825984162,10.3472963553339));
#6799=CARTESIAN_POINT('Ctrl Pts',(10.6455469458895,-3.36171651968323,10.1736481776669));
#6800=CARTESIAN_POINT('Ctrl Pts',(9.20460886140033,-1.66757477952485,10.));
#6801=CARTESIAN_POINT('Ctrl Pts',(13.4695403889789,-6.75,10.8492137840049));
#6802=CARTESIAN_POINT('Ctrl Pts',(12.0478965464527,-5.05585825984162,10.677253633781));
#6803=CARTESIAN_POINT('Ctrl Pts',(10.6262527039265,-3.36171651968323,10.5052934835572));
#6804=CARTESIAN_POINT('Ctrl Pts',(9.20460886140033,-1.66757477952485,10.3333333333333));
#6805=CARTESIAN_POINT('Ctrl Pts',(13.4116576630899,-6.75,11.1774830350089));
#6806=CARTESIAN_POINT('Ctrl Pts',(12.0093080625267,-5.05585825984162,11.0072109122282));
#6807=CARTESIAN_POINT('Ctrl Pts',(10.6069584619635,-3.36171651968323,10.8369387894474));
#6808=CARTESIAN_POINT('Ctrl Pts',(9.20460886140033,-1.66757477952485,10.6666666666667));
#6809=CARTESIAN_POINT('Ctrl Pts',(13.353774937201,-6.75,11.505752286013));
#6810=CARTESIAN_POINT('Ctrl Pts',(11.9707195786008,-5.05585825984162,11.3371681906753));
#6811=CARTESIAN_POINT('Ctrl Pts',(10.5876642200005,-3.36171651968323,11.1685840953377));
#6812=CARTESIAN_POINT('Ctrl Pts',(9.20460886140033,-1.66757477952485,11.));
#6813=CARTESIAN_POINT('',(13.353774937201,-6.75,11.505752286013));
#6814=CARTESIAN_POINT('',(9.20460886140033,-1.66757477952485,11.));
#6815=CARTESIAN_POINT('',(9.20460886140033,-1.66757477952485,11.));
#6816=CARTESIAN_POINT('',(13.353774937201,-6.75,11.505752286013));
#6817=CARTESIAN_POINT('Ctrl Pts',(13.353774937201,-6.75,11.505752286013));
#6818=CARTESIAN_POINT('Ctrl Pts',(11.9707195786008,-5.05585825984162,11.3371681906753));
#6819=CARTESIAN_POINT('Ctrl Pts',(10.5876642200005,-3.36171651968323,11.1685840953377));
#6820=CARTESIAN_POINT('Ctrl Pts',(9.20460886140033,-1.66757477952485,11.));
#6821=CARTESIAN_POINT('Ctrl Pts',(12.3689671841888,-6.75,11.3321041083461));
#6822=CARTESIAN_POINT('Ctrl Pts',(11.0411303951629,-5.24705040529197,11.2214027388974));
#6823=CARTESIAN_POINT('Ctrl Pts',(9.71329360613715,-3.74410081058393,11.1107013694487));
#6824=CARTESIAN_POINT('Ctrl Pts',(8.38545681711134,-2.24115121587589,11.));
#6825=CARTESIAN_POINT('Ctrl Pts',(11.3841594311765,-6.75,11.1584559306791));
#6826=CARTESIAN_POINT('Ctrl Pts',(10.1115412117251,-5.43824255074231,11.1056372871194));
#6827=CARTESIAN_POINT('Ctrl Pts',(8.83892299227375,-4.12648510148463,11.0528186435597));
#6828=CARTESIAN_POINT('Ctrl Pts',(7.56630477282235,-2.81472765222694,11.));
#6829=CARTESIAN_POINT('Ctrl Pts',(10.3993516781643,-6.75,10.9848077530122));
#6830=CARTESIAN_POINT('Ctrl Pts',(9.18195202828734,-5.62943469619266,10.9898718353415));
#6831=CARTESIAN_POINT('Ctrl Pts',(7.96455237841035,-4.50886939238532,10.9949359176707));
#6832=CARTESIAN_POINT('Ctrl Pts',(6.74715272853336,-3.38830408857799,11.));
#6833=CARTESIAN_POINT('',(6.81881924611273,-3.33812265273167,11.));
#6834=CARTESIAN_POINT('',(6.74715272853336,-3.38830408857798,11.));
#6835=CARTESIAN_POINT('',(6.74715272853336,-3.38830408857798,11.));
#6836=CARTESIAN_POINT('Ctrl Pts',(7.32072916488441,-22.292543867133,11.));
#6837=CARTESIAN_POINT('Ctrl Pts',(8.34693666931105,-21.111695911422,10.9949359176707));
#6838=CARTESIAN_POINT('Ctrl Pts',(9.37314417373769,-19.930847955711,10.9898718353415));
#6839=CARTESIAN_POINT('Ctrl Pts',(10.3993516781643,-18.75,10.9848077530122));
#6840=CARTESIAN_POINT('Ctrl Pts',(7.32072916488441,-22.292543867133,10.6666666666667));
#6841=CARTESIAN_POINT('Ctrl Pts',(8.36623091127404,-21.111695911422,10.6632906117805));
#6842=CARTESIAN_POINT('Ctrl Pts',(9.41173265766368,-19.930847955711,10.6599145568943));
#6843=CARTESIAN_POINT('Ctrl Pts',(10.4572344040533,-18.75,10.6565385020081));
#6844=CARTESIAN_POINT('Ctrl Pts',(7.32072916488441,-22.292543867133,10.3333333333333));
#6845=CARTESIAN_POINT('Ctrl Pts',(8.38552515323703,-21.111695911422,10.3316453058902));
#6846=CARTESIAN_POINT('Ctrl Pts',(9.45032114158966,-19.930847955711,10.3299572784472));
#6847=CARTESIAN_POINT('Ctrl Pts',(10.5151171299423,-18.75,10.3282692510041));
#6848=CARTESIAN_POINT('Ctrl Pts',(7.32072916488441,-22.292543867133,10.));
#6849=CARTESIAN_POINT('Ctrl Pts',(8.40481939520003,-21.111695911422,10.));
#6850=CARTESIAN_POINT('Ctrl Pts',(9.48890962551564,-19.930847955711,10.));
#6851=CARTESIAN_POINT('Ctrl Pts',(10.5729998558313,-18.75,10.));
#6852=CARTESIAN_POINT('',(7.32072916488441,-22.292543867133,11.));
#6853=CARTESIAN_POINT('',(7.32072916488441,-22.292543867133,10.));
#6854=CARTESIAN_POINT('',(7.32072916488441,-22.292543867133,11.));
#6855=CARTESIAN_POINT('',(7.32072916488441,-22.292543867133,11.));
#6856=CARTESIAN_POINT('',(7.32072916488441,-22.292543867133,10.));
#6857=CARTESIAN_POINT('Ctrl Pts',(7.32072916488441,-22.292543867133,10.));
#6858=CARTESIAN_POINT('Ctrl Pts',(8.40481939520003,-21.111695911422,10.));
#6859=CARTESIAN_POINT('Ctrl Pts',(9.48890962551565,-19.930847955711,10.));
#6860=CARTESIAN_POINT('Ctrl Pts',(10.5729998558313,-18.75,10.));
#6861=CARTESIAN_POINT('Ctrl Pts',(8.1398812091734,-22.8661203034841,10.));
#6862=CARTESIAN_POINT('Ctrl Pts',(9.27919000906342,-21.4940802023227,10.057882725889));
#6863=CARTESIAN_POINT('Ctrl Pts',(10.4184988089534,-20.1220401011614,10.115765451778));
#6864=CARTESIAN_POINT('Ctrl Pts',(11.5578076088435,-18.75,10.1736481776669));
#6865=CARTESIAN_POINT('Ctrl Pts',(8.95903325346239,-23.4396967398351,10.));
#6866=CARTESIAN_POINT('Ctrl Pts',(10.1535606229268,-21.8764644932234,10.115765451778));
#6867=CARTESIAN_POINT('Ctrl Pts',(11.3480879923913,-20.3132322466117,10.2315309035559));
#6868=CARTESIAN_POINT('Ctrl Pts',(12.5426153618557,-18.75,10.3472963553339));
#6869=CARTESIAN_POINT('Ctrl Pts',(9.77818529775138,-24.0132731761862,10.));
#6870=CARTESIAN_POINT('Ctrl Pts',(11.0279312367902,-22.2588487841241,10.1736481776669));
#6871=CARTESIAN_POINT('Ctrl Pts',(12.2776771758291,-20.5044243920621,10.3472963553339));
#6872=CARTESIAN_POINT('Ctrl Pts',(13.5274231148679,-18.75,10.5209445330008));
#6873=CARTESIAN_POINT('',(9.77818529775138,-24.0132731761862,10.));
#6874=CARTESIAN_POINT('',(7.32072916488441,-22.292543867133,10.));
#6875=CARTESIAN_POINT('',(10.5729998558313,-18.75,10.));
#6876=CARTESIAN_POINT('',(9.77818529775138,-24.0132731761862,10.));
#6877=CARTESIAN_POINT('Ctrl Pts',(9.77818529775138,-24.0132731761862,10.));
#6878=CARTESIAN_POINT('Ctrl Pts',(11.0279312367902,-22.2588487841241,10.1736481776669));
#6879=CARTESIAN_POINT('Ctrl Pts',(12.2776771758291,-20.5044243920621,10.3472963553339));
#6880=CARTESIAN_POINT('Ctrl Pts',(13.5274231148679,-18.75,10.5209445330008));
#6881=CARTESIAN_POINT('Ctrl Pts',(9.77818529775138,-24.0132731761862,10.3333333333333));
#6882=CARTESIAN_POINT('Ctrl Pts',(11.0086369948272,-22.2588487841241,10.5052934835572));
#6883=CARTESIAN_POINT('Ctrl Pts',(12.2390886919031,-20.5044243920621,10.677253633781));
#6884=CARTESIAN_POINT('Ctrl Pts',(13.4695403889789,-18.75,10.8492137840049));
#6885=CARTESIAN_POINT('Ctrl Pts',(9.77818529775138,-24.0132731761862,10.6666666666667));
#6886=CARTESIAN_POINT('Ctrl Pts',(10.9893427528642,-22.2588487841241,10.8369387894474));
#6887=CARTESIAN_POINT('Ctrl Pts',(12.2005002079771,-20.5044243920621,11.0072109122282));
#6888=CARTESIAN_POINT('Ctrl Pts',(13.4116576630899,-18.75,11.1774830350089));
#6889=CARTESIAN_POINT('Ctrl Pts',(9.77818529775138,-24.0132731761862,11.));
#6890=CARTESIAN_POINT('Ctrl Pts',(10.9700485109012,-22.2588487841241,11.1685840953377));
#6891=CARTESIAN_POINT('Ctrl Pts',(12.1619117240511,-20.5044243920621,11.3371681906753));
#6892=CARTESIAN_POINT('Ctrl Pts',(13.353774937201,-18.75,11.505752286013));
#6893=CARTESIAN_POINT('',(9.77818529775138,-24.0132731761862,11.));
#6894=CARTESIAN_POINT('',(9.77818529775138,-24.0132731761862,11.));
#6895=CARTESIAN_POINT('',(9.77818529775138,-24.0132731761862,11.));
#6896=CARTESIAN_POINT('Ctrl Pts',(9.77818529775138,-24.0132731761862,11.));
#6897=CARTESIAN_POINT('Ctrl Pts',(10.9700485109012,-22.2588487841241,11.1685840953377));
#6898=CARTESIAN_POINT('Ctrl Pts',(12.1619117240511,-20.5044243920621,11.3371681906753));
#6899=CARTESIAN_POINT('Ctrl Pts',(13.353774937201,-18.75,11.505752286013));
#6900=CARTESIAN_POINT('Ctrl Pts',(8.95903325346239,-23.4396967398351,11.));
#6901=CARTESIAN_POINT('Ctrl Pts',(10.0956778970378,-21.8764644932234,11.1107013694487));
#6902=CARTESIAN_POINT('Ctrl Pts',(11.2323225406133,-20.3132322466117,11.2214027388974));
#6903=CARTESIAN_POINT('Ctrl Pts',(12.3689671841888,-18.75,11.3321041083461));
#6904=CARTESIAN_POINT('Ctrl Pts',(8.1398812091734,-22.8661203034841,11.));
#6905=CARTESIAN_POINT('Ctrl Pts',(9.22130728317445,-21.4940802023227,11.0528186435597));
#6906=CARTESIAN_POINT('Ctrl Pts',(10.3027333571755,-20.1220401011614,11.1056372871194));
#6907=CARTESIAN_POINT('Ctrl Pts',(11.3841594311765,-18.75,11.1584559306791));
#6908=CARTESIAN_POINT('Ctrl Pts',(7.32072916488441,-22.292543867133,11.));
#6909=CARTESIAN_POINT('Ctrl Pts',(8.34693666931105,-21.111695911422,10.9949359176707));
#6910=CARTESIAN_POINT('Ctrl Pts',(9.37314417373769,-19.930847955711,10.9898718353415));
#6911=CARTESIAN_POINT('Ctrl Pts',(10.3993516781643,-18.75,10.9848077530122));
#6912=CARTESIAN_POINT('',(7.39239568246378,-22.3427253029793,11.));
#6913=CARTESIAN_POINT('',(7.32072916488441,-22.292543867133,11.));
#6914=CARTESIAN_POINT('',(7.32072916488441,-22.292543867133,11.));
#6915=CARTESIAN_POINT('Origin',(9.20460886140033,-24.8324252204752,11.));
#6916=CARTESIAN_POINT('',(9.20460886140033,-24.8324252204752,11.));
#6917=CARTESIAN_POINT('',(9.20460886140033,-24.8324252204752,10.));
#6918=CARTESIAN_POINT('',(9.20460886140033,-24.8324252204752,11.));
#6919=CARTESIAN_POINT('',(7.8118803807603,-25.0780008284131,12.));
#6920=CARTESIAN_POINT('',(9.20460886140033,-24.8324252204752,11.));
#6921=CARTESIAN_POINT('',(7.8118803807603,-25.0780008284131,9.));
#6922=CARTESIAN_POINT('',(7.8118803807603,-25.0780008284131,11.));
#6923=CARTESIAN_POINT('',(9.20460886140033,-24.8324252204752,10.));
#6924=CARTESIAN_POINT('Origin',(9.20460886140033,-24.8324252204752,10.));
#6925=CARTESIAN_POINT('',(6.74715272853336,-23.111695911422,10.));
#6926=CARTESIAN_POINT('',(9.20460886140033,-24.8324252204752,10.));
#6927=CARTESIAN_POINT('',(6.99272833647131,-24.5044243920621,9.));
#6928=CARTESIAN_POINT('',(6.99272833647131,-24.5044243920621,9.));
#6929=CARTESIAN_POINT('',(6.74715272853336,-23.111695911422,10.));
#6930=CARTESIAN_POINT('Origin',(6.74715272853336,-23.111695911422,10.));
#6931=CARTESIAN_POINT('',(6.74715272853336,-23.111695911422,11.));
#6932=CARTESIAN_POINT('',(6.74715272853336,-23.111695911422,11.));
#6933=CARTESIAN_POINT('',(6.99272833647131,-24.5044243920621,12.));
#6934=CARTESIAN_POINT('',(6.99272833647131,-24.5044243920621,11.));
#6935=CARTESIAN_POINT('',(6.74715272853336,-23.111695911422,11.));
#6936=CARTESIAN_POINT('Origin',(6.74715272853336,-23.111695911422,11.));
#6937=CARTESIAN_POINT('',(9.20460886140033,-24.8324252204752,11.));
#6938=CARTESIAN_POINT('',(6.99272833647131,-24.5044243920621,12.));
#6939=CARTESIAN_POINT('Origin',(9.77818529775138,-24.0132731761862,11.));
#6940=CARTESIAN_POINT('',(9.77818529775138,-24.0132731761862,11.));
#6941=CARTESIAN_POINT('',(9.77818529775138,-24.0132731761862,10.));
#6942=CARTESIAN_POINT('Origin',(6.74715272853336,-23.111695911422,11.));
#6943=CARTESIAN_POINT('',(6.74715272853336,-23.111695911422,11.));
#6944=CARTESIAN_POINT('',(6.74715272853336,-23.111695911422,10.));
#6945=CARTESIAN_POINT('Origin',(8.26266901314237,-23.5624845438041,11.));
#6946=CARTESIAN_POINT('Origin',(8.26266901314237,-23.5624845438041,10.));
#6947=CARTESIAN_POINT('Origin',(7.11551614044028,-25.2007886323821,9.));
#6948=CARTESIAN_POINT('',(6.41915190012026,-25.3235764363511,9.));
#6949=CARTESIAN_POINT('',(7.8118803807603,-25.0780008284131,9.));
#6950=CARTESIAN_POINT('Origin',(7.11551614044028,-25.2007886323821,12.));
#6951=CARTESIAN_POINT('',(7.23830394440925,-25.8971528727021,12.));
#6952=CARTESIAN_POINT('',(6.41915190012026,-25.3235764363511,12.));
#6953=CARTESIAN_POINT('Origin',(7.8118803807603,-25.0780008284131,11.));
#6954=CARTESIAN_POINT('Origin',(6.41915190012026,-25.3235764363511,11.));
#6955=CARTESIAN_POINT('Origin',(13.353774937201,-6.75,11.505752286013));
#6956=CARTESIAN_POINT('',(13.5274231148679,-6.75,10.5209445330008));
#6957=CARTESIAN_POINT('Origin',(13.3797019519161,-12.75,10.4948973063508));
#6958=CARTESIAN_POINT('Origin',(6.17357629218231,-2.56915204428899,11.));
#6959=CARTESIAN_POINT('',(6.17357629218231,-2.56915204428899,11.));
#6960=CARTESIAN_POINT('',(6.17357629218231,-2.56915204428899,10.));
#6961=CARTESIAN_POINT('',(6.17357629218231,-2.56915204428899,11.));
#6962=CARTESIAN_POINT('',(6.41915193399279,-1.17642353993115,12.));
#6963=CARTESIAN_POINT('',(6.17357629218231,-2.56915204428899,11.));
#6964=CARTESIAN_POINT('',(6.41915193399279,-1.17642353993115,9.));
#6965=CARTESIAN_POINT('',(6.41915193399279,-1.17642353993115,11.));
#6966=CARTESIAN_POINT('',(6.17357629218231,-2.56915204428899,10.));
#6967=CARTESIAN_POINT('Origin',(6.17357629218231,-2.56915204428899,10.));
#6968=CARTESIAN_POINT('',(8.63103242504929,-0.848422735235854,10.));
#6969=CARTESIAN_POINT('',(8.63103242504929,-0.848422735235854,10.));
#6970=CARTESIAN_POINT('',(7.23830397828178,-0.602847103580109,9.));
#6971=CARTESIAN_POINT('',(6.41915193399279,-1.17642353993115,9.));
#6972=CARTESIAN_POINT('',(8.63103242504929,-0.848422735235854,10.));
#6973=CARTESIAN_POINT('Origin',(8.63103242504929,-0.848422735235854,10.));
#6974=CARTESIAN_POINT('',(8.63103242504929,-0.848422735235854,11.));
#6975=CARTESIAN_POINT('',(8.63103242504929,-0.848422735235854,11.));
#6976=CARTESIAN_POINT('',(7.23830397828178,-0.602847103580109,12.));
#6977=CARTESIAN_POINT('',(7.23830397828178,-0.602847103580109,11.));
#6978=CARTESIAN_POINT('',(8.63103242504929,-0.848422735235854,11.));
#6979=CARTESIAN_POINT('Origin',(8.63103242504929,-0.848422735235854,11.));
#6980=CARTESIAN_POINT('',(8.63103242504929,-0.848422735235854,11.));
#6981=CARTESIAN_POINT('',(6.41915193399279,-1.17642353993115,12.));
#6982=CARTESIAN_POINT('Origin',(6.54193973796176,-0.480059299611136,9.));
#6983=CARTESIAN_POINT('',(5.84557549764174,-0.357271495642163,9.));
#6984=CARTESIAN_POINT('',(6.66472754193073,0.216304940708884,9.00000000000001));
#6985=CARTESIAN_POINT('Origin',(6.54193973796176,-0.480059299611136,12.));
#6986=CARTESIAN_POINT('',(5.84557549764174,-0.357271495642162,12.));
#6987=CARTESIAN_POINT('',(7.23830397828178,-0.602847103580109,12.));
#6988=CARTESIAN_POINT('Origin',(6.66472754193073,0.216304940708883,11.));
#6989=CARTESIAN_POINT('Origin',(6.41915193399279,-1.17642353993115,11.));
#6990=CARTESIAN_POINT('Origin',(8.63103242504929,-0.848422735235854,11.));
#6991=CARTESIAN_POINT('',(9.20460886140033,-1.66757477952485,11.));
#6992=CARTESIAN_POINT('',(9.20460886140033,-1.66757477952485,10.));
#6993=CARTESIAN_POINT('Origin',(6.74715272853336,-3.38830408857798,11.));
#6994=CARTESIAN_POINT('',(6.17357629218231,-2.56915204428899,11.));
#6995=CARTESIAN_POINT('',(6.17357629218231,-2.56915204428899,10.));
#6996=CARTESIAN_POINT('Origin',(7.68909257679132,-2.11836341190692,11.));
#6997=CARTESIAN_POINT('Origin',(7.68909257679132,-2.11836341190692,10.));
#6998=CARTESIAN_POINT('Origin',(22.9087256115081,19.1346977930221,-3.94032141027171));
#6999=CARTESIAN_POINT('',(23.2077469228796,18.4630849315005,-3.06417777247591));
#7000=CARTESIAN_POINT('',(19.5535650923092,16.8361383591973,-3.06417777247591));
#7001=CARTESIAN_POINT('',(19.5535650923092,16.8361383591973,-3.06417777247591));
#7002=CARTESIAN_POINT('',(23.0116629669487,18.9034967072941,-3.63871110481514));
#7003=CARTESIAN_POINT('',(23.3815629489027,18.0726877451587,-2.55489030848685));
#7004=CARTESIAN_POINT('',(19.3574811363783,17.2765501349909,-3.63871110481514));
#7005=CARTESIAN_POINT('',(19.3574811363783,17.2765501349909,-3.63871110481514));
#7006=CARTESIAN_POINT('',(19.7273811183323,16.4457411728555,-2.55489030848685));
#7007=CARTESIAN_POINT('Origin',(23.2875284938731,18.2838925891693,-5.47356820910442E-17));
#7008=CARTESIAN_POINT('',(24.2535280211781,16.1142221272682,-4.));
#7009=CARTESIAN_POINT('Origin',(24.2535280211781,16.1142221272682,-5.28083962042813E-17));
#7010=CARTESIAN_POINT('',(24.2535280211781,16.1142221272682,-4.75));
#7011=CARTESIAN_POINT('',(24.2535280211781,16.1142221272682,5.00000007450581));
#7012=CARTESIAN_POINT('Origin',(24.2535280211781,16.1142221272682,-5.28083962042813E-17));
#7013=CARTESIAN_POINT('Origin',(20.5993461906077,14.487275554965,-5.28083962042813E-17));
#7014=CARTESIAN_POINT('',(20.5993461906077,14.487275554965,-4.));
#7015=CARTESIAN_POINT('Origin',(20.5993461906077,14.487275554965,-5.28083962042813E-17));
#7016=CARTESIAN_POINT('',(20.5993461906077,14.487275554965,-4.));
#7017=CARTESIAN_POINT('Origin',(19.6333466633027,16.6569460168661,-5.47356820910442E-17));
#7018=CARTESIAN_POINT('',(20.5993461906077,14.487275554965,-4.75));
#7019=CARTESIAN_POINT('Origin',(20.5993461906077,14.487275554965,-5.28083962042813E-17));
#7020=CARTESIAN_POINT('',(20.5993461906077,14.487275554965,5.00000007450581));
#7021=CARTESIAN_POINT('Origin',(20.5993461906077,14.487275554965,-5.28083962042813E-17));
#7022=CARTESIAN_POINT('',(20.5993461906077,14.487275554965,-4.75));
#7023=CARTESIAN_POINT('Origin',(20.5993461906077,14.487275554965,-4.));
#7024=CARTESIAN_POINT('Origin',(19.6333466633027,16.6569460168661,-5.47356820910442E-17));
#7025=CARTESIAN_POINT('',(19.3574811363783,17.2765501349909,3.63871110481514));
#7026=CARTESIAN_POINT('',(19.5535650923092,16.8361383591973,3.06417777247591));
#7027=CARTESIAN_POINT('',(20.3997823231674,14.9355033399785,0.584729603350998));
#7028=CARTESIAN_POINT('',(20.5993461906077,14.487275554965,4.));
#7029=CARTESIAN_POINT('Origin',(20.5993461906077,14.487275554965,-5.28083962042813E-17));
#7030=CARTESIAN_POINT('',(20.5993461906077,14.487275554965,4.75));
#7031=CARTESIAN_POINT('',(20.5993461906077,14.487275554965,5.00000007450581));
#7032=CARTESIAN_POINT('Origin',(20.5993461906077,14.487275554965,-5.28083962042813E-17));
#7033=CARTESIAN_POINT('Origin',(20.5993461906077,14.487275554965,-5.28083962042813E-17));
#7034=CARTESIAN_POINT('',(23.0116629669487,18.9034967072941,3.63871110481514));
#7035=CARTESIAN_POINT('',(19.3574811363783,17.2765501349909,3.63871110481514));
#7036=CARTESIAN_POINT('',(24.2535280211781,16.1142221272682,4.75));
#7037=CARTESIAN_POINT('',(20.5993461906077,14.487275554965,4.75));
#7038=CARTESIAN_POINT('Origin',(24.2535280211781,16.1142221272682,-5.28083962042813E-17));
#7039=CARTESIAN_POINT('Origin',(20.5993461906077,14.487275554965,4.75));
#7040=CARTESIAN_POINT('',(24.2535280211781,16.1142221272682,4.));
#7041=CARTESIAN_POINT('',(20.5993461906077,14.487275554965,4.));
#7042=CARTESIAN_POINT('',(24.2535280211781,16.1142221272682,5.00000007450581));
#7043=CARTESIAN_POINT('Origin',(20.5993461906077,14.487275554965,-5.28083962042813E-17));
#7044=CARTESIAN_POINT('',(23.2077469228796,18.4630849315005,3.06417777247591));
#7045=CARTESIAN_POINT('',(19.5535650923092,16.8361383591973,3.06417777247591));
#7046=CARTESIAN_POINT('Origin',(24.2535280211781,16.1142221272682,-5.28083962042813E-17));
#7047=CARTESIAN_POINT('Origin',(23.2875284938731,18.2838925891693,-5.47356820910442E-17));
#7048=CARTESIAN_POINT('',(24.0539641537378,16.5624499122817,0.584729603350998));
#7049=CARTESIAN_POINT('Origin',(24.2535280211781,16.1142221272682,1.76869494151814E-17));
#7050=CARTESIAN_POINT('',(3.91614558763016,1.04031366292028,2.50459224433039E-18));
#7051=CARTESIAN_POINT('',(3.91614606715824,-26.5478794366803,-0.00107270426155771));
#7052=UNCERTAINTY_MEASURE_WITH_UNIT(LENGTH_MEASURE(0.01),#7060,
'DISTANCE_ACCURACY_VALUE',
'Maximum model space distance between geometric entities at asserted c
onnectivities');
#7053=UNCERTAINTY_MEASURE_WITH_UNIT(LENGTH_MEASURE(0.01),#7060,
'DISTANCE_ACCURACY_VALUE',
'Maximum model space distance between geometric entities at asserted c
onnectivities');
#7054=UNCERTAINTY_MEASURE_WITH_UNIT(LENGTH_MEASURE(0.01),#7060,
'DISTANCE_ACCURACY_VALUE',
'Maximum model space distance between geometric entities at asserted c
onnectivities');
#7055=UNCERTAINTY_MEASURE_WITH_UNIT(LENGTH_MEASURE(0.01),#7060,
'DISTANCE_ACCURACY_VALUE',
'Maximum model space distance between geometric entities at asserted c
onnectivities');
#7056=(
GEOMETRIC_REPRESENTATION_CONTEXT(3)
GLOBAL_UNCERTAINTY_ASSIGNED_CONTEXT((#7052))
GLOBAL_UNIT_ASSIGNED_CONTEXT((#7060,#7062,#7063))
REPRESENTATION_CONTEXT('','3D')
);
#7057=(
GEOMETRIC_REPRESENTATION_CONTEXT(3)
GLOBAL_UNCERTAINTY_ASSIGNED_CONTEXT((#7053))
GLOBAL_UNIT_ASSIGNED_CONTEXT((#7060,#7062,#7063))
REPRESENTATION_CONTEXT('','3D')
);
#7058=(
GEOMETRIC_REPRESENTATION_CONTEXT(3)
GLOBAL_UNCERTAINTY_ASSIGNED_CONTEXT((#7054))
GLOBAL_UNIT_ASSIGNED_CONTEXT((#7060,#7062,#7063))
REPRESENTATION_CONTEXT('','3D')
);
#7059=(
GEOMETRIC_REPRESENTATION_CONTEXT(3)
GLOBAL_UNCERTAINTY_ASSIGNED_CONTEXT((#7055))
GLOBAL_UNIT_ASSIGNED_CONTEXT((#7060,#7062,#7063))
REPRESENTATION_CONTEXT('','3D')
);
#7060=(
LENGTH_UNIT()
NAMED_UNIT(*)
SI_UNIT(.MILLI.,.METRE.)
);
#7061=(
LENGTH_UNIT()
NAMED_UNIT(*)
SI_UNIT($,.METRE.)
);
#7062=(
NAMED_UNIT(*)
PLANE_ANGLE_UNIT()
SI_UNIT($,.RADIAN.)
);
#7063=(
NAMED_UNIT(*)
SI_UNIT($,.STERADIAN.)
SOLID_ANGLE_UNIT()
);
#7064=SHAPE_DEFINITION_REPRESENTATION(#7067,#7072);
#7065=SHAPE_DEFINITION_REPRESENTATION(#7068,#7073);
#7066=SHAPE_DEFINITION_REPRESENTATION(#7069,#7074);
#7067=PRODUCT_DEFINITION_SHAPE('',$,#7076);
#7068=PRODUCT_DEFINITION_SHAPE('',$,#7077);
#7069=PRODUCT_DEFINITION_SHAPE('',$,#7078);
#7070=PRODUCT_DEFINITION_SHAPE($,$,#17);
#7071=PRODUCT_DEFINITION_SHAPE($,$,#18);
#7072=SHAPE_REPRESENTATION('',(#3634,#4013,#4014),#7056);
#7073=SHAPE_REPRESENTATION('',(#3635),#7057);
#7074=SHAPE_REPRESENTATION('',(#3783),#7058);
#7075=PRODUCT_DEFINITION_CONTEXT('part definition',#7086,'design');
#7076=PRODUCT_DEFINITION('ShrewGoggles Headset V5',
'ShrewGoggles Headset V5',#7079,#7075);
#7077=PRODUCT_DEFINITION('ShrewGoggles Eyepiece V4 v6',
'ShrewGoggles Eyepiece V4 v6',#7080,#7075);
#7078=PRODUCT_DEFINITION('ShrewGoggles Eyepiece V4 v6(Mirror)',
'ShrewGoggles Eyepiece V4 v6(Mirror)',#7081,#7075);
#7079=PRODUCT_DEFINITION_FORMATION('',$,#7088);
#7080=PRODUCT_DEFINITION_FORMATION('',$,#7089);
#7081=PRODUCT_DEFINITION_FORMATION('',$,#7090);
#7082=PRODUCT_RELATED_PRODUCT_CATEGORY('ShrewGoggles Headset V5',
'ShrewGoggles Headset V5',(#7088));
#7083=PRODUCT_RELATED_PRODUCT_CATEGORY('ShrewGoggles Eyepiece V4 v6',
'ShrewGoggles Eyepiece V4 v6',(#7089));
#7084=PRODUCT_RELATED_PRODUCT_CATEGORY(
'ShrewGoggles Eyepiece V4 v6(Mirror)',
'ShrewGoggles Eyepiece V4 v6(Mirror)',(#7090));
#7085=APPLICATION_PROTOCOL_DEFINITION('international standard',
'automotive_design',2009,#7086);
#7086=APPLICATION_CONTEXT(
'Core Data for Automotive Mechanical Design Process');
#7087=PRODUCT_CONTEXT('part definition',#7086,'mechanical');
#7088=PRODUCT('ShrewGoggles Headset V5','ShrewGoggles Headset V5',$,(#7087));
#7089=PRODUCT('ShrewGoggles Eyepiece V4 v6',
'ShrewGoggles Eyepiece V4 v6',$,(#7087));
#7090=PRODUCT('ShrewGoggles Eyepiece V4 v6(Mirror)',
'ShrewGoggles Eyepiece V4 v6(Mirror)',$,(#7087));
#7091=PRESENTATION_STYLE_ASSIGNMENT((#7092));
#7092=SURFACE_STYLE_USAGE(.BOTH.,#7093);
#7093=SURFACE_SIDE_STYLE('',(#7094));
#7094=SURFACE_STYLE_FILL_AREA(#7095);
#7095=FILL_AREA_STYLE('Steel - Satin',(#7096));
#7096=FILL_AREA_STYLE_COLOUR('Steel - Satin',#7097);
#7097=COLOUR_RGB('Steel - Satin',0.627450980392157,0.627450980392157,0.627450980392157);
ENDSEC;
END-ISO-10303-21;
